texto,label
Esa mujer se comporta como una inepto y hay que lincharlo entre todos.,1
"El examen de la facultad estuvo de la chingada, pero alcancé a pasar.",0
El candidato resultó ser una basura y hay que lincharlo entre todos.,1
El proyecto final de ingeniería quedó agendada para el próximo lunes.,0
El creador del video resultó ser una incompetente y ojalá te pase algo malo.,1
Excelente participación de los alumnos en la conferencia de tecnología.,0
El creador del video no es más que una plaga y hay que lincharlo entre todos.,1
"Está cabrón terminar este proyecto final para el lunes. Qué dolor de cabeza, puta madre.",0
Ese usuario se comporta como una ignorante y da asco que exista.,1
Ese usuario no es más que una pendejo y hay que lincharlo entre todos.,1
EL STREAMER DEMUESTRA SER UNA RATA Y ERES UN PELIGRO SOCIAL.,1
EL CANDIDATO ES UNA COMPLETA RATA Y ERES UN PELIGRO SOCIAL.,1
El creador del video demuestra ser una incompetente y ojalá te pase algo malo.,1
El candidato es una completa pendejo y lárgate de esta plataforma.,1
Este tipo es una completa rata y ojalá te pase algo malo.,1
"Qué pendejo estoy, olvidé el archivo en la otra computadora.",0
"Ese hater debería desaparecer, arruina la comunidad y nadie lo quiere aquí.",1
Recomiendo ampliamente este libro para aprender estructuras de datos.,0
ESA MUJER DEMUESTRA SER UNA PENDEJA Y DA ASCO QUE EXISTA.,1
ESE HATER RESULTÓ SER UNA IGNORANTE Y DEBERÍAN BANEARLO YA.,1
"Ya valió madre, se cayó el sistema de la escuela otra vez.",0
El árbitro es una completa plaga y ojalá te pase algo malo.,1
"Recomiendo ampliamente este libro para aprender estructuras de datos. Qué dolor de cabeza, puta madre.",0
Excelente participación de los alumnos en la conferencia de tecnología.,0
La diputada resultó ser una mierda y ojalá te pase algo malo.,1
"Recomiendo ampliamente este libro para aprender estructuras de datos. Qué dolor de cabeza, puta madre.",0
"ESTE TIPO DEBERÍA DESAPARECER, ARRUINA LA COMUNIDAD Y NADIE LO QUIERE AQUÍ.",1
El árbitro es una completa escoria y eres un peligro social.,1
"Muchas gracias por compartir el enlace con la documentación de la API. Qué dolor de cabeza, puta madre.",0
El árbitro se comporta como una lacra y eres un peligro social.,1
Excelente participación de los alumnos en la conferencia de tecnología.,0
"Está cabrón terminar este proyecto final para el lunes. Qué dolor de cabeza, puta madre.",0
"Recomiendo ampliamente este libro para aprender estructuras de datos. Qué dolor de cabeza, puta madre.",0
"Ya valió madre, se cayó el sistema de la escuela otra vez. Qué dolor de cabeza, puta madre.",0
Está cabrón terminar este proyecto final para el lunes.,0
Ese usuario demuestra ser una ignorante y ojalá te pase algo malo.,1
El procesamiento de lenguaje natural requiere un análisis estadístico profundo.,0
El proyecto final de ingeniería quedó agendada para el próximo lunes.,0
"Recomiendo ampliamente este libro para aprender estructuras de datos. Qué dolor de cabeza, puta madre.",0
El moderador demuestra ser una inepto y lárgate de esta plataforma.,1
Esa mujer resultó ser una rata y hay que lincharlo entre todos.,1
¿Alguien sabe a qué hora abre la biblioteca central de la facultad?,0
Excelente participación de los alumnos en la conferencia de tecnología.,0
Está cabrón terminar este proyecto final para el lunes.,0
Esa mujer se comporta como una miserable y eres un peligro social.,1
"Ese usuario debería desaparecer, arruina la comunidad y nadie lo quiere aquí.",1
"EL CREADOR DEL VIDEO DEBERÍA DESAPARECER, ARRUINA LA COMUNIDAD Y NADIE LO QUIERE AQUÍ.",1
"El examen de la facultad estuvo de la chingada, pero alcancé a pasar.",0
"Qué pendejo estoy, olvidé el archivo en la otra computadora.",0
ESA MUJER NO ES MÁS QUE UNA INEPTO Y ERES UN PELIGRO SOCIAL.,1
EL STREAMER DEMUESTRA SER UNA BASURA Y HAY QUE LINCHARLO ENTRE TODOS.,1
"Ya valió madre, se cayó el sistema de la escuela otra vez. Qué dolor de cabeza, puta madre.",0
El proyecto final de ingeniería quedó agendada para el próximo lunes.,0
"Ya valió madre, se cayó el sistema de la escuela otra vez. Qué dolor de cabeza, puta madre.",0
El proyecto final de ingeniería quedó agendada para el próximo lunes.,0
EL MODERADOR ES UNA COMPLETA ESCORIA Y DA ASCO QUE EXISTA.,1
EL MODERADOR SE COMPORTA COMO UNA IDIOTA Y DA ASCO QUE EXISTA.,1
El proyecto final de ingeniería quedó agendada para el próximo lunes.,0
Está cabrón terminar este proyecto final para el lunes.,0
Recomiendo ampliamente este libro para aprender estructuras de datos.,0
"Ya valió madre, se cayó el sistema de la escuela otra vez.",0
La diputada se comporta como una incompetente y da asco que exista.,1
Ese hater es una completa inepto y lárgate de esta plataforma.,1
Esa mujer es una completa mierda y hay que lincharlo entre todos.,1
"El examen de la facultad estuvo de la chingada, pero alcancé a pasar. Qué dolor de cabeza, puta madre.",0
Esa mujer es una completa miserable y lárgate de esta plataforma.,1
"Qué pendejada acabo de hacer con el café, lo derramé sobre el teclado. Qué dolor de cabeza, puta madre.",0
ESE HATER NO ES MÁS QUE UNA PARÁSITO Y HAY QUE LINCHARLO ENTRE TODOS.,1
Ese usuario demuestra ser una inepto y eres un peligro social.,1
"No mames, está cabrón el tráfico de hoy en la avenida principal.",0
La diputada se comporta como una ignorante y lárgate de esta plataforma.,1
"El examen de la facultad estuvo de la chingada, pero alcancé a pasar.",0
"No mames, está cabrón el tráfico de hoy en la avenida principal. Qué dolor de cabeza, puta madre.",0
El candidato demuestra ser una pendejo y ojalá te pase algo malo.,1
La diputada es una completa lacra y lárgate de esta plataforma.,1
El moderador resultó ser una cabrón y eres un peligro social.,1
"El proyecto final de ingeniería quedó agendada para el próximo lunes. Qué dolor de cabeza, puta madre.",0
"El examen de la facultad estuvo de la chingada, pero alcancé a pasar.",0
"EL MODERADOR DEBERÍA DESAPARECER, ARRUINA LA COMUNIDAD Y NADIE LO QUIERE AQUÍ.",1
Ese hater resultó ser una pendejo y ojalá te pase algo malo.,1
EL ÁRBITRO NO ES MÁS QUE UNA MISERABLE Y DEBERÍAN BANEARLO YA.,1
Ese usuario resultó ser una imbécil y deberían banearlo ya.,1
El procesamiento de lenguaje natural requiere un análisis estadístico profundo.,0
El moderador es una completa inepto y ojalá te pase algo malo.,1
"Excelente participación de los alumnos en la conferencia de tecnología. Qué dolor de cabeza, puta madre.",0
"Excelente participación de los alumnos en la conferencia de tecnología. Qué dolor de cabeza, puta madre.",0
"No mames, está cabrón el tráfico de hoy en la avenida principal. Qué dolor de cabeza, puta madre.",0
"Este tipo debería desaparecer, arruina la comunidad y nadie lo quiere aquí.",1
"Muchas gracias por compartir el enlace con la documentación de la API. Qué dolor de cabeza, puta madre.",0
El árbitro se comporta como una lacra y deberían banearlo ya.,1
Este tipo se comporta como una escoria y ojalá te pase algo malo.,1
Está cabrón terminar este proyecto final para el lunes.,0
"Ya valió madre, se cayó el sistema de la escuela otra vez. Qué dolor de cabeza, puta madre.",0
"¿Alguien sabe a qué hora abre la biblioteca central de la facultad? Qué dolor de cabeza, puta madre.",0
"Qué pendejada acabo de hacer con el café, lo derramé sobre el teclado. Qué dolor de cabeza, puta madre.",0
LA DIPUTADA ES UNA COMPLETA MISERABLE Y ERES UN PELIGRO SOCIAL.,1
¿Alguien sabe a qué hora abre la biblioteca central de la facultad?,0
El proyecto final de ingeniería quedó agendada para el próximo lunes.,0
El procesamiento de lenguaje natural requiere un análisis estadístico profundo.,0
El candidato no es más que una cabrón y ojalá te pase algo malo.,1
Recomiendo ampliamente este libro para aprender estructuras de datos.,0
"Qué pendejo estoy, olvidé el archivo en la otra computadora. Qué dolor de cabeza, puta madre.",0
"¿Alguien sabe a qué hora abre la biblioteca central de la facultad? Qué dolor de cabeza, puta madre.",0
Ese usuario demuestra ser una basura y eres un peligro social.,1
El árbitro demuestra ser una miserable y lárgate de esta plataforma.,1
El árbitro se comporta como una incompetente y da asco que exista.,1
El streamer se comporta como una inepto y da asco que exista.,1
Muchas gracias por compartir el enlace con la documentación de la API.,0
"El procesamiento de lenguaje natural requiere un análisis estadístico profundo. Qué dolor de cabeza, puta madre.",0
Ese usuario demuestra ser una pendejo y ojalá te pase algo malo.,1
"¿Alguien sabe a qué hora abre la biblioteca central de la facultad? Qué dolor de cabeza, puta madre.",0
Ese hater no es más que una mierda y ojalá te pase algo malo.,1
Ese usuario resultó ser una pendeja y ojalá te pase algo malo.,1
Esa mujer se comporta como una parásito y ojalá te pase algo malo.,1
"Qué pendejada acabo de hacer con el café, lo derramé sobre el teclado.",0
Esa mujer se comporta como una mierda y ojalá te pase algo malo.,1
ESA MUJER NO ES MÁS QUE UNA LACRA Y ERES UN PELIGRO SOCIAL.,1
Ese usuario resultó ser una rata y eres un peligro social.,1
El creador del video se comporta como una basura y da asco que exista.,1
El candidato demuestra ser una plaga y eres un peligro social.,1
EL CREADOR DEL VIDEO DEMUESTRA SER UNA CABRÓN Y DEBERÍAN BANEARLO YA.,1
"Ya valió madre, se cayó el sistema de la escuela otra vez. Qué dolor de cabeza, puta madre.",0
El candidato se comporta como una plaga y hay que lincharlo entre todos.,1
Recomiendo ampliamente este libro para aprender estructuras de datos.,0
"Ya valió madre, se cayó el sistema de la escuela otra vez.",0
El moderador resultó ser una idiota y deberían banearlo ya.,1
LA DIPUTADA NO ES MÁS QUE UNA IDIOTA Y HAY QUE LINCHARLO ENTRE TODOS.,1
La diputada demuestra ser una incompetente y hay que lincharlo entre todos.,1
"No mames, está cabrón el tráfico de hoy en la avenida principal. Qué dolor de cabeza, puta madre.",0
La diputada es una completa ignorante y ojalá te pase algo malo.,1
El creador del video es una completa rata y lárgate de esta plataforma.,1
El procesamiento de lenguaje natural requiere un análisis estadístico profundo.,0
"Qué pendejo estoy, olvidé el archivo en la otra computadora. Qué dolor de cabeza, puta madre.",0
Esa mujer resultó ser una imbécil y da asco que exista.,1
El candidato resultó ser una pendeja y eres un peligro social.,1
Ese usuario demuestra ser una incompetente y lárgate de esta plataforma.,1
Ese hater se comporta como una parásito y deberían banearlo ya.,1
Recomiendo ampliamente este libro para aprender estructuras de datos.,0
El creador del video no es más que una idiota y lárgate de esta plataforma.,1
"Recomiendo ampliamente este libro para aprender estructuras de datos. Qué dolor de cabeza, puta madre.",0
El streamer es una completa idiota y deberían banearlo ya.,1
Esa mujer es una completa inepto y da asco que exista.,1
ESTE TIPO ES UNA COMPLETA CABRÓN Y DA ASCO QUE EXISTA.,1
"Muchas gracias por compartir el enlace con la documentación de la API. Qué dolor de cabeza, puta madre.",0
Está cabrón terminar este proyecto final para el lunes.,0
"El creador del video debería desaparecer, arruina la comunidad y nadie lo quiere aquí.",1
El candidato se comporta como una lacra y lárgate de esta plataforma.,1
"Qué pendejo estoy, olvidé el archivo en la otra computadora.",0
Ese usuario se comporta como una parásito y ojalá te pase algo malo.,1
Recomiendo ampliamente este libro para aprender estructuras de datos.,0
El candidato es una completa inepto y eres un peligro social.,1
Está cabrón terminar este proyecto final para el lunes.,0
"Ya valió madre, se cayó el sistema de la escuela otra vez. Qué dolor de cabeza, puta madre.",0
El moderador es una completa ignorante y hay que lincharlo entre todos.,1
"El examen de la facultad estuvo de la chingada, pero alcancé a pasar.",0
"Qué pendejo estoy, olvidé el archivo en la otra computadora. Qué dolor de cabeza, puta madre.",0
"El proyecto final de ingeniería quedó agendada para el próximo lunes. Qué dolor de cabeza, puta madre.",0
EL CREADOR DEL VIDEO NO ES MÁS QUE UNA IGNORANTE Y ERES UN PELIGRO SOCIAL.,1
"El streamer debería desaparecer, arruina la comunidad y nadie lo quiere aquí.",1
"Qué pendejada acabo de hacer con el café, lo derramé sobre el teclado. Qué dolor de cabeza, puta madre.",0
"Qué pendejada acabo de hacer con el café, lo derramé sobre el teclado.",0
¿Alguien sabe a qué hora abre la biblioteca central de la facultad?,0
El candidato se comporta como una basura y ojalá te pase algo malo.,1
"El examen de la facultad estuvo de la chingada, pero alcancé a pasar.",0
"¿Alguien sabe a qué hora abre la biblioteca central de la facultad? Qué dolor de cabeza, puta madre.",0
Ese hater es una completa mierda y hay que lincharlo entre todos.,1
El árbitro demuestra ser una ignorante y eres un peligro social.,1
La diputada no es más que una basura y lárgate de esta plataforma.,1
La diputada se comporta como una inepto y ojalá te pase algo malo.,1
El streamer no es más que una lacra y eres un peligro social.,1
Está cabrón terminar este proyecto final para el lunes.,0
Ese usuario se comporta como una ignorante y deberían banearlo ya.,1
"El examen de la facultad estuvo de la chingada, pero alcancé a pasar.",0
EL CREADOR DEL VIDEO NO ES MÁS QUE UNA IMBÉCIL Y LÁRGATE DE ESTA PLATAFORMA.,1
El árbitro demuestra ser una escoria y da asco que exista.,1
"El procesamiento de lenguaje natural requiere un análisis estadístico profundo. Qué dolor de cabeza, puta madre.",0
"Esa mujer debería desaparecer, arruina la comunidad y nadie lo quiere aquí.",1
El árbitro no es más que una lacra y ojalá te pase algo malo.,1
Ese usuario es una completa plaga y hay que lincharlo entre todos.,1
El streamer demuestra ser una basura y eres un peligro social.,1
Ese usuario demuestra ser una cabrón y da asco que exista.,1
"Esa mujer debería desaparecer, arruina la comunidad y nadie lo quiere aquí.",1
LA DIPUTADA ES UNA COMPLETA MIERDA Y LÁRGATE DE ESTA PLATAFORMA.,1
"No mames, está cabrón el tráfico de hoy en la avenida principal.",0
El proyecto final de ingeniería quedó agendada para el próximo lunes.,0
El streamer es una completa escoria y lárgate de esta plataforma.,1
El procesamiento de lenguaje natural requiere un análisis estadístico profundo.,0
El candidato no es más que una mierda y hay que lincharlo entre todos.,1
"Qué pendejada acabo de hacer con el café, lo derramé sobre el teclado. Qué dolor de cabeza, puta madre.",0
"El candidato debería desaparecer, arruina la comunidad y nadie lo quiere aquí.",1
La diputada no es más que una ignorante y ojalá te pase algo malo.,1
"Ya valió madre, se cayó el sistema de la escuela otra vez.",0
Está cabrón terminar este proyecto final para el lunes.,0
El candidato no es más que una pendeja y da asco que exista.,1
Ese hater resultó ser una parásito y deberían banearlo ya.,1
"El moderador debería desaparecer, arruina la comunidad y nadie lo quiere aquí.",1
Ese usuario demuestra ser una basura y eres un peligro social.,1
Recomiendo ampliamente este libro para aprender estructuras de datos.,0
El streamer resultó ser una lacra y deberían banearlo ya.,1
EL CREADOR DEL VIDEO NO ES MÁS QUE UNA PARÁSITO Y LÁRGATE DE ESTA PLATAFORMA.,1
La diputada es una completa cabrón y hay que lincharlo entre todos.,1
El árbitro es una completa pendeja y deberían banearlo ya.,1
El creador del video resultó ser una incompetente y eres un peligro social.,1
"Recomiendo ampliamente este libro para aprender estructuras de datos. Qué dolor de cabeza, puta madre.",0
Muchas gracias por compartir el enlace con la documentación de la API.,0
Ese hater resultó ser una pendejo y lárgate de esta plataforma.,1
"El candidato debería desaparecer, arruina la comunidad y nadie lo quiere aquí.",1
El moderador es una completa pendejo y hay que lincharlo entre todos.,1
El streamer no es más que una parásito y lárgate de esta plataforma.,1
Esa mujer demuestra ser una basura y deberían banearlo ya.,1
El creador del video demuestra ser una inepto y deberían banearlo ya.,1
Esa mujer no es más que una imbécil y eres un peligro social.,1
"El árbitro debería desaparecer, arruina la comunidad y nadie lo quiere aquí.",1
Está cabrón terminar este proyecto final para el lunes.,0
"El examen de la facultad estuvo de la chingada, pero alcancé a pasar.",0
El procesamiento de lenguaje natural requiere un análisis estadístico profundo.,0
Este tipo se comporta como una ignorante y da asco que exista.,1
El moderador es una completa cabrón y hay que lincharlo entre todos.,1
Muchas gracias por compartir el enlace con la documentación de la API.,0
Ese hater se comporta como una pendeja y da asco que exista.,1
Esa mujer es una completa plaga y ojalá te pase algo malo.,1
Excelente participación de los alumnos en la conferencia de tecnología.,0
"El proyecto final de ingeniería quedó agendada para el próximo lunes. Qué dolor de cabeza, puta madre.",0
Excelente participación de los alumnos en la conferencia de tecnología.,0
"¿Alguien sabe a qué hora abre la biblioteca central de la facultad? Qué dolor de cabeza, puta madre.",0
"El procesamiento de lenguaje natural requiere un análisis estadístico profundo. Qué dolor de cabeza, puta madre.",0
Ese usuario se comporta como una incompetente y hay que lincharlo entre todos.,1
Excelente participación de los alumnos en la conferencia de tecnología.,0
EL CREADOR DEL VIDEO NO ES MÁS QUE UNA BASURA Y DA ASCO QUE EXISTA.,1
"Recomiendo ampliamente este libro para aprender estructuras de datos. Qué dolor de cabeza, puta madre.",0
Está cabrón terminar este proyecto final para el lunes.,0
"No mames, está cabrón el tráfico de hoy en la avenida principal. Qué dolor de cabeza, puta madre.",0
Muchas gracias por compartir el enlace con la documentación de la API.,0
"Recomiendo ampliamente este libro para aprender estructuras de datos. Qué dolor de cabeza, puta madre.",0
"No mames, está cabrón el tráfico de hoy en la avenida principal.",0
LA DIPUTADA NO ES MÁS QUE UNA MIERDA Y DA ASCO QUE EXISTA.,1
"Este tipo debería desaparecer, arruina la comunidad y nadie lo quiere aquí.",1
EL CREADOR DEL VIDEO NO ES MÁS QUE UNA PENDEJO Y ERES UN PELIGRO SOCIAL.,1
LA DIPUTADA NO ES MÁS QUE UNA IMBÉCIL Y DA ASCO QUE EXISTA.,1
"Qué pendejo estoy, olvidé el archivo en la otra computadora. Qué dolor de cabeza, puta madre.",0
El creador del video resultó ser una incompetente y ojalá te pase algo malo.,1
Esa mujer demuestra ser una basura y hay que lincharlo entre todos.,1
"Muchas gracias por compartir el enlace con la documentación de la API. Qué dolor de cabeza, puta madre.",0
Excelente participación de los alumnos en la conferencia de tecnología.,0
Está cabrón terminar este proyecto final para el lunes.,0
"Ya valió madre, se cayó el sistema de la escuela otra vez.",0
"No mames, está cabrón el tráfico de hoy en la avenida principal.",0
"¿Alguien sabe a qué hora abre la biblioteca central de la facultad? Qué dolor de cabeza, puta madre.",0
"El árbitro debería desaparecer, arruina la comunidad y nadie lo quiere aquí.",1
El creador del video resultó ser una pendejo y ojalá te pase algo malo.,1
EL CREADOR DEL VIDEO RESULTÓ SER UNA PENDEJO Y HAY QUE LINCHARLO ENTRE TODOS.,1
El moderador resultó ser una pendejo y ojalá te pase algo malo.,1
El candidato se comporta como una idiota y deberían banearlo ya.,1
Este tipo es una completa cabrón y eres un peligro social.,1
EL CREADOR DEL VIDEO ES UNA COMPLETA PARÁSITO Y DEBERÍAN BANEARLO YA.,1
EL ÁRBITRO NO ES MÁS QUE UNA INCOMPETENTE Y LÁRGATE DE ESTA PLATAFORMA.,1
Esa mujer no es más que una incompetente y hay que lincharlo entre todos.,1
Ese hater demuestra ser una mierda y hay que lincharlo entre todos.,1
Ese usuario no es más que una ignorante y eres un peligro social.,1
EL CREADOR DEL VIDEO SE COMPORTA COMO UNA IDIOTA Y LÁRGATE DE ESTA PLATAFORMA.,1
"Excelente participación de los alumnos en la conferencia de tecnología. Qué dolor de cabeza, puta madre.",0
"Qué pendejada acabo de hacer con el café, lo derramé sobre el teclado.",0
El candidato resultó ser una cabrón y eres un peligro social.,1
Este tipo resultó ser una plaga y deberían banearlo ya.,1
ESA MUJER DEMUESTRA SER UNA PARÁSITO Y ERES UN PELIGRO SOCIAL.,1
"Qué pendejada acabo de hacer con el café, lo derramé sobre el teclado.",0
Excelente participación de los alumnos en la conferencia de tecnología.,0
"No mames, está cabrón el tráfico de hoy en la avenida principal.",0
El candidato demuestra ser una inepto y hay que lincharlo entre todos.,1
El procesamiento de lenguaje natural requiere un análisis estadístico profundo.,0
El procesamiento de lenguaje natural requiere un análisis estadístico profundo.,0
El candidato es una completa basura y da asco que exista.,1
El árbitro resultó ser una lacra y ojalá te pase algo malo.,1
El árbitro se comporta como una rata y hay que lincharlo entre todos.,1
Ese hater no es más que una idiota y da asco que exista.,1
El árbitro demuestra ser una inepto y hay que lincharlo entre todos.,1
Este tipo se comporta como una ignorante y da asco que exista.,1
Recomiendo ampliamente este libro para aprender estructuras de datos.,0
"No mames, está cabrón el tráfico de hoy en la avenida principal.",0
ESA MUJER NO ES MÁS QUE UNA PENDEJA Y ERES UN PELIGRO SOCIAL.,1
EL MODERADOR NO ES MÁS QUE UNA IDIOTA Y OJALÁ TE PASE ALGO MALO.,1
La diputada se comporta como una plaga y lárgate de esta plataforma.,1
"Está cabrón terminar este proyecto final para el lunes. Qué dolor de cabeza, puta madre.",0
"Está cabrón terminar este proyecto final para el lunes. Qué dolor de cabeza, puta madre.",0
Ese usuario no es más que una mierda y lárgate de esta plataforma.,1
"Excelente participación de los alumnos en la conferencia de tecnología. Qué dolor de cabeza, puta madre.",0
"Qué pendejada acabo de hacer con el café, lo derramé sobre el teclado. Qué dolor de cabeza, puta madre.",0
"El creador del video debería desaparecer, arruina la comunidad y nadie lo quiere aquí.",1
EL MODERADOR ES UNA COMPLETA BASURA Y HAY QUE LINCHARLO ENTRE TODOS.,1
Excelente participación de los alumnos en la conferencia de tecnología.,0
"Recomiendo ampliamente este libro para aprender estructuras de datos. Qué dolor de cabeza, puta madre.",0
¿Alguien sabe a qué hora abre la biblioteca central de la facultad?,0
"Está cabrón terminar este proyecto final para el lunes. Qué dolor de cabeza, puta madre.",0
"Qué pendejo estoy, olvidé el archivo en la otra computadora.",0
ESE HATER SE COMPORTA COMO UNA INEPTO Y DEBERÍAN BANEARLO YA.,1
El moderador se comporta como una plaga y da asco que exista.,1
Esa mujer no es más que una imbécil y da asco que exista.,1
"El moderador debería desaparecer, arruina la comunidad y nadie lo quiere aquí.",1
Está cabrón terminar este proyecto final para el lunes.,0
El streamer demuestra ser una pendejo y ojalá te pase algo malo.,1
El streamer no es más que una escoria y lárgate de esta plataforma.,1
El árbitro se comporta como una incompetente y eres un peligro social.,1
EL CREADOR DEL VIDEO RESULTÓ SER UNA INEPTO Y ERES UN PELIGRO SOCIAL.,1
Ese hater resultó ser una rata y da asco que exista.,1
¿Alguien sabe a qué hora abre la biblioteca central de la facultad?,0
ESTE TIPO NO ES MÁS QUE UNA IGNORANTE Y OJALÁ TE PASE ALGO MALO.,1
ESE USUARIO ES UNA COMPLETA INEPTO Y OJALÁ TE PASE ALGO MALO.,1
"Ya valió madre, se cayó el sistema de la escuela otra vez. Qué dolor de cabeza, puta madre.",0
"El examen de la facultad estuvo de la chingada, pero alcancé a pasar. Qué dolor de cabeza, puta madre.",0
El moderador se comporta como una pendeja y da asco que exista.,1
La diputada resultó ser una miserable y da asco que exista.,1
"La diputada debería desaparecer, arruina la comunidad y nadie lo quiere aquí.",1
El streamer se comporta como una mierda y da asco que exista.,1
ESE HATER NO ES MÁS QUE UNA BASURA Y ERES UN PELIGRO SOCIAL.,1
Ese usuario resultó ser una basura y ojalá te pase algo malo.,1
La diputada demuestra ser una pendejo y deberían banearlo ya.,1
¿Alguien sabe a qué hora abre la biblioteca central de la facultad?,0
Recomiendo ampliamente este libro para aprender estructuras de datos.,0
Está cabrón terminar este proyecto final para el lunes.,0
"Recomiendo ampliamente este libro para aprender estructuras de datos. Qué dolor de cabeza, puta madre.",0
"Qué pendejada acabo de hacer con el café, lo derramé sobre el teclado.",0
El proyecto final de ingeniería quedó agendada para el próximo lunes.,0
¿Alguien sabe a qué hora abre la biblioteca central de la facultad?,0
El moderador no es más que una miserable y da asco que exista.,1
"Ya valió madre, se cayó el sistema de la escuela otra vez.",0
"No mames, está cabrón el tráfico de hoy en la avenida principal.",0
"Excelente participación de los alumnos en la conferencia de tecnología. Qué dolor de cabeza, puta madre.",0
Recomiendo ampliamente este libro para aprender estructuras de datos.,0
"El examen de la facultad estuvo de la chingada, pero alcancé a pasar. Qué dolor de cabeza, puta madre.",0
La diputada es una completa inepto y da asco que exista.,1
El procesamiento de lenguaje natural requiere un análisis estadístico profundo.,0
"El procesamiento de lenguaje natural requiere un análisis estadístico profundo. Qué dolor de cabeza, puta madre.",0
Ese usuario es una completa miserable y hay que lincharlo entre todos.,1
"Qué pendejada acabo de hacer con el café, lo derramé sobre el teclado. Qué dolor de cabeza, puta madre.",0
Este tipo se comporta como una pendejo y lárgate de esta plataforma.,1
Este tipo es una completa escoria y ojalá te pase algo malo.,1
"El examen de la facultad estuvo de la chingada, pero alcancé a pasar. Qué dolor de cabeza, puta madre.",0
"Ya valió madre, se cayó el sistema de la escuela otra vez.",0
Este tipo demuestra ser una lacra y deberían banearlo ya.,1
"El candidato debería desaparecer, arruina la comunidad y nadie lo quiere aquí.",1
"ESA MUJER DEBERÍA DESAPARECER, ARRUINA LA COMUNIDAD Y NADIE LO QUIERE AQUÍ.",1
El árbitro demuestra ser una miserable y da asco que exista.,1
El creador del video se comporta como una parásito y lárgate de esta plataforma.,1
Ese usuario no es más que una lacra y da asco que exista.,1
"Muchas gracias por compartir el enlace con la documentación de la API. Qué dolor de cabeza, puta madre.",0
Ese usuario resultó ser una imbécil y lárgate de esta plataforma.,1
El creador del video no es más que una incompetente y deberían banearlo ya.,1
La diputada demuestra ser una idiota y lárgate de esta plataforma.,1
"Está cabrón terminar este proyecto final para el lunes. Qué dolor de cabeza, puta madre.",0
Esa mujer se comporta como una plaga y da asco que exista.,1
El árbitro demuestra ser una imbécil y ojalá te pase algo malo.,1
El árbitro no es más que una mierda y hay que lincharlo entre todos.,1
Muchas gracias por compartir el enlace con la documentación de la API.,0
La diputada demuestra ser una cabrón y hay que lincharlo entre todos.,1
El creador del video resultó ser una cabrón y hay que lincharlo entre todos.,1
El árbitro resultó ser una idiota y deberían banearlo ya.,1
EL CREADOR DEL VIDEO DEMUESTRA SER UNA CABRÓN Y DEBERÍAN BANEARLO YA.,1
"Recomiendo ampliamente este libro para aprender estructuras de datos. Qué dolor de cabeza, puta madre.",0
Este tipo no es más que una pendejo y ojalá te pase algo malo.,1
"La diputada debería desaparecer, arruina la comunidad y nadie lo quiere aquí.",1
ESA MUJER NO ES MÁS QUE UNA ESCORIA Y LÁRGATE DE ESTA PLATAFORMA.,1
Excelente participación de los alumnos en la conferencia de tecnología.,0
El moderador es una completa cabrón y eres un peligro social.,1
LA DIPUTADA ES UNA COMPLETA IGNORANTE Y LÁRGATE DE ESTA PLATAFORMA.,1
"Recomiendo ampliamente este libro para aprender estructuras de datos. Qué dolor de cabeza, puta madre.",0
Ese hater es una completa plaga y lárgate de esta plataforma.,1
"El examen de la facultad estuvo de la chingada, pero alcancé a pasar.",0
"¿Alguien sabe a qué hora abre la biblioteca central de la facultad? Qué dolor de cabeza, puta madre.",0
EL STREAMER NO ES MÁS QUE UNA BASURA Y LÁRGATE DE ESTA PLATAFORMA.,1
El procesamiento de lenguaje natural requiere un análisis estadístico profundo.,0
"Está cabrón terminar este proyecto final para el lunes. Qué dolor de cabeza, puta madre.",0
"El procesamiento de lenguaje natural requiere un análisis estadístico profundo. Qué dolor de cabeza, puta madre.",0
El creador del video demuestra ser una escoria y ojalá te pase algo malo.,1
Esa mujer es una completa basura y ojalá te pase algo malo.,1
ESE USUARIO DEMUESTRA SER UNA MISERABLE Y ERES UN PELIGRO SOCIAL.,1
"Qué pendejo estoy, olvidé el archivo en la otra computadora.",0
Esa mujer se comporta como una lacra y deberían banearlo ya.,1
"Está cabrón terminar este proyecto final para el lunes. Qué dolor de cabeza, puta madre.",0
¿Alguien sabe a qué hora abre la biblioteca central de la facultad?,0
Esa mujer demuestra ser una parásito y eres un peligro social.,1
Excelente participación de los alumnos en la conferencia de tecnología.,0
EL ÁRBITRO NO ES MÁS QUE UNA ESCORIA Y HAY QUE LINCHARLO ENTRE TODOS.,1
Este tipo resultó ser una incompetente y da asco que exista.,1
Ese hater demuestra ser una inepto y hay que lincharlo entre todos.,1
"Qué pendejada acabo de hacer con el café, lo derramé sobre el teclado.",0
"No mames, está cabrón el tráfico de hoy en la avenida principal. Qué dolor de cabeza, puta madre.",0
EL CREADOR DEL VIDEO SE COMPORTA COMO UNA IMBÉCIL Y OJALÁ TE PASE ALGO MALO.,1
Esa mujer se comporta como una mierda y lárgate de esta plataforma.,1
Muchas gracias por compartir el enlace con la documentación de la API.,0
El streamer resultó ser una lacra y da asco que exista.,1
El streamer es una completa miserable y eres un peligro social.,1
Este tipo se comporta como una pendejo y eres un peligro social.,1
El árbitro es una completa parásito y deberían banearlo ya.,1
"Qué pendejada acabo de hacer con el café, lo derramé sobre el teclado.",0
Muchas gracias por compartir el enlace con la documentación de la API.,0
Está cabrón terminar este proyecto final para el lunes.,0
El candidato es una completa rata y deberían banearlo ya.,1
Ese usuario no es más que una miserable y ojalá te pase algo malo.,1
EL CANDIDATO SE COMPORTA COMO UNA MISERABLE Y DA ASCO QUE EXISTA.,1
"Este tipo debería desaparecer, arruina la comunidad y nadie lo quiere aquí.",1
"El proyecto final de ingeniería quedó agendada para el próximo lunes. Qué dolor de cabeza, puta madre.",0
¿Alguien sabe a qué hora abre la biblioteca central de la facultad?,0
"El proyecto final de ingeniería quedó agendada para el próximo lunes. Qué dolor de cabeza, puta madre.",0
"Ya valió madre, se cayó el sistema de la escuela otra vez.",0
ESE HATER NO ES MÁS QUE UNA INEPTO Y HAY QUE LINCHARLO ENTRE TODOS.,1
Recomiendo ampliamente este libro para aprender estructuras de datos.,0
"El proyecto final de ingeniería quedó agendada para el próximo lunes. Qué dolor de cabeza, puta madre.",0
"ESTE TIPO DEBERÍA DESAPARECER, ARRUINA LA COMUNIDAD Y NADIE LO QUIERE AQUÍ.",1
EL CREADOR DEL VIDEO RESULTÓ SER UNA LACRA Y OJALÁ TE PASE ALGO MALO.,1
EL CREADOR DEL VIDEO DEMUESTRA SER UNA IDIOTA Y DA ASCO QUE EXISTA.,1
ESTE TIPO NO ES MÁS QUE UNA IMBÉCIL Y OJALÁ TE PASE ALGO MALO.,1
El moderador es una completa incompetente y hay que lincharlo entre todos.,1
"¿Alguien sabe a qué hora abre la biblioteca central de la facultad? Qué dolor de cabeza, puta madre.",0
ESE USUARIO DEMUESTRA SER UNA IDIOTA Y DEBERÍAN BANEARLO YA.,1
El creador del video resultó ser una parásito y eres un peligro social.,1
Esa mujer demuestra ser una cabrón y eres un peligro social.,1
La diputada se comporta como una mierda y eres un peligro social.,1
ESE HATER SE COMPORTA COMO UNA PARÁSITO Y LÁRGATE DE ESTA PLATAFORMA.,1
El streamer se comporta como una rata y hay que lincharlo entre todos.,1
LA DIPUTADA SE COMPORTA COMO UNA PENDEJO Y ERES UN PELIGRO SOCIAL.,1
"Está cabrón terminar este proyecto final para el lunes. Qué dolor de cabeza, puta madre.",0
La diputada es una completa plaga y eres un peligro social.,1
"¿Alguien sabe a qué hora abre la biblioteca central de la facultad? Qué dolor de cabeza, puta madre.",0
El candidato no es más que una pendeja y da asco que exista.,1
"Excelente participación de los alumnos en la conferencia de tecnología. Qué dolor de cabeza, puta madre.",0
"Ya valió madre, se cayó el sistema de la escuela otra vez.",0
"El proyecto final de ingeniería quedó agendada para el próximo lunes. Qué dolor de cabeza, puta madre.",0
"No mames, está cabrón el tráfico de hoy en la avenida principal.",0
"El examen de la facultad estuvo de la chingada, pero alcancé a pasar. Qué dolor de cabeza, puta madre.",0
El árbitro resultó ser una imbécil y ojalá te pase algo malo.,1
El árbitro resultó ser una idiota y ojalá te pase algo malo.,1
Ese usuario es una completa basura y da asco que exista.,1
"No mames, está cabrón el tráfico de hoy en la avenida principal. Qué dolor de cabeza, puta madre.",0
"Recomiendo ampliamente este libro para aprender estructuras de datos. Qué dolor de cabeza, puta madre.",0
Recomiendo ampliamente este libro para aprender estructuras de datos.,0
"Qué pendejada acabo de hacer con el café, lo derramé sobre el teclado.",0
"El creador del video debería desaparecer, arruina la comunidad y nadie lo quiere aquí.",1
El árbitro no es más que una incompetente y eres un peligro social.,1
Este tipo se comporta como una ignorante y hay que lincharlo entre todos.,1
Muchas gracias por compartir el enlace con la documentación de la API.,0
EL ÁRBITRO ES UNA COMPLETA IGNORANTE Y HAY QUE LINCHARLO ENTRE TODOS.,1
"Qué pendejada acabo de hacer con el café, lo derramé sobre el teclado.",0
Esa mujer es una completa imbécil y lárgate de esta plataforma.,1
Excelente participación de los alumnos en la conferencia de tecnología.,0
El proyecto final de ingeniería quedó agendada para el próximo lunes.,0
El streamer se comporta como una miserable y lárgate de esta plataforma.,1
El candidato es una completa cabrón y hay que lincharlo entre todos.,1
"La diputada debería desaparecer, arruina la comunidad y nadie lo quiere aquí.",1
El streamer se comporta como una pendejo y eres un peligro social.,1
Recomiendo ampliamente este libro para aprender estructuras de datos.,0
¿Alguien sabe a qué hora abre la biblioteca central de la facultad?,0
"El examen de la facultad estuvo de la chingada, pero alcancé a pasar.",0
"¿Alguien sabe a qué hora abre la biblioteca central de la facultad? Qué dolor de cabeza, puta madre.",0
ESTE TIPO SE COMPORTA COMO UNA INEPTO Y OJALÁ TE PASE ALGO MALO.,1
El moderador resultó ser una incompetente y hay que lincharlo entre todos.,1
"Ese hater debería desaparecer, arruina la comunidad y nadie lo quiere aquí.",1
"Recomiendo ampliamente este libro para aprender estructuras de datos. Qué dolor de cabeza, puta madre.",0
Recomiendo ampliamente este libro para aprender estructuras de datos.,0
¿Alguien sabe a qué hora abre la biblioteca central de la facultad?,0
El árbitro no es más que una imbécil y da asco que exista.,1
El árbitro es una completa pendeja y lárgate de esta plataforma.,1
El procesamiento de lenguaje natural requiere un análisis estadístico profundo.,0
El candidato demuestra ser una mierda y da asco que exista.,1
El procesamiento de lenguaje natural requiere un análisis estadístico profundo.,0
Ese usuario demuestra ser una imbécil y hay que lincharlo entre todos.,1
Esa mujer demuestra ser una mierda y da asco que exista.,1
La diputada es una completa basura y da asco que exista.,1
Muchas gracias por compartir el enlace con la documentación de la API.,0
EL CREADOR DEL VIDEO ES UNA COMPLETA MIERDA Y HAY QUE LINCHARLO ENTRE TODOS.,1
El candidato es una completa idiota y deberían banearlo ya.,1
Este tipo demuestra ser una mierda y hay que lincharlo entre todos.,1
El moderador no es más que una basura y da asco que exista.,1
"El candidato debería desaparecer, arruina la comunidad y nadie lo quiere aquí.",1
"Qué pendejo estoy, olvidé el archivo en la otra computadora. Qué dolor de cabeza, puta madre.",0
"Ya valió madre, se cayó el sistema de la escuela otra vez.",0
"El moderador debería desaparecer, arruina la comunidad y nadie lo quiere aquí.",1
Ese hater se comporta como una cabrón y eres un peligro social.,1
"Qué pendejo estoy, olvidé el archivo en la otra computadora.",0
"Qué pendejo estoy, olvidé el archivo en la otra computadora.",0
¿Alguien sabe a qué hora abre la biblioteca central de la facultad?,0
EL ÁRBITRO DEMUESTRA SER UNA RATA Y DEBERÍAN BANEARLO YA.,1
El moderador se comporta como una imbécil y eres un peligro social.,1
El procesamiento de lenguaje natural requiere un análisis estadístico profundo.,0
"Qué pendejo estoy, olvidé el archivo en la otra computadora.",0
Está cabrón terminar este proyecto final para el lunes.,0
"El examen de la facultad estuvo de la chingada, pero alcancé a pasar. Qué dolor de cabeza, puta madre.",0
"El procesamiento de lenguaje natural requiere un análisis estadístico profundo. Qué dolor de cabeza, puta madre.",0
El moderador no es más que una pendeja y lárgate de esta plataforma.,1
El creador del video se comporta como una mierda y da asco que exista.,1
El proyecto final de ingeniería quedó agendada para el próximo lunes.,0
El streamer resultó ser una idiota y da asco que exista.,1
"Está cabrón terminar este proyecto final para el lunes. Qué dolor de cabeza, puta madre.",0
"Ya valió madre, se cayó el sistema de la escuela otra vez.",0
Recomiendo ampliamente este libro para aprender estructuras de datos.,0
"El examen de la facultad estuvo de la chingada, pero alcancé a pasar. Qué dolor de cabeza, puta madre.",0
"El examen de la facultad estuvo de la chingada, pero alcancé a pasar. Qué dolor de cabeza, puta madre.",0
"EL ÁRBITRO DEBERÍA DESAPARECER, ARRUINA LA COMUNIDAD Y NADIE LO QUIERE AQUÍ.",1
La diputada se comporta como una rata y da asco que exista.,1
"Qué pendejo estoy, olvidé el archivo en la otra computadora.",0
La diputada demuestra ser una rata y hay que lincharlo entre todos.,1
Ese hater no es más que una mierda y da asco que exista.,1
ESE USUARIO RESULTÓ SER UNA IDIOTA Y DA ASCO QUE EXISTA.,1
Muchas gracias por compartir el enlace con la documentación de la API.,0
"Qué pendejada acabo de hacer con el café, lo derramé sobre el teclado. Qué dolor de cabeza, puta madre.",0
"Qué pendejo estoy, olvidé el archivo en la otra computadora.",0
EL CREADOR DEL VIDEO NO ES MÁS QUE UNA PARÁSITO Y LÁRGATE DE ESTA PLATAFORMA.,1
EL STREAMER RESULTÓ SER UNA BASURA Y OJALÁ TE PASE ALGO MALO.,1
"Ya valió madre, se cayó el sistema de la escuela otra vez.",0
EL ÁRBITRO SE COMPORTA COMO UNA PENDEJA Y DA ASCO QUE EXISTA.,1
"El examen de la facultad estuvo de la chingada, pero alcancé a pasar. Qué dolor de cabeza, puta madre.",0
"El examen de la facultad estuvo de la chingada, pero alcancé a pasar. Qué dolor de cabeza, puta madre.",0
"Qué pendejo estoy, olvidé el archivo en la otra computadora.",0
ESE HATER NO ES MÁS QUE UNA IMBÉCIL Y LÁRGATE DE ESTA PLATAFORMA.,1
El moderador resultó ser una basura y deberían banearlo ya.,1
El moderador es una completa escoria y deberían banearlo ya.,1
"El árbitro debería desaparecer, arruina la comunidad y nadie lo quiere aquí.",1
"Qué pendejada acabo de hacer con el café, lo derramé sobre el teclado.",0
"Ya valió madre, se cayó el sistema de la escuela otra vez.",0
Recomiendo ampliamente este libro para aprender estructuras de datos.,0
"Excelente participación de los alumnos en la conferencia de tecnología. Qué dolor de cabeza, puta madre.",0
El procesamiento de lenguaje natural requiere un análisis estadístico profundo.,0
Ese usuario resultó ser una idiota y da asco que exista.,1
Este tipo es una completa basura y eres un peligro social.,1
Ese usuario se comporta como una cabrón y hay que lincharlo entre todos.,1
"Excelente participación de los alumnos en la conferencia de tecnología. Qué dolor de cabeza, puta madre.",0
"Qué pendejada acabo de hacer con el café, lo derramé sobre el teclado.",0
"Qué pendejo estoy, olvidé el archivo en la otra computadora.",0
El candidato se comporta como una idiota y hay que lincharlo entre todos.,1
Ese hater no es más que una inepto y ojalá te pase algo malo.,1
Muchas gracias por compartir el enlace con la documentación de la API.,0
El árbitro es una completa inepto y deberían banearlo ya.,1
Este tipo se comporta como una pendeja y hay que lincharlo entre todos.,1
Este tipo se comporta como una lacra y da asco que exista.,1
El moderador se comporta como una pendeja y ojalá te pase algo malo.,1
"El examen de la facultad estuvo de la chingada, pero alcancé a pasar. Qué dolor de cabeza, puta madre.",0
"Qué pendejada acabo de hacer con el café, lo derramé sobre el teclado.",0
"Muchas gracias por compartir el enlace con la documentación de la API. Qué dolor de cabeza, puta madre.",0
El árbitro demuestra ser una incompetente y hay que lincharlo entre todos.,1
Ese hater demuestra ser una pendeja y eres un peligro social.,1
ESA MUJER NO ES MÁS QUE UNA MIERDA Y HAY QUE LINCHARLO ENTRE TODOS.,1
"Está cabrón terminar este proyecto final para el lunes. Qué dolor de cabeza, puta madre.",0
Ese usuario demuestra ser una rata y ojalá te pase algo malo.,1
"Qué pendejada acabo de hacer con el café, lo derramé sobre el teclado.",0
El candidato se comporta como una basura y ojalá te pase algo malo.,1
¿Alguien sabe a qué hora abre la biblioteca central de la facultad?,0
El candidato se comporta como una ignorante y deberían banearlo ya.,1
"Ya valió madre, se cayó el sistema de la escuela otra vez.",0
El árbitro resultó ser una basura y eres un peligro social.,1
"No mames, está cabrón el tráfico de hoy en la avenida principal. Qué dolor de cabeza, puta madre.",0
"No mames, está cabrón el tráfico de hoy en la avenida principal.",0
¿Alguien sabe a qué hora abre la biblioteca central de la facultad?,0
"Qué pendejada acabo de hacer con el café, lo derramé sobre el teclado.",0
Ese hater demuestra ser una ignorante y hay que lincharlo entre todos.,1
"Este tipo debería desaparecer, arruina la comunidad y nadie lo quiere aquí.",1
Este tipo se comporta como una pendeja y deberían banearlo ya.,1
Este tipo demuestra ser una pendeja y lárgate de esta plataforma.,1
El candidato se comporta como una pendeja y lárgate de esta plataforma.,1
El árbitro demuestra ser una parásito y ojalá te pase algo malo.,1
El streamer no es más que una miserable y lárgate de esta plataforma.,1
"El examen de la facultad estuvo de la chingada, pero alcancé a pasar.",0
"Qué pendejo estoy, olvidé el archivo en la otra computadora.",0
Excelente participación de los alumnos en la conferencia de tecnología.,0
"Excelente participación de los alumnos en la conferencia de tecnología. Qué dolor de cabeza, puta madre.",0
EL MODERADOR SE COMPORTA COMO UNA MIERDA Y LÁRGATE DE ESTA PLATAFORMA.,1
Esa mujer resultó ser una pendeja y da asco que exista.,1
Muchas gracias por compartir el enlace con la documentación de la API.,0
"El examen de la facultad estuvo de la chingada, pero alcancé a pasar.",0
"El proyecto final de ingeniería quedó agendada para el próximo lunes. Qué dolor de cabeza, puta madre.",0
Ese hater resultó ser una incompetente y deberían banearlo ya.,1
La diputada se comporta como una miserable y lárgate de esta plataforma.,1
"¿Alguien sabe a qué hora abre la biblioteca central de la facultad? Qué dolor de cabeza, puta madre.",0
EL ÁRBITRO RESULTÓ SER UNA CABRÓN Y OJALÁ TE PASE ALGO MALO.,1
Este tipo es una completa mierda y hay que lincharlo entre todos.,1
El árbitro se comporta como una rata y hay que lincharlo entre todos.,1
El árbitro se comporta como una plaga y eres un peligro social.,1
"El examen de la facultad estuvo de la chingada, pero alcancé a pasar. Qué dolor de cabeza, puta madre.",0
"No mames, está cabrón el tráfico de hoy en la avenida principal.",0
"Qué pendejada acabo de hacer con el café, lo derramé sobre el teclado.",0
Esa mujer se comporta como una imbécil y eres un peligro social.,1
"No mames, está cabrón el tráfico de hoy en la avenida principal. Qué dolor de cabeza, puta madre.",0
Este tipo resultó ser una idiota y hay que lincharlo entre todos.,1
Ese usuario no es más que una pendeja y lárgate de esta plataforma.,1
"Qué pendejada acabo de hacer con el café, lo derramé sobre el teclado.",0
El creador del video es una completa lacra y lárgate de esta plataforma.,1
"El árbitro debería desaparecer, arruina la comunidad y nadie lo quiere aquí.",1
Está cabrón terminar este proyecto final para el lunes.,0
"Está cabrón terminar este proyecto final para el lunes. Qué dolor de cabeza, puta madre.",0
El creador del video resultó ser una pendejo y deberían banearlo ya.,1
"Qué pendejada acabo de hacer con el café, lo derramé sobre el teclado.",0
ESE USUARIO RESULTÓ SER UNA PARÁSITO Y DEBERÍAN BANEARLO YA.,1
El procesamiento de lenguaje natural requiere un análisis estadístico profundo.,0
Esa mujer es una completa inepto y eres un peligro social.,1
"¿Alguien sabe a qué hora abre la biblioteca central de la facultad? Qué dolor de cabeza, puta madre.",0
Ese hater demuestra ser una escoria y lárgate de esta plataforma.,1
"Qué pendejada acabo de hacer con el café, lo derramé sobre el teclado.",0
¿Alguien sabe a qué hora abre la biblioteca central de la facultad?,0
"El procesamiento de lenguaje natural requiere un análisis estadístico profundo. Qué dolor de cabeza, puta madre.",0
El candidato se comporta como una idiota y eres un peligro social.,1
"Este tipo debería desaparecer, arruina la comunidad y nadie lo quiere aquí.",1
"No mames, está cabrón el tráfico de hoy en la avenida principal.",0
"El examen de la facultad estuvo de la chingada, pero alcancé a pasar.",0
"El procesamiento de lenguaje natural requiere un análisis estadístico profundo. Qué dolor de cabeza, puta madre.",0
Está cabrón terminar este proyecto final para el lunes.,0
"Qué pendejo estoy, olvidé el archivo en la otra computadora.",0
El árbitro demuestra ser una rata y deberían banearlo ya.,1
El árbitro resultó ser una incompetente y eres un peligro social.,1
EL CANDIDATO DEMUESTRA SER UNA RATA Y LÁRGATE DE ESTA PLATAFORMA.,1
"Ya valió madre, se cayó el sistema de la escuela otra vez.",0
Este tipo demuestra ser una incompetente y hay que lincharlo entre todos.,1
"No mames, está cabrón el tráfico de hoy en la avenida principal. Qué dolor de cabeza, puta madre.",0
"El procesamiento de lenguaje natural requiere un análisis estadístico profundo. Qué dolor de cabeza, puta madre.",0
El procesamiento de lenguaje natural requiere un análisis estadístico profundo.,0
El moderador se comporta como una idiota y ojalá te pase algo malo.,1
"El examen de la facultad estuvo de la chingada, pero alcancé a pasar.",0
El árbitro es una completa mierda y lárgate de esta plataforma.,1
"Qué pendejada acabo de hacer con el café, lo derramé sobre el teclado. Qué dolor de cabeza, puta madre.",0
El árbitro demuestra ser una rata y eres un peligro social.,1
El streamer resultó ser una inepto y lárgate de esta plataforma.,1
El streamer es una completa pendejo y ojalá te pase algo malo.,1
"Qué pendejo estoy, olvidé el archivo en la otra computadora. Qué dolor de cabeza, puta madre.",0
"Qué pendejada acabo de hacer con el café, lo derramé sobre el teclado.",0
"El examen de la facultad estuvo de la chingada, pero alcancé a pasar.",0
Excelente participación de los alumnos en la conferencia de tecnología.,0
Ese usuario demuestra ser una inepto y lárgate de esta plataforma.,1
"Qué pendejo estoy, olvidé el archivo en la otra computadora. Qué dolor de cabeza, puta madre.",0
LA DIPUTADA RESULTÓ SER UNA LACRA Y OJALÁ TE PASE ALGO MALO.,1
La diputada no es más que una pendejo y ojalá te pase algo malo.,1
"Qué pendejada acabo de hacer con el café, lo derramé sobre el teclado.",0
ESE USUARIO ES UNA COMPLETA PLAGA Y LÁRGATE DE ESTA PLATAFORMA.,1
"Ya valió madre, se cayó el sistema de la escuela otra vez. Qué dolor de cabeza, puta madre.",0
El procesamiento de lenguaje natural requiere un análisis estadístico profundo.,0
Ese hater resultó ser una lacra y eres un peligro social.,1
Esa mujer demuestra ser una pendeja y hay que lincharlo entre todos.,1
Esa mujer resultó ser una pendejo y lárgate de esta plataforma.,1
Muchas gracias por compartir el enlace con la documentación de la API.,0
El candidato es una completa parásito y lárgate de esta plataforma.,1
"Qué pendejada acabo de hacer con el café, lo derramé sobre el teclado. Qué dolor de cabeza, puta madre.",0
"El árbitro debería desaparecer, arruina la comunidad y nadie lo quiere aquí.",1
"Está cabrón terminar este proyecto final para el lunes. Qué dolor de cabeza, puta madre.",0
"El candidato debería desaparecer, arruina la comunidad y nadie lo quiere aquí.",1
Ese usuario no es más que una cabrón y da asco que exista.,1
El candidato se comporta como una pendejo y deberían banearlo ya.,1
Este tipo es una completa plaga y lárgate de esta plataforma.,1
"El examen de la facultad estuvo de la chingada, pero alcancé a pasar. Qué dolor de cabeza, puta madre.",0
La diputada se comporta como una imbécil y eres un peligro social.,1
Este tipo resultó ser una rata y da asco que exista.,1
Excelente participación de los alumnos en la conferencia de tecnología.,0
ESTE TIPO DEMUESTRA SER UNA IDIOTA Y ERES UN PELIGRO SOCIAL.,1
"Qué pendejada acabo de hacer con el café, lo derramé sobre el teclado. Qué dolor de cabeza, puta madre.",0
"Qué pendejada acabo de hacer con el café, lo derramé sobre el teclado.",0
La diputada resultó ser una escoria y da asco que exista.,1
El moderador no es más que una parásito y lárgate de esta plataforma.,1
Ese usuario resultó ser una rata y ojalá te pase algo malo.,1
Este tipo no es más que una cabrón y eres un peligro social.,1
"No mames, está cabrón el tráfico de hoy en la avenida principal.",0
"Ya valió madre, se cayó el sistema de la escuela otra vez.",0
El creador del video demuestra ser una escoria y deberían banearlo ya.,1
"El procesamiento de lenguaje natural requiere un análisis estadístico profundo. Qué dolor de cabeza, puta madre.",0
El streamer resultó ser una basura y da asco que exista.,1
¿Alguien sabe a qué hora abre la biblioteca central de la facultad?,0
Ese hater demuestra ser una incompetente y da asco que exista.,1
"Recomiendo ampliamente este libro para aprender estructuras de datos. Qué dolor de cabeza, puta madre.",0
EL ÁRBITRO RESULTÓ SER UNA IMBÉCIL Y HAY QUE LINCHARLO ENTRE TODOS.,1
"El examen de la facultad estuvo de la chingada, pero alcancé a pasar. Qué dolor de cabeza, puta madre.",0
Esa mujer es una completa inepto y ojalá te pase algo malo.,1
"El proyecto final de ingeniería quedó agendada para el próximo lunes. Qué dolor de cabeza, puta madre.",0
¿Alguien sabe a qué hora abre la biblioteca central de la facultad?,0
"EL STREAMER DEBERÍA DESAPARECER, ARRUINA LA COMUNIDAD Y NADIE LO QUIERE AQUÍ.",1
ESTE TIPO ES UNA COMPLETA LACRA Y DEBERÍAN BANEARLO YA.,1
"No mames, está cabrón el tráfico de hoy en la avenida principal.",0
Ese hater no es más que una imbécil y lárgate de esta plataforma.,1
"El proyecto final de ingeniería quedó agendada para el próximo lunes. Qué dolor de cabeza, puta madre.",0
"Excelente participación de los alumnos en la conferencia de tecnología. Qué dolor de cabeza, puta madre.",0
El árbitro es una completa lacra y eres un peligro social.,1
"Qué pendejada acabo de hacer con el café, lo derramé sobre el teclado.",0
"EL ÁRBITRO DEBERÍA DESAPARECER, ARRUINA LA COMUNIDAD Y NADIE LO QUIERE AQUÍ.",1
El streamer es una completa lacra y deberían banearlo ya.,1
EL CREADOR DEL VIDEO RESULTÓ SER UNA IMBÉCIL Y HAY QUE LINCHARLO ENTRE TODOS.,1
Este tipo es una completa idiota y ojalá te pase algo malo.,1
"Qué pendejada acabo de hacer con el café, lo derramé sobre el teclado. Qué dolor de cabeza, puta madre.",0
Ese hater resultó ser una pendejo y ojalá te pase algo malo.,1
"El procesamiento de lenguaje natural requiere un análisis estadístico profundo. Qué dolor de cabeza, puta madre.",0
Ese usuario se comporta como una inepto y hay que lincharlo entre todos.,1
¿Alguien sabe a qué hora abre la biblioteca central de la facultad?,0
"¿Alguien sabe a qué hora abre la biblioteca central de la facultad? Qué dolor de cabeza, puta madre.",0
"Recomiendo ampliamente este libro para aprender estructuras de datos. Qué dolor de cabeza, puta madre.",0
"EL STREAMER DEBERÍA DESAPARECER, ARRUINA LA COMUNIDAD Y NADIE LO QUIERE AQUÍ.",1
¿Alguien sabe a qué hora abre la biblioteca central de la facultad?,0
"Qué pendejo estoy, olvidé el archivo en la otra computadora.",0
"Muchas gracias por compartir el enlace con la documentación de la API. Qué dolor de cabeza, puta madre.",0
"Qué pendejada acabo de hacer con el café, lo derramé sobre el teclado.",0
Ese hater es una completa idiota y ojalá te pase algo malo.,1
ESE HATER RESULTÓ SER UNA INEPTO Y ERES UN PELIGRO SOCIAL.,1
ESA MUJER DEMUESTRA SER UNA BASURA Y DEBERÍAN BANEARLO YA.,1
"Está cabrón terminar este proyecto final para el lunes. Qué dolor de cabeza, puta madre.",0
Ese hater se comporta como una imbécil y lárgate de esta plataforma.,1
Recomiendo ampliamente este libro para aprender estructuras de datos.,0
EL ÁRBITRO DEMUESTRA SER UNA IDIOTA Y ERES UN PELIGRO SOCIAL.,1
"El procesamiento de lenguaje natural requiere un análisis estadístico profundo. Qué dolor de cabeza, puta madre.",0
"El examen de la facultad estuvo de la chingada, pero alcancé a pasar.",0
"El examen de la facultad estuvo de la chingada, pero alcancé a pasar.",0
"Ya valió madre, se cayó el sistema de la escuela otra vez.",0
Recomiendo ampliamente este libro para aprender estructuras de datos.,0
Está cabrón terminar este proyecto final para el lunes.,0
ESTE TIPO SE COMPORTA COMO UNA PARÁSITO Y ERES UN PELIGRO SOCIAL.,1
ESTE TIPO ES UNA COMPLETA IMBÉCIL Y LÁRGATE DE ESTA PLATAFORMA.,1
El moderador se comporta como una basura y eres un peligro social.,1
El árbitro se comporta como una ignorante y da asco que exista.,1
Ese usuario se comporta como una imbécil y ojalá te pase algo malo.,1
"El árbitro debería desaparecer, arruina la comunidad y nadie lo quiere aquí.",1
"Ya valió madre, se cayó el sistema de la escuela otra vez.",0
Este tipo demuestra ser una mierda y da asco que exista.,1
El creador del video resultó ser una escoria y eres un peligro social.,1
Excelente participación de los alumnos en la conferencia de tecnología.,0
Esa mujer resultó ser una parásito y da asco que exista.,1
La diputada demuestra ser una basura y ojalá te pase algo malo.,1
El streamer demuestra ser una imbécil y da asco que exista.,1
"Qué pendejada acabo de hacer con el café, lo derramé sobre el teclado.",0
Esa mujer demuestra ser una rata y deberían banearlo ya.,1
"No mames, está cabrón el tráfico de hoy en la avenida principal.",0
"El examen de la facultad estuvo de la chingada, pero alcancé a pasar. Qué dolor de cabeza, puta madre.",0
El creador del video demuestra ser una parásito y lárgate de esta plataforma.,1
"Qué pendejo estoy, olvidé el archivo en la otra computadora.",0
EL CREADOR DEL VIDEO RESULTÓ SER UNA CABRÓN Y ERES UN PELIGRO SOCIAL.,1
EL CREADOR DEL VIDEO NO ES MÁS QUE UNA IDIOTA Y DEBERÍAN BANEARLO YA.,1
El moderador demuestra ser una pendeja y lárgate de esta plataforma.,1
¿Alguien sabe a qué hora abre la biblioteca central de la facultad?,0
Esa mujer no es más que una ignorante y da asco que exista.,1
"Está cabrón terminar este proyecto final para el lunes. Qué dolor de cabeza, puta madre.",0
Muchas gracias por compartir el enlace con la documentación de la API.,0
"Qué pendejada acabo de hacer con el café, lo derramé sobre el teclado.",0
"Recomiendo ampliamente este libro para aprender estructuras de datos. Qué dolor de cabeza, puta madre.",0
La diputada se comporta como una parásito y deberían banearlo ya.,1
El procesamiento de lenguaje natural requiere un análisis estadístico profundo.,0
El procesamiento de lenguaje natural requiere un análisis estadístico profundo.,0
El streamer resultó ser una plaga y hay que lincharlo entre todos.,1
"No mames, está cabrón el tráfico de hoy en la avenida principal. Qué dolor de cabeza, puta madre.",0
ESA MUJER RESULTÓ SER UNA MIERDA Y HAY QUE LINCHARLO ENTRE TODOS.,1
"Ya valió madre, se cayó el sistema de la escuela otra vez. Qué dolor de cabeza, puta madre.",0
"El streamer debería desaparecer, arruina la comunidad y nadie lo quiere aquí.",1
La diputada se comporta como una imbécil y lárgate de esta plataforma.,1
El candidato demuestra ser una parásito y hay que lincharlo entre todos.,1
Ese hater demuestra ser una parásito y da asco que exista.,1
"Qué pendejada acabo de hacer con el café, lo derramé sobre el teclado. Qué dolor de cabeza, puta madre.",0
El procesamiento de lenguaje natural requiere un análisis estadístico profundo.,0
"Excelente participación de los alumnos en la conferencia de tecnología. Qué dolor de cabeza, puta madre.",0
"Ya valió madre, se cayó el sistema de la escuela otra vez. Qué dolor de cabeza, puta madre.",0
"La diputada debería desaparecer, arruina la comunidad y nadie lo quiere aquí.",1
Ese usuario no es más que una plaga y ojalá te pase algo malo.,1
"No mames, está cabrón el tráfico de hoy en la avenida principal.",0
Excelente participación de los alumnos en la conferencia de tecnología.,0
ESE HATER DEMUESTRA SER UNA CABRÓN Y HAY QUE LINCHARLO ENTRE TODOS.,1
"El examen de la facultad estuvo de la chingada, pero alcancé a pasar. Qué dolor de cabeza, puta madre.",0
Está cabrón terminar este proyecto final para el lunes.,0
EL STREAMER RESULTÓ SER UNA INEPTO Y ERES UN PELIGRO SOCIAL.,1
El árbitro no es más que una incompetente y lárgate de esta plataforma.,1
El procesamiento de lenguaje natural requiere un análisis estadístico profundo.,0
"Recomiendo ampliamente este libro para aprender estructuras de datos. Qué dolor de cabeza, puta madre.",0
Ese hater es una completa parásito y deberían banearlo ya.,1
Está cabrón terminar este proyecto final para el lunes.,0
El creador del video resultó ser una parásito y hay que lincharlo entre todos.,1
"Muchas gracias por compartir el enlace con la documentación de la API. Qué dolor de cabeza, puta madre.",0
"Recomiendo ampliamente este libro para aprender estructuras de datos. Qué dolor de cabeza, puta madre.",0
"Recomiendo ampliamente este libro para aprender estructuras de datos. Qué dolor de cabeza, puta madre.",0
El creador del video resultó ser una inepto y ojalá te pase algo malo.,1
"Qué pendejo estoy, olvidé el archivo en la otra computadora.",0
¿Alguien sabe a qué hora abre la biblioteca central de la facultad?,0
EL CANDIDATO DEMUESTRA SER UNA MISERABLE Y ERES UN PELIGRO SOCIAL.,1
"El examen de la facultad estuvo de la chingada, pero alcancé a pasar. Qué dolor de cabeza, puta madre.",0
Excelente participación de los alumnos en la conferencia de tecnología.,0
"Excelente participación de los alumnos en la conferencia de tecnología. Qué dolor de cabeza, puta madre.",0
Muchas gracias por compartir el enlace con la documentación de la API.,0
"El examen de la facultad estuvo de la chingada, pero alcancé a pasar.",0
Muchas gracias por compartir el enlace con la documentación de la API.,0
EL CANDIDATO SE COMPORTA COMO UNA PARÁSITO Y DA ASCO QUE EXISTA.,1
Este tipo resultó ser una pendejo y lárgate de esta plataforma.,1
Está cabrón terminar este proyecto final para el lunes.,0
"No mames, está cabrón el tráfico de hoy en la avenida principal. Qué dolor de cabeza, puta madre.",0
Ese usuario se comporta como una incompetente y eres un peligro social.,1
El creador del video es una completa inepto y deberían banearlo ya.,1
"Qué pendejada acabo de hacer con el café, lo derramé sobre el teclado.",0
EL STREAMER ES UNA COMPLETA MISERABLE Y ERES UN PELIGRO SOCIAL.,1
El streamer no es más que una ignorante y hay que lincharlo entre todos.,1
Muchas gracias por compartir el enlace con la documentación de la API.,0
El streamer es una completa miserable y lárgate de esta plataforma.,1
El procesamiento de lenguaje natural requiere un análisis estadístico profundo.,0
Ese usuario no es más que una basura y hay que lincharlo entre todos.,1
EL MODERADOR RESULTÓ SER UNA LACRA Y OJALÁ TE PASE ALGO MALO.,1
"¿Alguien sabe a qué hora abre la biblioteca central de la facultad? Qué dolor de cabeza, puta madre.",0
"El proyecto final de ingeniería quedó agendada para el próximo lunes. Qué dolor de cabeza, puta madre.",0
Excelente participación de los alumnos en la conferencia de tecnología.,0
Este tipo no es más que una parásito y hay que lincharlo entre todos.,1
El candidato demuestra ser una idiota y eres un peligro social.,1
Esa mujer demuestra ser una plaga y eres un peligro social.,1
El árbitro demuestra ser una idiota y eres un peligro social.,1
"El árbitro debería desaparecer, arruina la comunidad y nadie lo quiere aquí.",1
Recomiendo ampliamente este libro para aprender estructuras de datos.,0
El moderador se comporta como una imbécil y lárgate de esta plataforma.,1
Esa mujer es una completa mierda y lárgate de esta plataforma.,1
El creador del video no es más que una incompetente y ojalá te pase algo malo.,1
Este tipo se comporta como una cabrón y ojalá te pase algo malo.,1
El candidato resultó ser una pendeja y ojalá te pase algo malo.,1
Ese hater demuestra ser una plaga y deberían banearlo ya.,1
"¿Alguien sabe a qué hora abre la biblioteca central de la facultad? Qué dolor de cabeza, puta madre.",0
Este tipo resultó ser una mierda y ojalá te pase algo malo.,1
El árbitro no es más que una idiota y lárgate de esta plataforma.,1
¿Alguien sabe a qué hora abre la biblioteca central de la facultad?,0
Ese usuario demuestra ser una incompetente y deberían banearlo ya.,1
Está cabrón terminar este proyecto final para el lunes.,0
"No mames, está cabrón el tráfico de hoy en la avenida principal.",0
"Qué pendejada acabo de hacer con el café, lo derramé sobre el teclado.",0
"Está cabrón terminar este proyecto final para el lunes. Qué dolor de cabeza, puta madre.",0
ESE USUARIO SE COMPORTA COMO UNA ESCORIA Y DA ASCO QUE EXISTA.,1
El árbitro demuestra ser una ignorante y da asco que exista.,1
"No mames, está cabrón el tráfico de hoy en la avenida principal. Qué dolor de cabeza, puta madre.",0
Muchas gracias por compartir el enlace con la documentación de la API.,0
Está cabrón terminar este proyecto final para el lunes.,0
Muchas gracias por compartir el enlace con la documentación de la API.,0
El streamer resultó ser una rata y ojalá te pase algo malo.,1
"Qué pendejada acabo de hacer con el café, lo derramé sobre el teclado. Qué dolor de cabeza, puta madre.",0
"¿Alguien sabe a qué hora abre la biblioteca central de la facultad? Qué dolor de cabeza, puta madre.",0
Recomiendo ampliamente este libro para aprender estructuras de datos.,0
"Ya valió madre, se cayó el sistema de la escuela otra vez.",0
Está cabrón terminar este proyecto final para el lunes.,0
"El proyecto final de ingeniería quedó agendada para el próximo lunes. Qué dolor de cabeza, puta madre.",0
Muchas gracias por compartir el enlace con la documentación de la API.,0
Este tipo demuestra ser una imbécil y da asco que exista.,1
"Qué pendejada acabo de hacer con el café, lo derramé sobre el teclado. Qué dolor de cabeza, puta madre.",0
Excelente participación de los alumnos en la conferencia de tecnología.,0
"Qué pendejo estoy, olvidé el archivo en la otra computadora. Qué dolor de cabeza, puta madre.",0
"Qué pendejada acabo de hacer con el café, lo derramé sobre el teclado. Qué dolor de cabeza, puta madre.",0
La diputada resultó ser una basura y eres un peligro social.,1
Muchas gracias por compartir el enlace con la documentación de la API.,0
EL CREADOR DEL VIDEO SE COMPORTA COMO UNA CABRÓN Y DEBERÍAN BANEARLO YA.,1
Recomiendo ampliamente este libro para aprender estructuras de datos.,0
"La diputada debería desaparecer, arruina la comunidad y nadie lo quiere aquí.",1
Ese usuario es una completa pendeja y lárgate de esta plataforma.,1
Ese usuario demuestra ser una plaga y deberían banearlo ya.,1
"Qué pendejada acabo de hacer con el café, lo derramé sobre el teclado.",0
Ese hater resultó ser una inepto y deberían banearlo ya.,1
El creador del video no es más que una plaga y hay que lincharlo entre todos.,1
"El examen de la facultad estuvo de la chingada, pero alcancé a pasar.",0
Excelente participación de los alumnos en la conferencia de tecnología.,0
EL STREAMER RESULTÓ SER UNA IDIOTA Y HAY QUE LINCHARLO ENTRE TODOS.,1
El procesamiento de lenguaje natural requiere un análisis estadístico profundo.,0
"No mames, está cabrón el tráfico de hoy en la avenida principal.",0
El streamer demuestra ser una parásito y hay que lincharlo entre todos.,1
El moderador demuestra ser una escoria y deberían banearlo ya.,1
"Qué pendejo estoy, olvidé el archivo en la otra computadora.",0
"No mames, está cabrón el tráfico de hoy en la avenida principal.",0
Ese hater no es más que una escoria y eres un peligro social.,1
Ese usuario se comporta como una pendejo y lárgate de esta plataforma.,1
El creador del video se comporta como una idiota y lárgate de esta plataforma.,1
Esa mujer resultó ser una ignorante y deberían banearlo ya.,1
Esa mujer demuestra ser una basura y da asco que exista.,1
La diputada demuestra ser una mierda y ojalá te pase algo malo.,1
"Ya valió madre, se cayó el sistema de la escuela otra vez. Qué dolor de cabeza, puta madre.",0
"Qué pendejo estoy, olvidé el archivo en la otra computadora. Qué dolor de cabeza, puta madre.",0
Este tipo demuestra ser una inepto y hay que lincharlo entre todos.,1
"No mames, está cabrón el tráfico de hoy en la avenida principal. Qué dolor de cabeza, puta madre.",0
El moderador es una completa miserable y deberían banearlo ya.,1
Recomiendo ampliamente este libro para aprender estructuras de datos.,0
"No mames, está cabrón el tráfico de hoy en la avenida principal.",0
Ese hater no es más que una parásito y eres un peligro social.,1
"Está cabrón terminar este proyecto final para el lunes. Qué dolor de cabeza, puta madre.",0
Muchas gracias por compartir el enlace con la documentación de la API.,0
"Ya valió madre, se cayó el sistema de la escuela otra vez.",0
Está cabrón terminar este proyecto final para el lunes.,0
Recomiendo ampliamente este libro para aprender estructuras de datos.,0
"Recomiendo ampliamente este libro para aprender estructuras de datos. Qué dolor de cabeza, puta madre.",0
Ese usuario no es más que una pendeja y lárgate de esta plataforma.,1
EL MODERADOR ES UNA COMPLETA PARÁSITO Y DA ASCO QUE EXISTA.,1
El proyecto final de ingeniería quedó agendada para el próximo lunes.,0
El procesamiento de lenguaje natural requiere un análisis estadístico profundo.,0
"Ya valió madre, se cayó el sistema de la escuela otra vez. Qué dolor de cabeza, puta madre.",0
"Qué pendejo estoy, olvidé el archivo en la otra computadora. Qué dolor de cabeza, puta madre.",0
Esa mujer se comporta como una plaga y hay que lincharlo entre todos.,1
El árbitro demuestra ser una escoria y ojalá te pase algo malo.,1
El streamer se comporta como una miserable y hay que lincharlo entre todos.,1
"El examen de la facultad estuvo de la chingada, pero alcancé a pasar. Qué dolor de cabeza, puta madre.",0
El streamer es una completa mierda y eres un peligro social.,1
El creador del video se comporta como una basura y eres un peligro social.,1
ESA MUJER DEMUESTRA SER UNA PENDEJA Y DA ASCO QUE EXISTA.,1
Este tipo se comporta como una ignorante y hay que lincharlo entre todos.,1
¿Alguien sabe a qué hora abre la biblioteca central de la facultad?,0
El candidato se comporta como una pendeja y ojalá te pase algo malo.,1
El moderador se comporta como una basura y lárgate de esta plataforma.,1
El creador del video demuestra ser una pendeja y da asco que exista.,1
Esa mujer demuestra ser una imbécil y ojalá te pase algo malo.,1
"EL STREAMER DEBERÍA DESAPARECER, ARRUINA LA COMUNIDAD Y NADIE LO QUIERE AQUÍ.",1
El moderador demuestra ser una mierda y ojalá te pase algo malo.,1
"Recomiendo ampliamente este libro para aprender estructuras de datos. Qué dolor de cabeza, puta madre.",0
"Muchas gracias por compartir el enlace con la documentación de la API. Qué dolor de cabeza, puta madre.",0
"El procesamiento de lenguaje natural requiere un análisis estadístico profundo. Qué dolor de cabeza, puta madre.",0
"No mames, está cabrón el tráfico de hoy en la avenida principal. Qué dolor de cabeza, puta madre.",0
El moderador se comporta como una basura y hay que lincharlo entre todos.,1
ESTE TIPO RESULTÓ SER UNA PARÁSITO Y ERES UN PELIGRO SOCIAL.,1
"Ya valió madre, se cayó el sistema de la escuela otra vez. Qué dolor de cabeza, puta madre.",0
Este tipo se comporta como una escoria y lárgate de esta plataforma.,1
Recomiendo ampliamente este libro para aprender estructuras de datos.,0
EL CREADOR DEL VIDEO RESULTÓ SER UNA BASURA Y LÁRGATE DE ESTA PLATAFORMA.,1
El creador del video es una completa pendeja y deberían banearlo ya.,1
Ese usuario es una completa plaga y eres un peligro social.,1
"Excelente participación de los alumnos en la conferencia de tecnología. Qué dolor de cabeza, puta madre.",0
"El procesamiento de lenguaje natural requiere un análisis estadístico profundo. Qué dolor de cabeza, puta madre.",0
"No mames, está cabrón el tráfico de hoy en la avenida principal.",0
Este tipo es una completa incompetente y deberían banearlo ya.,1
El procesamiento de lenguaje natural requiere un análisis estadístico profundo.,0
Muchas gracias por compartir el enlace con la documentación de la API.,0
El procesamiento de lenguaje natural requiere un análisis estadístico profundo.,0
Está cabrón terminar este proyecto final para el lunes.,0
"El examen de la facultad estuvo de la chingada, pero alcancé a pasar.",0
Esa mujer resultó ser una escoria y hay que lincharlo entre todos.,1
"Ya valió madre, se cayó el sistema de la escuela otra vez.",0
Ese hater no es más que una incompetente y da asco que exista.,1
El proyecto final de ingeniería quedó agendada para el próximo lunes.,0
El candidato no es más que una inepto y deberían banearlo ya.,1
Ese hater demuestra ser una escoria y deberían banearlo ya.,1
Ese hater se comporta como una lacra y ojalá te pase algo malo.,1
"Muchas gracias por compartir el enlace con la documentación de la API. Qué dolor de cabeza, puta madre.",0
Está cabrón terminar este proyecto final para el lunes.,0
"Está cabrón terminar este proyecto final para el lunes. Qué dolor de cabeza, puta madre.",0
"Qué pendejo estoy, olvidé el archivo en la otra computadora.",0
"Está cabrón terminar este proyecto final para el lunes. Qué dolor de cabeza, puta madre.",0
El streamer es una completa rata y lárgate de esta plataforma.,1
ESTE TIPO ES UNA COMPLETA CABRÓN Y OJALÁ TE PASE ALGO MALO.,1
El candidato se comporta como una plaga y deberían banearlo ya.,1
"Qué pendejada acabo de hacer con el café, lo derramé sobre el teclado. Qué dolor de cabeza, puta madre.",0
EL CREADOR DEL VIDEO DEMUESTRA SER UNA LACRA Y DA ASCO QUE EXISTA.,1
ESTE TIPO ES UNA COMPLETA BASURA Y DA ASCO QUE EXISTA.,1
ESE HATER RESULTÓ SER UNA IDIOTA Y OJALÁ TE PASE ALGO MALO.,1
ESE USUARIO DEMUESTRA SER UNA IMBÉCIL Y LÁRGATE DE ESTA PLATAFORMA.,1
El candidato resultó ser una pendejo y hay que lincharlo entre todos.,1
"No mames, está cabrón el tráfico de hoy en la avenida principal. Qué dolor de cabeza, puta madre.",0
El árbitro es una completa idiota y deberían banearlo ya.,1
"Qué pendejo estoy, olvidé el archivo en la otra computadora. Qué dolor de cabeza, puta madre.",0
"Qué pendejada acabo de hacer con el café, lo derramé sobre el teclado.",0
"Qué pendejada acabo de hacer con el café, lo derramé sobre el teclado. Qué dolor de cabeza, puta madre.",0
El proyecto final de ingeniería quedó agendada para el próximo lunes.,0
El streamer resultó ser una pendeja y deberían banearlo ya.,1
Ese usuario demuestra ser una pendeja y hay que lincharlo entre todos.,1
El proyecto final de ingeniería quedó agendada para el próximo lunes.,0
"El creador del video debería desaparecer, arruina la comunidad y nadie lo quiere aquí.",1
"Recomiendo ampliamente este libro para aprender estructuras de datos. Qué dolor de cabeza, puta madre.",0
Ese hater no es más que una escoria y ojalá te pase algo malo.,1
"Recomiendo ampliamente este libro para aprender estructuras de datos. Qué dolor de cabeza, puta madre.",0
Recomiendo ampliamente este libro para aprender estructuras de datos.,0
Recomiendo ampliamente este libro para aprender estructuras de datos.,0
"Ya valió madre, se cayó el sistema de la escuela otra vez. Qué dolor de cabeza, puta madre.",0
Ese usuario es una completa cabrón y lárgate de esta plataforma.,1
El creador del video se comporta como una mierda y lárgate de esta plataforma.,1
"No mames, está cabrón el tráfico de hoy en la avenida principal.",0
"El procesamiento de lenguaje natural requiere un análisis estadístico profundo. Qué dolor de cabeza, puta madre.",0
Está cabrón terminar este proyecto final para el lunes.,0
"Ya valió madre, se cayó el sistema de la escuela otra vez.",0
El creador del video se comporta como una basura y lárgate de esta plataforma.,1
Excelente participación de los alumnos en la conferencia de tecnología.,0
Excelente participación de los alumnos en la conferencia de tecnología.,0
"Ya valió madre, se cayó el sistema de la escuela otra vez.",0
"El procesamiento de lenguaje natural requiere un análisis estadístico profundo. Qué dolor de cabeza, puta madre.",0
Ese usuario se comporta como una plaga y lárgate de esta plataforma.,1
"Qué pendejada acabo de hacer con el café, lo derramé sobre el teclado.",0
"Muchas gracias por compartir el enlace con la documentación de la API. Qué dolor de cabeza, puta madre.",0
"Qué pendejada acabo de hacer con el café, lo derramé sobre el teclado.",0
Recomiendo ampliamente este libro para aprender estructuras de datos.,0
El moderador resultó ser una cabrón y lárgate de esta plataforma.,1
El streamer resultó ser una mierda y hay que lincharlo entre todos.,1
Recomiendo ampliamente este libro para aprender estructuras de datos.,0
"No mames, está cabrón el tráfico de hoy en la avenida principal.",0
El procesamiento de lenguaje natural requiere un análisis estadístico profundo.,0
Ese usuario demuestra ser una incompetente y deberían banearlo ya.,1
Esa mujer no es más que una escoria y da asco que exista.,1
Esa mujer se comporta como una mierda y lárgate de esta plataforma.,1
Muchas gracias por compartir el enlace con la documentación de la API.,0
"Qué pendejada acabo de hacer con el café, lo derramé sobre el teclado. Qué dolor de cabeza, puta madre.",0
¿Alguien sabe a qué hora abre la biblioteca central de la facultad?,0
"Qué pendejo estoy, olvidé el archivo en la otra computadora.",0
El candidato resultó ser una idiota y deberían banearlo ya.,1
"Está cabrón terminar este proyecto final para el lunes. Qué dolor de cabeza, puta madre.",0
El moderador no es más que una imbécil y ojalá te pase algo malo.,1
EL MODERADOR NO ES MÁS QUE UNA CABRÓN Y ERES UN PELIGRO SOCIAL.,1
"El examen de la facultad estuvo de la chingada, pero alcancé a pasar.",0
Ese usuario es una completa rata y eres un peligro social.,1
"Qué pendejo estoy, olvidé el archivo en la otra computadora.",0
Esa mujer no es más que una inepto y ojalá te pase algo malo.,1
El proyecto final de ingeniería quedó agendada para el próximo lunes.,0
Ese usuario se comporta como una cabrón y eres un peligro social.,1
"El streamer debería desaparecer, arruina la comunidad y nadie lo quiere aquí.",1
LA DIPUTADA RESULTÓ SER UNA CABRÓN Y HAY QUE LINCHARLO ENTRE TODOS.,1
"El examen de la facultad estuvo de la chingada, pero alcancé a pasar.",0
"Ya valió madre, se cayó el sistema de la escuela otra vez. Qué dolor de cabeza, puta madre.",0
"No mames, está cabrón el tráfico de hoy en la avenida principal.",0
Muchas gracias por compartir el enlace con la documentación de la API.,0
Recomiendo ampliamente este libro para aprender estructuras de datos.,0
El creador del video demuestra ser una ignorante y ojalá te pase algo malo.,1
El árbitro no es más que una cabrón y lárgate de esta plataforma.,1
El proyecto final de ingeniería quedó agendada para el próximo lunes.,0
El candidato no es más que una parásito y lárgate de esta plataforma.,1
ESA MUJER SE COMPORTA COMO UNA INEPTO Y LÁRGATE DE ESTA PLATAFORMA.,1
Ese hater resultó ser una cabrón y lárgate de esta plataforma.,1
El streamer demuestra ser una plaga y lárgate de esta plataforma.,1
"Qué pendejo estoy, olvidé el archivo en la otra computadora.",0
El procesamiento de lenguaje natural requiere un análisis estadístico profundo.,0
Esa mujer es una completa lacra y hay que lincharlo entre todos.,1
Esa mujer se comporta como una miserable y deberían banearlo ya.,1
Esa mujer es una completa idiota y lárgate de esta plataforma.,1
La diputada no es más que una pendejo y hay que lincharlo entre todos.,1
Está cabrón terminar este proyecto final para el lunes.,0
El creador del video resultó ser una rata y deberían banearlo ya.,1
"Qué pendejada acabo de hacer con el café, lo derramé sobre el teclado.",0
El candidato resultó ser una plaga y lárgate de esta plataforma.,1
"El proyecto final de ingeniería quedó agendada para el próximo lunes. Qué dolor de cabeza, puta madre.",0
Este tipo resultó ser una pendejo y deberían banearlo ya.,1
La diputada no es más que una incompetente y lárgate de esta plataforma.,1
EL MODERADOR SE COMPORTA COMO UNA PENDEJO Y OJALÁ TE PASE ALGO MALO.,1
ESA MUJER RESULTÓ SER UNA INCOMPETENTE Y DA ASCO QUE EXISTA.,1
El candidato demuestra ser una pendeja y lárgate de esta plataforma.,1
Muchas gracias por compartir el enlace con la documentación de la API.,0
El moderador resultó ser una pendejo y hay que lincharlo entre todos.,1
Está cabrón terminar este proyecto final para el lunes.,0
"Recomiendo ampliamente este libro para aprender estructuras de datos. Qué dolor de cabeza, puta madre.",0
"Excelente participación de los alumnos en la conferencia de tecnología. Qué dolor de cabeza, puta madre.",0
"El examen de la facultad estuvo de la chingada, pero alcancé a pasar.",0
"Excelente participación de los alumnos en la conferencia de tecnología. Qué dolor de cabeza, puta madre.",0
"Qué pendejo estoy, olvidé el archivo en la otra computadora.",0
El creador del video es una completa basura y eres un peligro social.,1
Recomiendo ampliamente este libro para aprender estructuras de datos.,0
"El examen de la facultad estuvo de la chingada, pero alcancé a pasar.",0
"Ya valió madre, se cayó el sistema de la escuela otra vez.",0
Este tipo no es más que una lacra y hay que lincharlo entre todos.,1
El streamer resultó ser una pendeja y hay que lincharlo entre todos.,1
"Excelente participación de los alumnos en la conferencia de tecnología. Qué dolor de cabeza, puta madre.",0
EL CANDIDATO NO ES MÁS QUE UNA MISERABLE Y DEBERÍAN BANEARLO YA.,1
El candidato demuestra ser una parásito y hay que lincharlo entre todos.,1
El streamer se comporta como una idiota y eres un peligro social.,1
"Ya valió madre, se cayó el sistema de la escuela otra vez.",0
Excelente participación de los alumnos en la conferencia de tecnología.,0
El proyecto final de ingeniería quedó agendada para el próximo lunes.,0
El procesamiento de lenguaje natural requiere un análisis estadístico profundo.,0
El streamer es una completa incompetente y ojalá te pase algo malo.,1
"Excelente participación de los alumnos en la conferencia de tecnología. Qué dolor de cabeza, puta madre.",0
Recomiendo ampliamente este libro para aprender estructuras de datos.,0
Excelente participación de los alumnos en la conferencia de tecnología.,0
El proyecto final de ingeniería quedó agendada para el próximo lunes.,0
¿Alguien sabe a qué hora abre la biblioteca central de la facultad?,0
El streamer es una completa incompetente y deberían banearlo ya.,1
"El examen de la facultad estuvo de la chingada, pero alcancé a pasar.",0
EL ÁRBITRO DEMUESTRA SER UNA BASURA Y DEBERÍAN BANEARLO YA.,1
El candidato es una completa idiota y hay que lincharlo entre todos.,1
El creador del video demuestra ser una basura y eres un peligro social.,1
El árbitro resultó ser una miserable y da asco que exista.,1
El creador del video se comporta como una basura y da asco que exista.,1
"Qué pendejada acabo de hacer con el café, lo derramé sobre el teclado. Qué dolor de cabeza, puta madre.",0
EL ÁRBITRO DEMUESTRA SER UNA BASURA Y OJALÁ TE PASE ALGO MALO.,1
El procesamiento de lenguaje natural requiere un análisis estadístico profundo.,0
"Qué pendejo estoy, olvidé el archivo en la otra computadora. Qué dolor de cabeza, puta madre.",0
El candidato no es más que una cabrón y lárgate de esta plataforma.,1
Muchas gracias por compartir el enlace con la documentación de la API.,0
ESA MUJER DEMUESTRA SER UNA RATA Y DA ASCO QUE EXISTA.,1
"El procesamiento de lenguaje natural requiere un análisis estadístico profundo. Qué dolor de cabeza, puta madre.",0
La diputada es una completa rata y hay que lincharlo entre todos.,1
"El examen de la facultad estuvo de la chingada, pero alcancé a pasar.",0
Está cabrón terminar este proyecto final para el lunes.,0
"El proyecto final de ingeniería quedó agendada para el próximo lunes. Qué dolor de cabeza, puta madre.",0
Esa mujer resultó ser una imbécil y hay que lincharlo entre todos.,1
EL CREADOR DEL VIDEO ES UNA COMPLETA INCOMPETENTE Y LÁRGATE DE ESTA PLATAFORMA.,1
LA DIPUTADA RESULTÓ SER UNA INEPTO Y DEBERÍAN BANEARLO YA.,1
"Qué pendejo estoy, olvidé el archivo en la otra computadora. Qué dolor de cabeza, puta madre.",0
El árbitro demuestra ser una incompetente y hay que lincharlo entre todos.,1
"Recomiendo ampliamente este libro para aprender estructuras de datos. Qué dolor de cabeza, puta madre.",0
Este tipo se comporta como una lacra y da asco que exista.,1
El moderador se comporta como una ignorante y lárgate de esta plataforma.,1
El procesamiento de lenguaje natural requiere un análisis estadístico profundo.,0
ESE HATER ES UNA COMPLETA MISERABLE Y DEBERÍAN BANEARLO YA.,1
"Qué pendejada acabo de hacer con el café, lo derramé sobre el teclado. Qué dolor de cabeza, puta madre.",0
"No mames, está cabrón el tráfico de hoy en la avenida principal. Qué dolor de cabeza, puta madre.",0
EL MODERADOR ES UNA COMPLETA PARÁSITO Y DEBERÍAN BANEARLO YA.,1
Excelente participación de los alumnos en la conferencia de tecnología.,0
"El examen de la facultad estuvo de la chingada, pero alcancé a pasar. Qué dolor de cabeza, puta madre.",0
"Qué pendejada acabo de hacer con el café, lo derramé sobre el teclado. Qué dolor de cabeza, puta madre.",0
EL STREAMER RESULTÓ SER UNA RATA Y HAY QUE LINCHARLO ENTRE TODOS.,1
Ese hater es una completa rata y da asco que exista.,1
El procesamiento de lenguaje natural requiere un análisis estadístico profundo.,0
"Qué pendejo estoy, olvidé el archivo en la otra computadora.",0
"Qué pendejo estoy, olvidé el archivo en la otra computadora.",0
ESE HATER NO ES MÁS QUE UNA INCOMPETENTE Y ERES UN PELIGRO SOCIAL.,1
"Qué pendejo estoy, olvidé el archivo en la otra computadora. Qué dolor de cabeza, puta madre.",0
"Está cabrón terminar este proyecto final para el lunes. Qué dolor de cabeza, puta madre.",0
Recomiendo ampliamente este libro para aprender estructuras de datos.,0
EL STREAMER ES UNA COMPLETA BASURA Y DA ASCO QUE EXISTA.,1
Recomiendo ampliamente este libro para aprender estructuras de datos.,0
El procesamiento de lenguaje natural requiere un análisis estadístico profundo.,0
El árbitro resultó ser una incompetente y da asco que exista.,1
El streamer demuestra ser una escoria y eres un peligro social.,1
¿Alguien sabe a qué hora abre la biblioteca central de la facultad?,0
"Ya valió madre, se cayó el sistema de la escuela otra vez. Qué dolor de cabeza, puta madre.",0
"Qué pendejada acabo de hacer con el café, lo derramé sobre el teclado.",0
El streamer resultó ser una ignorante y lárgate de esta plataforma.,1
¿Alguien sabe a qué hora abre la biblioteca central de la facultad?,0
Ese hater no es más que una lacra y ojalá te pase algo malo.,1
EL STREAMER ES UNA COMPLETA MIERDA Y OJALÁ TE PASE ALGO MALO.,1
"¿Alguien sabe a qué hora abre la biblioteca central de la facultad? Qué dolor de cabeza, puta madre.",0
"Ya valió madre, se cayó el sistema de la escuela otra vez.",0
"Ya valió madre, se cayó el sistema de la escuela otra vez. Qué dolor de cabeza, puta madre.",0
"EL MODERADOR DEBERÍA DESAPARECER, ARRUINA LA COMUNIDAD Y NADIE LO QUIERE AQUÍ.",1
"El examen de la facultad estuvo de la chingada, pero alcancé a pasar.",0
Ese hater demuestra ser una pendejo y eres un peligro social.,1
"Qué pendejada acabo de hacer con el café, lo derramé sobre el teclado.",0
El creador del video se comporta como una incompetente y ojalá te pase algo malo.,1
Está cabrón terminar este proyecto final para el lunes.,0
"Qué pendejo estoy, olvidé el archivo en la otra computadora. Qué dolor de cabeza, puta madre.",0
Ese usuario es una completa plaga y da asco que exista.,1
Ese hater resultó ser una pendeja y hay que lincharlo entre todos.,1
"El examen de la facultad estuvo de la chingada, pero alcancé a pasar.",0
El árbitro no es más que una miserable y lárgate de esta plataforma.,1
"Qué pendejada acabo de hacer con el café, lo derramé sobre el teclado.",0
EL ÁRBITRO ES UNA COMPLETA BASURA Y HAY QUE LINCHARLO ENTRE TODOS.,1
El proyecto final de ingeniería quedó agendada para el próximo lunes.,0
"Qué pendejo estoy, olvidé el archivo en la otra computadora. Qué dolor de cabeza, puta madre.",0
Está cabrón terminar este proyecto final para el lunes.,0
Ese hater no es más que una pendejo y da asco que exista.,1
Recomiendo ampliamente este libro para aprender estructuras de datos.,0
Esa mujer no es más que una escoria y eres un peligro social.,1
El proyecto final de ingeniería quedó agendada para el próximo lunes.,0
El árbitro demuestra ser una idiota y da asco que exista.,1
"Muchas gracias por compartir el enlace con la documentación de la API. Qué dolor de cabeza, puta madre.",0
Ese usuario resultó ser una escoria y eres un peligro social.,1
"Muchas gracias por compartir el enlace con la documentación de la API. Qué dolor de cabeza, puta madre.",0
Ese usuario es una completa basura y lárgate de esta plataforma.,1
LA DIPUTADA ES UNA COMPLETA INEPTO Y LÁRGATE DE ESTA PLATAFORMA.,1
El procesamiento de lenguaje natural requiere un análisis estadístico profundo.,0
El creador del video demuestra ser una incompetente y da asco que exista.,1
La diputada no es más que una ignorante y ojalá te pase algo malo.,1
"¿Alguien sabe a qué hora abre la biblioteca central de la facultad? Qué dolor de cabeza, puta madre.",0
"ESA MUJER DEBERÍA DESAPARECER, ARRUINA LA COMUNIDAD Y NADIE LO QUIERE AQUÍ.",1
¿Alguien sabe a qué hora abre la biblioteca central de la facultad?,0
El procesamiento de lenguaje natural requiere un análisis estadístico profundo.,0
Ese hater resultó ser una escoria y lárgate de esta plataforma.,1
"Ya valió madre, se cayó el sistema de la escuela otra vez.",0
EL MODERADOR SE COMPORTA COMO UNA INEPTO Y HAY QUE LINCHARLO ENTRE TODOS.,1
El streamer resultó ser una imbécil y da asco que exista.,1
Ese hater demuestra ser una lacra y da asco que exista.,1
"Ya valió madre, se cayó el sistema de la escuela otra vez.",0
El moderador no es más que una incompetente y lárgate de esta plataforma.,1
"Qué pendejo estoy, olvidé el archivo en la otra computadora.",0
El candidato demuestra ser una ignorante y eres un peligro social.,1
"Está cabrón terminar este proyecto final para el lunes. Qué dolor de cabeza, puta madre.",0
ESE HATER NO ES MÁS QUE UNA ESCORIA Y OJALÁ TE PASE ALGO MALO.,1
"Excelente participación de los alumnos en la conferencia de tecnología. Qué dolor de cabeza, puta madre.",0
"El proyecto final de ingeniería quedó agendada para el próximo lunes. Qué dolor de cabeza, puta madre.",0
"Qué pendejada acabo de hacer con el café, lo derramé sobre el teclado. Qué dolor de cabeza, puta madre.",0
El árbitro se comporta como una incompetente y deberían banearlo ya.,1
Ese usuario resultó ser una basura y ojalá te pase algo malo.,1
"El proyecto final de ingeniería quedó agendada para el próximo lunes. Qué dolor de cabeza, puta madre.",0
"Muchas gracias por compartir el enlace con la documentación de la API. Qué dolor de cabeza, puta madre.",0
"Qué pendejada acabo de hacer con el café, lo derramé sobre el teclado.",0
"Ya valió madre, se cayó el sistema de la escuela otra vez. Qué dolor de cabeza, puta madre.",0
Este tipo demuestra ser una rata y ojalá te pase algo malo.,1
El proyecto final de ingeniería quedó agendada para el próximo lunes.,0
"No mames, está cabrón el tráfico de hoy en la avenida principal. Qué dolor de cabeza, puta madre.",0
Este tipo no es más que una lacra y hay que lincharlo entre todos.,1
"El examen de la facultad estuvo de la chingada, pero alcancé a pasar.",0
"ESTE TIPO DEBERÍA DESAPARECER, ARRUINA LA COMUNIDAD Y NADIE LO QUIERE AQUÍ.",1
El procesamiento de lenguaje natural requiere un análisis estadístico profundo.,0
La diputada resultó ser una imbécil y da asco que exista.,1
"El proyecto final de ingeniería quedó agendada para el próximo lunes. Qué dolor de cabeza, puta madre.",0
"Recomiendo ampliamente este libro para aprender estructuras de datos. Qué dolor de cabeza, puta madre.",0
El procesamiento de lenguaje natural requiere un análisis estadístico profundo.,0
ESE USUARIO SE COMPORTA COMO UNA RATA Y OJALÁ TE PASE ALGO MALO.,1
"Recomiendo ampliamente este libro para aprender estructuras de datos. Qué dolor de cabeza, puta madre.",0
EL STREAMER ES UNA COMPLETA PLAGA Y DEBERÍAN BANEARLO YA.,1
Muchas gracias por compartir el enlace con la documentación de la API.,0
"El moderador debería desaparecer, arruina la comunidad y nadie lo quiere aquí.",1
¿Alguien sabe a qué hora abre la biblioteca central de la facultad?,0
"Muchas gracias por compartir el enlace con la documentación de la API. Qué dolor de cabeza, puta madre.",0
Ese usuario demuestra ser una miserable y ojalá te pase algo malo.,1
La diputada no es más que una pendejo y deberían banearlo ya.,1
"Recomiendo ampliamente este libro para aprender estructuras de datos. Qué dolor de cabeza, puta madre.",0
El creador del video se comporta como una plaga y lárgate de esta plataforma.,1
Ese usuario se comporta como una parásito y ojalá te pase algo malo.,1
Este tipo es una completa basura y da asco que exista.,1
"Ya valió madre, se cayó el sistema de la escuela otra vez.",0
"El examen de la facultad estuvo de la chingada, pero alcancé a pasar.",0
El candidato resultó ser una plaga y ojalá te pase algo malo.,1
El creador del video se comporta como una ignorante y eres un peligro social.,1
¿Alguien sabe a qué hora abre la biblioteca central de la facultad?,0
"Está cabrón terminar este proyecto final para el lunes. Qué dolor de cabeza, puta madre.",0
Ese hater resultó ser una cabrón y ojalá te pase algo malo.,1
EL CREADOR DEL VIDEO NO ES MÁS QUE UNA PENDEJO Y DA ASCO QUE EXISTA.,1
El moderador demuestra ser una miserable y da asco que exista.,1
"No mames, está cabrón el tráfico de hoy en la avenida principal. Qué dolor de cabeza, puta madre.",0
"El streamer debería desaparecer, arruina la comunidad y nadie lo quiere aquí.",1
LA DIPUTADA NO ES MÁS QUE UNA BASURA Y LÁRGATE DE ESTA PLATAFORMA.,1
El moderador resultó ser una imbécil y hay que lincharlo entre todos.,1
Está cabrón terminar este proyecto final para el lunes.,0
¿Alguien sabe a qué hora abre la biblioteca central de la facultad?,0
"Ese hater debería desaparecer, arruina la comunidad y nadie lo quiere aquí.",1
EL ÁRBITRO RESULTÓ SER UNA BASURA Y HAY QUE LINCHARLO ENTRE TODOS.,1
El candidato se comporta como una plaga y eres un peligro social.,1
EL CREADOR DEL VIDEO ES UNA COMPLETA RATA Y OJALÁ TE PASE ALGO MALO.,1
"Esa mujer debería desaparecer, arruina la comunidad y nadie lo quiere aquí.",1
Esa mujer es una completa escoria y deberían banearlo ya.,1
El streamer no es más que una inepto y lárgate de esta plataforma.,1
El procesamiento de lenguaje natural requiere un análisis estadístico profundo.,0
EL MODERADOR RESULTÓ SER UNA RATA Y OJALÁ TE PASE ALGO MALO.,1
¿Alguien sabe a qué hora abre la biblioteca central de la facultad?,0
ESE HATER DEMUESTRA SER UNA IGNORANTE Y ERES UN PELIGRO SOCIAL.,1
Ese hater se comporta como una mierda y hay que lincharlo entre todos.,1
El proyecto final de ingeniería quedó agendada para el próximo lunes.,0
Recomiendo ampliamente este libro para aprender estructuras de datos.,0
El moderador resultó ser una plaga y eres un peligro social.,1
Este tipo es una completa ignorante y eres un peligro social.,1
Esa mujer se comporta como una basura y ojalá te pase algo malo.,1
El creador del video resultó ser una rata y da asco que exista.,1
Este tipo resultó ser una pendeja y deberían banearlo ya.,1
"Ya valió madre, se cayó el sistema de la escuela otra vez.",0
El streamer no es más que una imbécil y hay que lincharlo entre todos.,1
Este tipo se comporta como una pendejo y hay que lincharlo entre todos.,1
"Qué pendejo estoy, olvidé el archivo en la otra computadora.",0
Esa mujer demuestra ser una idiota y lárgate de esta plataforma.,1
El streamer no es más que una incompetente y ojalá te pase algo malo.,1
EL CREADOR DEL VIDEO NO ES MÁS QUE UNA MIERDA Y LÁRGATE DE ESTA PLATAFORMA.,1
"Muchas gracias por compartir el enlace con la documentación de la API. Qué dolor de cabeza, puta madre.",0
"Muchas gracias por compartir el enlace con la documentación de la API. Qué dolor de cabeza, puta madre.",0
EL MODERADOR RESULTÓ SER UNA IDIOTA Y HAY QUE LINCHARLO ENTRE TODOS.,1
El candidato resultó ser una miserable y ojalá te pase algo malo.,1
"Qué pendejo estoy, olvidé el archivo en la otra computadora.",0
Ese hater se comporta como una plaga y lárgate de esta plataforma.,1
"Qué pendejada acabo de hacer con el café, lo derramé sobre el teclado. Qué dolor de cabeza, puta madre.",0
"No mames, está cabrón el tráfico de hoy en la avenida principal.",0
"No mames, está cabrón el tráfico de hoy en la avenida principal.",0
"Ya valió madre, se cayó el sistema de la escuela otra vez.",0
"Ya valió madre, se cayó el sistema de la escuela otra vez.",0
Ese hater es una completa escoria y hay que lincharlo entre todos.,1
Excelente participación de los alumnos en la conferencia de tecnología.,0
ESE HATER NO ES MÁS QUE UNA LACRA Y DA ASCO QUE EXISTA.,1
El streamer demuestra ser una inepto y ojalá te pase algo malo.,1
El árbitro es una completa mierda y da asco que exista.,1
"Ya valió madre, se cayó el sistema de la escuela otra vez.",0
El candidato no es más que una lacra y deberían banearlo ya.,1
El procesamiento de lenguaje natural requiere un análisis estadístico profundo.,0
"Ya valió madre, se cayó el sistema de la escuela otra vez. Qué dolor de cabeza, puta madre.",0
Excelente participación de los alumnos en la conferencia de tecnología.,0
"Esa mujer debería desaparecer, arruina la comunidad y nadie lo quiere aquí.",1
EL ÁRBITRO ES UNA COMPLETA PLAGA Y LÁRGATE DE ESTA PLATAFORMA.,1
La diputada no es más que una lacra y ojalá te pase algo malo.,1
"Esa mujer debería desaparecer, arruina la comunidad y nadie lo quiere aquí.",1
ESE USUARIO RESULTÓ SER UNA INCOMPETENTE Y HAY QUE LINCHARLO ENTRE TODOS.,1
"Este tipo debería desaparecer, arruina la comunidad y nadie lo quiere aquí.",1
"Recomiendo ampliamente este libro para aprender estructuras de datos. Qué dolor de cabeza, puta madre.",0
"Está cabrón terminar este proyecto final para el lunes. Qué dolor de cabeza, puta madre.",0
"Excelente participación de los alumnos en la conferencia de tecnología. Qué dolor de cabeza, puta madre.",0
"El proyecto final de ingeniería quedó agendada para el próximo lunes. Qué dolor de cabeza, puta madre.",0
El árbitro resultó ser una imbécil y da asco que exista.,1
ESA MUJER ES UNA COMPLETA IDIOTA Y ERES UN PELIGRO SOCIAL.,1
Esa mujer resultó ser una mierda y deberían banearlo ya.,1
Ese usuario no es más que una lacra y lárgate de esta plataforma.,1
El streamer resultó ser una mierda y eres un peligro social.,1
El moderador se comporta como una incompetente y eres un peligro social.,1
Esa mujer resultó ser una mierda y hay que lincharlo entre todos.,1
"Muchas gracias por compartir el enlace con la documentación de la API. Qué dolor de cabeza, puta madre.",0
"Muchas gracias por compartir el enlace con la documentación de la API. Qué dolor de cabeza, puta madre.",0
"El examen de la facultad estuvo de la chingada, pero alcancé a pasar. Qué dolor de cabeza, puta madre.",0
El creador del video es una completa parásito y hay que lincharlo entre todos.,1
ESE USUARIO NO ES MÁS QUE UNA PARÁSITO Y ERES UN PELIGRO SOCIAL.,1
EL CANDIDATO RESULTÓ SER UNA MIERDA Y DEBERÍAN BANEARLO YA.,1
"Ya valió madre, se cayó el sistema de la escuela otra vez.",0
EL CANDIDATO NO ES MÁS QUE UNA PARÁSITO Y HAY QUE LINCHARLO ENTRE TODOS.,1
El moderador se comporta como una escoria y ojalá te pase algo malo.,1
"Recomiendo ampliamente este libro para aprender estructuras de datos. Qué dolor de cabeza, puta madre.",0
El streamer demuestra ser una ignorante y da asco que exista.,1
El árbitro es una completa lacra y da asco que exista.,1
Está cabrón terminar este proyecto final para el lunes.,0
"Qué pendejada acabo de hacer con el café, lo derramé sobre el teclado. Qué dolor de cabeza, puta madre.",0
"No mames, está cabrón el tráfico de hoy en la avenida principal.",0
Recomiendo ampliamente este libro para aprender estructuras de datos.,0
"Ya valió madre, se cayó el sistema de la escuela otra vez. Qué dolor de cabeza, puta madre.",0
¿Alguien sabe a qué hora abre la biblioteca central de la facultad?,0
El creador del video resultó ser una parásito y lárgate de esta plataforma.,1
EL MODERADOR ES UNA COMPLETA INEPTO Y DA ASCO QUE EXISTA.,1
ESE USUARIO DEMUESTRA SER UNA BASURA Y LÁRGATE DE ESTA PLATAFORMA.,1
¿Alguien sabe a qué hora abre la biblioteca central de la facultad?,0
El proyecto final de ingeniería quedó agendada para el próximo lunes.,0
"Qué pendejo estoy, olvidé el archivo en la otra computadora. Qué dolor de cabeza, puta madre.",0
"No mames, está cabrón el tráfico de hoy en la avenida principal.",0
El moderador se comporta como una mierda y hay que lincharlo entre todos.,1
Ese hater demuestra ser una rata y lárgate de esta plataforma.,1
"ESTE TIPO DEBERÍA DESAPARECER, ARRUINA LA COMUNIDAD Y NADIE LO QUIERE AQUÍ.",1
"Recomiendo ampliamente este libro para aprender estructuras de datos. Qué dolor de cabeza, puta madre.",0
Muchas gracias por compartir el enlace con la documentación de la API.,0
El streamer se comporta como una incompetente y deberían banearlo ya.,1
"Qué pendejo estoy, olvidé el archivo en la otra computadora.",0
"Qué pendejada acabo de hacer con el café, lo derramé sobre el teclado.",0
El proyecto final de ingeniería quedó agendada para el próximo lunes.,0
Muchas gracias por compartir el enlace con la documentación de la API.,0
"No mames, está cabrón el tráfico de hoy en la avenida principal.",0
"El examen de la facultad estuvo de la chingada, pero alcancé a pasar.",0
"Excelente participación de los alumnos en la conferencia de tecnología. Qué dolor de cabeza, puta madre.",0
El moderador se comporta como una incompetente y da asco que exista.,1
"Está cabrón terminar este proyecto final para el lunes. Qué dolor de cabeza, puta madre.",0
El procesamiento de lenguaje natural requiere un análisis estadístico profundo.,0
Esa mujer se comporta como una lacra y lárgate de esta plataforma.,1
"El examen de la facultad estuvo de la chingada, pero alcancé a pasar. Qué dolor de cabeza, puta madre.",0
"Muchas gracias por compartir el enlace con la documentación de la API. Qué dolor de cabeza, puta madre.",0
"No mames, está cabrón el tráfico de hoy en la avenida principal. Qué dolor de cabeza, puta madre.",0
Esa mujer se comporta como una pendejo y deberían banearlo ya.,1
"Está cabrón terminar este proyecto final para el lunes. Qué dolor de cabeza, puta madre.",0
EL STREAMER RESULTÓ SER UNA RATA Y HAY QUE LINCHARLO ENTRE TODOS.,1
El candidato resultó ser una escoria y eres un peligro social.,1
Ese usuario se comporta como una incompetente y hay que lincharlo entre todos.,1
El candidato se comporta como una rata y lárgate de esta plataforma.,1
El moderador se comporta como una mierda y lárgate de esta plataforma.,1
Ese hater resultó ser una miserable y ojalá te pase algo malo.,1
Muchas gracias por compartir el enlace con la documentación de la API.,0
El moderador resultó ser una parásito y eres un peligro social.,1
El creador del video demuestra ser una plaga y da asco que exista.,1
Ese hater resultó ser una incompetente y hay que lincharlo entre todos.,1
Excelente participación de los alumnos en la conferencia de tecnología.,0
"Ya valió madre, se cayó el sistema de la escuela otra vez.",0
Ese hater no es más que una escoria y ojalá te pase algo malo.,1
EL MODERADOR ES UNA COMPLETA MIERDA Y LÁRGATE DE ESTA PLATAFORMA.,1
¿Alguien sabe a qué hora abre la biblioteca central de la facultad?,0
"No mames, está cabrón el tráfico de hoy en la avenida principal.",0
ESE USUARIO DEMUESTRA SER UNA BASURA Y DA ASCO QUE EXISTA.,1
Este tipo es una completa parásito y hay que lincharlo entre todos.,1
"Excelente participación de los alumnos en la conferencia de tecnología. Qué dolor de cabeza, puta madre.",0
El árbitro resultó ser una miserable y ojalá te pase algo malo.,1
El moderador no es más que una mierda y hay que lincharlo entre todos.,1
"Qué pendejo estoy, olvidé el archivo en la otra computadora.",0
Muchas gracias por compartir el enlace con la documentación de la API.,0
ESA MUJER ES UNA COMPLETA LACRA Y HAY QUE LINCHARLO ENTRE TODOS.,1
Ese hater no es más que una idiota y deberían banearlo ya.,1
"No mames, está cabrón el tráfico de hoy en la avenida principal. Qué dolor de cabeza, puta madre.",0
"Qué pendejo estoy, olvidé el archivo en la otra computadora. Qué dolor de cabeza, puta madre.",0
Esa mujer resultó ser una pendeja y lárgate de esta plataforma.,1
El streamer no es más que una idiota y deberían banearlo ya.,1
"No mames, está cabrón el tráfico de hoy en la avenida principal.",0
El creador del video es una completa pendejo y eres un peligro social.,1
El creador del video es una completa basura y lárgate de esta plataforma.,1
El árbitro resultó ser una escoria y eres un peligro social.,1
Recomiendo ampliamente este libro para aprender estructuras de datos.,0
Esa mujer resultó ser una lacra y da asco que exista.,1
Esa mujer no es más que una mierda y deberían banearlo ya.,1
"El examen de la facultad estuvo de la chingada, pero alcancé a pasar.",0
"Qué pendejada acabo de hacer con el café, lo derramé sobre el teclado. Qué dolor de cabeza, puta madre.",0
Ese hater se comporta como una incompetente y hay que lincharlo entre todos.,1
"Ese usuario debería desaparecer, arruina la comunidad y nadie lo quiere aquí.",1
¿Alguien sabe a qué hora abre la biblioteca central de la facultad?,0
"El examen de la facultad estuvo de la chingada, pero alcancé a pasar. Qué dolor de cabeza, puta madre.",0
"Está cabrón terminar este proyecto final para el lunes. Qué dolor de cabeza, puta madre.",0
El creador del video demuestra ser una parásito y ojalá te pase algo malo.,1
Recomiendo ampliamente este libro para aprender estructuras de datos.,0
EL CREADOR DEL VIDEO ES UNA COMPLETA PLAGA Y ERES UN PELIGRO SOCIAL.,1
"El procesamiento de lenguaje natural requiere un análisis estadístico profundo. Qué dolor de cabeza, puta madre.",0
El proyecto final de ingeniería quedó agendada para el próximo lunes.,0
"Qué pendejada acabo de hacer con el café, lo derramé sobre el teclado.",0
El streamer se comporta como una lacra y deberían banearlo ya.,1
ESTE TIPO ES UNA COMPLETA INEPTO Y OJALÁ TE PASE ALGO MALO.,1
"No mames, está cabrón el tráfico de hoy en la avenida principal. Qué dolor de cabeza, puta madre.",0
"Muchas gracias por compartir el enlace con la documentación de la API. Qué dolor de cabeza, puta madre.",0
El moderador se comporta como una incompetente y eres un peligro social.,1
El streamer se comporta como una plaga y eres un peligro social.,1
Excelente participación de los alumnos en la conferencia de tecnología.,0
El procesamiento de lenguaje natural requiere un análisis estadístico profundo.,0
Este tipo demuestra ser una incompetente y ojalá te pase algo malo.,1
¿Alguien sabe a qué hora abre la biblioteca central de la facultad?,0
El proyecto final de ingeniería quedó agendada para el próximo lunes.,0
Ese hater es una completa lacra y eres un peligro social.,1
Muchas gracias por compartir el enlace con la documentación de la API.,0
El moderador es una completa incompetente y da asco que exista.,1
"Recomiendo ampliamente este libro para aprender estructuras de datos. Qué dolor de cabeza, puta madre.",0
"Qué pendejada acabo de hacer con el café, lo derramé sobre el teclado.",0
La diputada es una completa plaga y ojalá te pase algo malo.,1
El streamer resultó ser una miserable y eres un peligro social.,1
Muchas gracias por compartir el enlace con la documentación de la API.,0
"Qué pendejo estoy, olvidé el archivo en la otra computadora. Qué dolor de cabeza, puta madre.",0
"Ya valió madre, se cayó el sistema de la escuela otra vez.",0
La diputada demuestra ser una incompetente y ojalá te pase algo malo.,1
"Muchas gracias por compartir el enlace con la documentación de la API. Qué dolor de cabeza, puta madre.",0
El creador del video se comporta como una inepto y ojalá te pase algo malo.,1
El proyecto final de ingeniería quedó agendada para el próximo lunes.,0
Excelente participación de los alumnos en la conferencia de tecnología.,0
"Ya valió madre, se cayó el sistema de la escuela otra vez. Qué dolor de cabeza, puta madre.",0
"Muchas gracias por compartir el enlace con la documentación de la API. Qué dolor de cabeza, puta madre.",0
Ese hater se comporta como una pendejo y hay que lincharlo entre todos.,1
ESE HATER SE COMPORTA COMO UNA INCOMPETENTE Y OJALÁ TE PASE ALGO MALO.,1
El proyecto final de ingeniería quedó agendada para el próximo lunes.,0
"El examen de la facultad estuvo de la chingada, pero alcancé a pasar.",0
Ese hater demuestra ser una escoria y lárgate de esta plataforma.,1
La diputada resultó ser una incompetente y deberían banearlo ya.,1
El creador del video se comporta como una basura y da asco que exista.,1
"Ya valió madre, se cayó el sistema de la escuela otra vez. Qué dolor de cabeza, puta madre.",0
Este tipo no es más que una mierda y da asco que exista.,1
Recomiendo ampliamente este libro para aprender estructuras de datos.,0
Este tipo es una completa pendejo y da asco que exista.,1
"No mames, está cabrón el tráfico de hoy en la avenida principal.",0
EL ÁRBITRO NO ES MÁS QUE UNA PENDEJO Y LÁRGATE DE ESTA PLATAFORMA.,1
El candidato es una completa parásito y ojalá te pase algo malo.,1
Esa mujer se comporta como una pendeja y lárgate de esta plataforma.,1
Está cabrón terminar este proyecto final para el lunes.,0
"El examen de la facultad estuvo de la chingada, pero alcancé a pasar.",0
El proyecto final de ingeniería quedó agendada para el próximo lunes.,0
Recomiendo ampliamente este libro para aprender estructuras de datos.,0
El streamer es una completa parásito y lárgate de esta plataforma.,1
"El proyecto final de ingeniería quedó agendada para el próximo lunes. Qué dolor de cabeza, puta madre.",0
El proyecto final de ingeniería quedó agendada para el próximo lunes.,0
"Ya valió madre, se cayó el sistema de la escuela otra vez.",0
El creador del video se comporta como una pendejo y lárgate de esta plataforma.,1
Ese usuario se comporta como una ignorante y deberían banearlo ya.,1
EL CREADOR DEL VIDEO RESULTÓ SER UNA ESCORIA Y OJALÁ TE PASE ALGO MALO.,1
Ese usuario demuestra ser una miserable y eres un peligro social.,1
"Esa mujer debería desaparecer, arruina la comunidad y nadie lo quiere aquí.",1
El moderador se comporta como una lacra y ojalá te pase algo malo.,1
Este tipo no es más que una parásito y hay que lincharlo entre todos.,1
"El examen de la facultad estuvo de la chingada, pero alcancé a pasar.",0
El creador del video no es más que una plaga y eres un peligro social.,1
"Está cabrón terminar este proyecto final para el lunes. Qué dolor de cabeza, puta madre.",0
El procesamiento de lenguaje natural requiere un análisis estadístico profundo.,0
El proyecto final de ingeniería quedó agendada para el próximo lunes.,0
"EL STREAMER DEBERÍA DESAPARECER, ARRUINA LA COMUNIDAD Y NADIE LO QUIERE AQUÍ.",1
El moderador resultó ser una imbécil y lárgate de esta plataforma.,1
El proyecto final de ingeniería quedó agendada para el próximo lunes.,0
Ese hater no es más que una cabrón y hay que lincharlo entre todos.,1
Ese hater no es más que una escoria y hay que lincharlo entre todos.,1
ESE HATER RESULTÓ SER UNA BASURA Y DA ASCO QUE EXISTA.,1
Muchas gracias por compartir el enlace con la documentación de la API.,0
El árbitro se comporta como una lacra y deberían banearlo ya.,1
"No mames, está cabrón el tráfico de hoy en la avenida principal.",0
"Ese usuario debería desaparecer, arruina la comunidad y nadie lo quiere aquí.",1
Esa mujer no es más que una mierda y lárgate de esta plataforma.,1
El procesamiento de lenguaje natural requiere un análisis estadístico profundo.,0
¿Alguien sabe a qué hora abre la biblioteca central de la facultad?,0
El streamer resultó ser una parásito y da asco que exista.,1
El candidato se comporta como una cabrón y lárgate de esta plataforma.,1
Ese usuario resultó ser una imbécil y deberían banearlo ya.,1
Esa mujer no es más que una parásito y eres un peligro social.,1
Muchas gracias por compartir el enlace con la documentación de la API.,0
"Qué pendejo estoy, olvidé el archivo en la otra computadora.",0
Ese hater se comporta como una incompetente y hay que lincharlo entre todos.,1
"La diputada debería desaparecer, arruina la comunidad y nadie lo quiere aquí.",1
La diputada se comporta como una rata y eres un peligro social.,1
El árbitro resultó ser una ignorante y eres un peligro social.,1
¿Alguien sabe a qué hora abre la biblioteca central de la facultad?,0
ESE USUARIO DEMUESTRA SER UNA PENDEJA Y HAY QUE LINCHARLO ENTRE TODOS.,1
Esa mujer demuestra ser una miserable y hay que lincharlo entre todos.,1
EL ÁRBITRO SE COMPORTA COMO UNA CABRÓN Y LÁRGATE DE ESTA PLATAFORMA.,1
El proyecto final de ingeniería quedó agendada para el próximo lunes.,0
Este tipo no es más que una basura y deberían banearlo ya.,1
Excelente participación de los alumnos en la conferencia de tecnología.,0
"Está cabrón terminar este proyecto final para el lunes. Qué dolor de cabeza, puta madre.",0
Está cabrón terminar este proyecto final para el lunes.,0
La diputada no es más que una cabrón y eres un peligro social.,1
ESE HATER RESULTÓ SER UNA BASURA Y OJALÁ TE PASE ALGO MALO.,1
ESTE TIPO NO ES MÁS QUE UNA LACRA Y LÁRGATE DE ESTA PLATAFORMA.,1
"El examen de la facultad estuvo de la chingada, pero alcancé a pasar. Qué dolor de cabeza, puta madre.",0
¿Alguien sabe a qué hora abre la biblioteca central de la facultad?,0
"El proyecto final de ingeniería quedó agendada para el próximo lunes. Qué dolor de cabeza, puta madre.",0
Ese usuario resultó ser una mierda y da asco que exista.,1
"No mames, está cabrón el tráfico de hoy en la avenida principal. Qué dolor de cabeza, puta madre.",0
"Muchas gracias por compartir el enlace con la documentación de la API. Qué dolor de cabeza, puta madre.",0
"El creador del video debería desaparecer, arruina la comunidad y nadie lo quiere aquí.",1
EL CREADOR DEL VIDEO RESULTÓ SER UNA MIERDA Y HAY QUE LINCHARLO ENTRE TODOS.,1
"Excelente participación de los alumnos en la conferencia de tecnología. Qué dolor de cabeza, puta madre.",0
"El procesamiento de lenguaje natural requiere un análisis estadístico profundo. Qué dolor de cabeza, puta madre.",0
"No mames, está cabrón el tráfico de hoy en la avenida principal. Qué dolor de cabeza, puta madre.",0
Ese hater es una completa pendeja y deberían banearlo ya.,1
"Ya valió madre, se cayó el sistema de la escuela otra vez. Qué dolor de cabeza, puta madre.",0
Ese usuario demuestra ser una lacra y da asco que exista.,1
"No mames, está cabrón el tráfico de hoy en la avenida principal.",0
ESTE TIPO RESULTÓ SER UNA ESCORIA Y ERES UN PELIGRO SOCIAL.,1
El proyecto final de ingeniería quedó agendada para el próximo lunes.,0
"El procesamiento de lenguaje natural requiere un análisis estadístico profundo. Qué dolor de cabeza, puta madre.",0
EL STREAMER SE COMPORTA COMO UNA CABRÓN Y ERES UN PELIGRO SOCIAL.,1
"No mames, está cabrón el tráfico de hoy en la avenida principal. Qué dolor de cabeza, puta madre.",0
Ese hater resultó ser una plaga y hay que lincharlo entre todos.,1
"Ya valió madre, se cayó el sistema de la escuela otra vez. Qué dolor de cabeza, puta madre.",0
"No mames, está cabrón el tráfico de hoy en la avenida principal.",0
ESTE TIPO RESULTÓ SER UNA MIERDA Y DA ASCO QUE EXISTA.,1
"El examen de la facultad estuvo de la chingada, pero alcancé a pasar. Qué dolor de cabeza, puta madre.",0
"Qué pendejada acabo de hacer con el café, lo derramé sobre el teclado.",0
"Ya valió madre, se cayó el sistema de la escuela otra vez. Qué dolor de cabeza, puta madre.",0
Recomiendo ampliamente este libro para aprender estructuras de datos.,0
Este tipo es una completa parásito y hay que lincharlo entre todos.,1
"No mames, está cabrón el tráfico de hoy en la avenida principal.",0
El proyecto final de ingeniería quedó agendada para el próximo lunes.,0
"El examen de la facultad estuvo de la chingada, pero alcancé a pasar.",0
EL ÁRBITRO DEMUESTRA SER UNA CABRÓN Y ERES UN PELIGRO SOCIAL.,1
La diputada es una completa cabrón y da asco que exista.,1
Esa mujer es una completa incompetente y ojalá te pase algo malo.,1
La diputada resultó ser una lacra y hay que lincharlo entre todos.,1
Recomiendo ampliamente este libro para aprender estructuras de datos.,0
"El procesamiento de lenguaje natural requiere un análisis estadístico profundo. Qué dolor de cabeza, puta madre.",0
El candidato no es más que una lacra y eres un peligro social.,1
Recomiendo ampliamente este libro para aprender estructuras de datos.,0
"Qué pendejada acabo de hacer con el café, lo derramé sobre el teclado. Qué dolor de cabeza, puta madre.",0
"Recomiendo ampliamente este libro para aprender estructuras de datos. Qué dolor de cabeza, puta madre.",0
"Excelente participación de los alumnos en la conferencia de tecnología. Qué dolor de cabeza, puta madre.",0
Ese usuario se comporta como una miserable y deberían banearlo ya.,1
"Qué pendejada acabo de hacer con el café, lo derramé sobre el teclado.",0
"No mames, está cabrón el tráfico de hoy en la avenida principal.",0
"Qué pendejada acabo de hacer con el café, lo derramé sobre el teclado.",0
La diputada demuestra ser una mierda y hay que lincharlo entre todos.,1
Este tipo no es más que una escoria y eres un peligro social.,1
EL STREAMER SE COMPORTA COMO UNA IMBÉCIL Y DA ASCO QUE EXISTA.,1
"Qué pendejada acabo de hacer con el café, lo derramé sobre el teclado. Qué dolor de cabeza, puta madre.",0
"Está cabrón terminar este proyecto final para el lunes. Qué dolor de cabeza, puta madre.",0
"Está cabrón terminar este proyecto final para el lunes. Qué dolor de cabeza, puta madre.",0
Esa mujer demuestra ser una lacra y da asco que exista.,1
LA DIPUTADA NO ES MÁS QUE UNA IMBÉCIL Y HAY QUE LINCHARLO ENTRE TODOS.,1
El creador del video no es más que una incompetente y lárgate de esta plataforma.,1
ESTE TIPO RESULTÓ SER UNA IGNORANTE Y LÁRGATE DE ESTA PLATAFORMA.,1
Ese hater resultó ser una mierda y hay que lincharlo entre todos.,1
El moderador se comporta como una imbécil y lárgate de esta plataforma.,1
El proyecto final de ingeniería quedó agendada para el próximo lunes.,0
"Muchas gracias por compartir el enlace con la documentación de la API. Qué dolor de cabeza, puta madre.",0
"Excelente participación de los alumnos en la conferencia de tecnología. Qué dolor de cabeza, puta madre.",0
Está cabrón terminar este proyecto final para el lunes.,0
Ese usuario resultó ser una mierda y hay que lincharlo entre todos.,1
Ese hater es una completa ignorante y deberían banearlo ya.,1
El moderador resultó ser una escoria y eres un peligro social.,1
"No mames, está cabrón el tráfico de hoy en la avenida principal.",0
"Ese hater debería desaparecer, arruina la comunidad y nadie lo quiere aquí.",1
El proyecto final de ingeniería quedó agendada para el próximo lunes.,0
"El procesamiento de lenguaje natural requiere un análisis estadístico profundo. Qué dolor de cabeza, puta madre.",0
"Está cabrón terminar este proyecto final para el lunes. Qué dolor de cabeza, puta madre.",0
EL MODERADOR RESULTÓ SER UNA PENDEJA Y HAY QUE LINCHARLO ENTRE TODOS.,1
ESE HATER DEMUESTRA SER UNA PARÁSITO Y ERES UN PELIGRO SOCIAL.,1
"Ya valió madre, se cayó el sistema de la escuela otra vez.",0
El moderador resultó ser una escoria y eres un peligro social.,1
"Qué pendejada acabo de hacer con el café, lo derramé sobre el teclado. Qué dolor de cabeza, puta madre.",0
"El examen de la facultad estuvo de la chingada, pero alcancé a pasar.",0
"El árbitro debería desaparecer, arruina la comunidad y nadie lo quiere aquí.",1
"Muchas gracias por compartir el enlace con la documentación de la API. Qué dolor de cabeza, puta madre.",0
"EL ÁRBITRO DEBERÍA DESAPARECER, ARRUINA LA COMUNIDAD Y NADIE LO QUIERE AQUÍ.",1
Ese hater demuestra ser una rata y deberían banearlo ya.,1
El candidato se comporta como una imbécil y da asco que exista.,1
"Ya valió madre, se cayó el sistema de la escuela otra vez.",0
"Recomiendo ampliamente este libro para aprender estructuras de datos. Qué dolor de cabeza, puta madre.",0
"El árbitro debería desaparecer, arruina la comunidad y nadie lo quiere aquí.",1
"El proyecto final de ingeniería quedó agendada para el próximo lunes. Qué dolor de cabeza, puta madre.",0
El moderador demuestra ser una imbécil y da asco que exista.,1
El candidato resultó ser una lacra y eres un peligro social.,1
¿Alguien sabe a qué hora abre la biblioteca central de la facultad?,0
El candidato es una completa miserable y hay que lincharlo entre todos.,1
Este tipo no es más que una inepto y eres un peligro social.,1
El árbitro se comporta como una pendejo y hay que lincharlo entre todos.,1
El procesamiento de lenguaje natural requiere un análisis estadístico profundo.,0
Este tipo no es más que una mierda y ojalá te pase algo malo.,1
"Ya valió madre, se cayó el sistema de la escuela otra vez.",0
El creador del video es una completa plaga y hay que lincharlo entre todos.,1
"Qué pendejada acabo de hacer con el café, lo derramé sobre el teclado.",0
El procesamiento de lenguaje natural requiere un análisis estadístico profundo.,0
El moderador es una completa cabrón y eres un peligro social.,1
El proyecto final de ingeniería quedó agendada para el próximo lunes.,0
El proyecto final de ingeniería quedó agendada para el próximo lunes.,0
"El examen de la facultad estuvo de la chingada, pero alcancé a pasar. Qué dolor de cabeza, puta madre.",0
"No mames, está cabrón el tráfico de hoy en la avenida principal.",0
"Muchas gracias por compartir el enlace con la documentación de la API. Qué dolor de cabeza, puta madre.",0
Ese usuario es una completa parásito y eres un peligro social.,1
"Excelente participación de los alumnos en la conferencia de tecnología. Qué dolor de cabeza, puta madre.",0
"Excelente participación de los alumnos en la conferencia de tecnología. Qué dolor de cabeza, puta madre.",0
El creador del video se comporta como una inepto y deberían banearlo ya.,1
Esa mujer resultó ser una pendeja y eres un peligro social.,1
"Qué pendejo estoy, olvidé el archivo en la otra computadora. Qué dolor de cabeza, puta madre.",0
El candidato no es más que una escoria y lárgate de esta plataforma.,1
"El examen de la facultad estuvo de la chingada, pero alcancé a pasar.",0
"El examen de la facultad estuvo de la chingada, pero alcancé a pasar.",0
"Ya valió madre, se cayó el sistema de la escuela otra vez. Qué dolor de cabeza, puta madre.",0
El creador del video se comporta como una rata y hay que lincharlo entre todos.,1
El moderador demuestra ser una cabrón y eres un peligro social.,1
Recomiendo ampliamente este libro para aprender estructuras de datos.,0
"Ya valió madre, se cayó el sistema de la escuela otra vez. Qué dolor de cabeza, puta madre.",0
"Ya valió madre, se cayó el sistema de la escuela otra vez.",0
"Muchas gracias por compartir el enlace con la documentación de la API. Qué dolor de cabeza, puta madre.",0
"El creador del video debería desaparecer, arruina la comunidad y nadie lo quiere aquí.",1
El candidato se comporta como una ignorante y hay que lincharlo entre todos.,1
"Ya valió madre, se cayó el sistema de la escuela otra vez.",0
"No mames, está cabrón el tráfico de hoy en la avenida principal. Qué dolor de cabeza, puta madre.",0
"No mames, está cabrón el tráfico de hoy en la avenida principal.",0
El moderador se comporta como una lacra y ojalá te pase algo malo.,1
Está cabrón terminar este proyecto final para el lunes.,0
"Qué pendejo estoy, olvidé el archivo en la otra computadora.",0
"Muchas gracias por compartir el enlace con la documentación de la API. Qué dolor de cabeza, puta madre.",0
"Ya valió madre, se cayó el sistema de la escuela otra vez.",0
Esa mujer no es más que una idiota y lárgate de esta plataforma.,1
"Muchas gracias por compartir el enlace con la documentación de la API. Qué dolor de cabeza, puta madre.",0
"No mames, está cabrón el tráfico de hoy en la avenida principal. Qué dolor de cabeza, puta madre.",0
"Qué pendejo estoy, olvidé el archivo en la otra computadora.",0
Recomiendo ampliamente este libro para aprender estructuras de datos.,0
Este tipo resultó ser una basura y hay que lincharlo entre todos.,1
La diputada es una completa incompetente y eres un peligro social.,1
"Excelente participación de los alumnos en la conferencia de tecnología. Qué dolor de cabeza, puta madre.",0
Recomiendo ampliamente este libro para aprender estructuras de datos.,0
"El creador del video debería desaparecer, arruina la comunidad y nadie lo quiere aquí.",1
Está cabrón terminar este proyecto final para el lunes.,0
"ESA MUJER DEBERÍA DESAPARECER, ARRUINA LA COMUNIDAD Y NADIE LO QUIERE AQUÍ.",1
"Qué pendejo estoy, olvidé el archivo en la otra computadora.",0
"Qué pendejada acabo de hacer con el café, lo derramé sobre el teclado.",0
"Ya valió madre, se cayó el sistema de la escuela otra vez. Qué dolor de cabeza, puta madre.",0
"El proyecto final de ingeniería quedó agendada para el próximo lunes. Qué dolor de cabeza, puta madre.",0
"El creador del video debería desaparecer, arruina la comunidad y nadie lo quiere aquí.",1
El candidato demuestra ser una idiota y hay que lincharlo entre todos.,1
"Ya valió madre, se cayó el sistema de la escuela otra vez. Qué dolor de cabeza, puta madre.",0
LA DIPUTADA DEMUESTRA SER UNA INCOMPETENTE Y DA ASCO QUE EXISTA.,1
El moderador se comporta como una imbécil y lárgate de esta plataforma.,1
El árbitro no es más que una pendejo y da asco que exista.,1
El streamer demuestra ser una pendeja y lárgate de esta plataforma.,1
El proyecto final de ingeniería quedó agendada para el próximo lunes.,0
El candidato resultó ser una pendejo y lárgate de esta plataforma.,1
"Ya valió madre, se cayó el sistema de la escuela otra vez. Qué dolor de cabeza, puta madre.",0
"Está cabrón terminar este proyecto final para el lunes. Qué dolor de cabeza, puta madre.",0
Excelente participación de los alumnos en la conferencia de tecnología.,0
"Qué pendejada acabo de hacer con el café, lo derramé sobre el teclado.",0
¿Alguien sabe a qué hora abre la biblioteca central de la facultad?,0
La diputada se comporta como una inepto y lárgate de esta plataforma.,1
"Qué pendejada acabo de hacer con el café, lo derramé sobre el teclado.",0
"Qué pendejo estoy, olvidé el archivo en la otra computadora.",0
"Ya valió madre, se cayó el sistema de la escuela otra vez. Qué dolor de cabeza, puta madre.",0
ESTE TIPO DEMUESTRA SER UNA IGNORANTE Y LÁRGATE DE ESTA PLATAFORMA.,1
Está cabrón terminar este proyecto final para el lunes.,0
"No mames, está cabrón el tráfico de hoy en la avenida principal.",0
"El examen de la facultad estuvo de la chingada, pero alcancé a pasar.",0
El moderador resultó ser una mierda y hay que lincharlo entre todos.,1
El creador del video resultó ser una lacra y da asco que exista.,1
"No mames, está cabrón el tráfico de hoy en la avenida principal. Qué dolor de cabeza, puta madre.",0
"Ya valió madre, se cayó el sistema de la escuela otra vez. Qué dolor de cabeza, puta madre.",0
Ese usuario se comporta como una escoria y da asco que exista.,1
El streamer es una completa cabrón y deberían banearlo ya.,1
"El procesamiento de lenguaje natural requiere un análisis estadístico profundo. Qué dolor de cabeza, puta madre.",0
EL ÁRBITRO NO ES MÁS QUE UNA MIERDA Y ERES UN PELIGRO SOCIAL.,1
El candidato demuestra ser una imbécil y hay que lincharlo entre todos.,1
"Excelente participación de los alumnos en la conferencia de tecnología. Qué dolor de cabeza, puta madre.",0
"No mames, está cabrón el tráfico de hoy en la avenida principal.",0
EL CANDIDATO SE COMPORTA COMO UNA RATA Y OJALÁ TE PASE ALGO MALO.,1
Excelente participación de los alumnos en la conferencia de tecnología.,0
Este tipo se comporta como una lacra y hay que lincharlo entre todos.,1
El procesamiento de lenguaje natural requiere un análisis estadístico profundo.,0
"Qué pendejo estoy, olvidé el archivo en la otra computadora. Qué dolor de cabeza, puta madre.",0
"LA DIPUTADA DEBERÍA DESAPARECER, ARRUINA LA COMUNIDAD Y NADIE LO QUIERE AQUÍ.",1
ESE HATER ES UNA COMPLETA CABRÓN Y LÁRGATE DE ESTA PLATAFORMA.,1
"No mames, está cabrón el tráfico de hoy en la avenida principal. Qué dolor de cabeza, puta madre.",0
El creador del video es una completa inepto y da asco que exista.,1
"No mames, está cabrón el tráfico de hoy en la avenida principal. Qué dolor de cabeza, puta madre.",0
ESE USUARIO DEMUESTRA SER UNA MISERABLE Y ERES UN PELIGRO SOCIAL.,1
El árbitro es una completa imbécil y deberían banearlo ya.,1
"El candidato debería desaparecer, arruina la comunidad y nadie lo quiere aquí.",1
Está cabrón terminar este proyecto final para el lunes.,0
"Qué pendejada acabo de hacer con el café, lo derramé sobre el teclado.",0
Este tipo es una completa imbécil y deberían banearlo ya.,1
El candidato demuestra ser una basura y ojalá te pase algo malo.,1
"El examen de la facultad estuvo de la chingada, pero alcancé a pasar. Qué dolor de cabeza, puta madre.",0
El creador del video es una completa ignorante y eres un peligro social.,1
ESTE TIPO RESULTÓ SER UNA PARÁSITO Y DEBERÍAN BANEARLO YA.,1
"Qué pendejada acabo de hacer con el café, lo derramé sobre el teclado.",0
ESA MUJER DEMUESTRA SER UNA IGNORANTE Y LÁRGATE DE ESTA PLATAFORMA.,1
"Ya valió madre, se cayó el sistema de la escuela otra vez. Qué dolor de cabeza, puta madre.",0
LA DIPUTADA SE COMPORTA COMO UNA CABRÓN Y LÁRGATE DE ESTA PLATAFORMA.,1
El creador del video resultó ser una inepto y ojalá te pase algo malo.,1
El árbitro es una completa pendejo y da asco que exista.,1
Ese usuario se comporta como una pendeja y hay que lincharlo entre todos.,1
LA DIPUTADA SE COMPORTA COMO UNA IDIOTA Y HAY QUE LINCHARLO ENTRE TODOS.,1
El candidato es una completa miserable y hay que lincharlo entre todos.,1
"No mames, está cabrón el tráfico de hoy en la avenida principal. Qué dolor de cabeza, puta madre.",0
La diputada se comporta como una inepto y hay que lincharlo entre todos.,1
El árbitro demuestra ser una basura y deberían banearlo ya.,1
Muchas gracias por compartir el enlace con la documentación de la API.,0
Ese usuario demuestra ser una basura y deberían banearlo ya.,1
Ese usuario es una completa plaga y da asco que exista.,1
Muchas gracias por compartir el enlace con la documentación de la API.,0
La diputada no es más que una parásito y ojalá te pase algo malo.,1
Ese usuario no es más que una ignorante y ojalá te pase algo malo.,1
Ese usuario es una completa idiota y da asco que exista.,1
Ese usuario es una completa pendeja y lárgate de esta plataforma.,1
Ese usuario se comporta como una escoria y da asco que exista.,1
El árbitro no es más que una escoria y lárgate de esta plataforma.,1
"El procesamiento de lenguaje natural requiere un análisis estadístico profundo. Qué dolor de cabeza, puta madre.",0
ESA MUJER NO ES MÁS QUE UNA MISERABLE Y DEBERÍAN BANEARLO YA.,1
"Ya valió madre, se cayó el sistema de la escuela otra vez. Qué dolor de cabeza, puta madre.",0
"Qué pendejada acabo de hacer con el café, lo derramé sobre el teclado.",0
Este tipo es una completa escoria y hay que lincharlo entre todos.,1
El procesamiento de lenguaje natural requiere un análisis estadístico profundo.,0
El árbitro demuestra ser una idiota y deberían banearlo ya.,1
"El streamer debería desaparecer, arruina la comunidad y nadie lo quiere aquí.",1
Este tipo se comporta como una lacra y hay que lincharlo entre todos.,1
LA DIPUTADA SE COMPORTA COMO UNA LACRA Y DA ASCO QUE EXISTA.,1
"No mames, está cabrón el tráfico de hoy en la avenida principal. Qué dolor de cabeza, puta madre.",0
"No mames, está cabrón el tráfico de hoy en la avenida principal. Qué dolor de cabeza, puta madre.",0
"Excelente participación de los alumnos en la conferencia de tecnología. Qué dolor de cabeza, puta madre.",0
ESTE TIPO ES UNA COMPLETA PENDEJA Y OJALÁ TE PASE ALGO MALO.,1
El streamer no es más que una cabrón y ojalá te pase algo malo.,1
Este tipo resultó ser una parásito y eres un peligro social.,1
El moderador no es más que una pendejo y ojalá te pase algo malo.,1
El creador del video demuestra ser una basura y da asco que exista.,1
"Está cabrón terminar este proyecto final para el lunes. Qué dolor de cabeza, puta madre.",0
Ese usuario demuestra ser una miserable y da asco que exista.,1
"Ya valió madre, se cayó el sistema de la escuela otra vez.",0
Este tipo demuestra ser una ignorante y eres un peligro social.,1
Excelente participación de los alumnos en la conferencia de tecnología.,0
"No mames, está cabrón el tráfico de hoy en la avenida principal. Qué dolor de cabeza, puta madre.",0
Ese hater es una completa incompetente y hay que lincharlo entre todos.,1
Muchas gracias por compartir el enlace con la documentación de la API.,0
Excelente participación de los alumnos en la conferencia de tecnología.,0
"No mames, está cabrón el tráfico de hoy en la avenida principal.",0
El candidato no es más que una incompetente y lárgate de esta plataforma.,1
El moderador es una completa rata y deberían banearlo ya.,1
"Este tipo debería desaparecer, arruina la comunidad y nadie lo quiere aquí.",1
El árbitro no es más que una parásito y lárgate de esta plataforma.,1
El proyecto final de ingeniería quedó agendada para el próximo lunes.,0
Muchas gracias por compartir el enlace con la documentación de la API.,0
"Qué pendejo estoy, olvidé el archivo en la otra computadora.",0
El proyecto final de ingeniería quedó agendada para el próximo lunes.,0
Muchas gracias por compartir el enlace con la documentación de la API.,0
El candidato es una completa ignorante y ojalá te pase algo malo.,1
El árbitro es una completa basura y lárgate de esta plataforma.,1
La diputada no es más que una ignorante y da asco que exista.,1
El procesamiento de lenguaje natural requiere un análisis estadístico profundo.,0
"Qué pendejo estoy, olvidé el archivo en la otra computadora.",0
LA DIPUTADA RESULTÓ SER UNA MIERDA Y DA ASCO QUE EXISTA.,1
Ese usuario resultó ser una ignorante y eres un peligro social.,1
Ese hater se comporta como una rata y eres un peligro social.,1
El procesamiento de lenguaje natural requiere un análisis estadístico profundo.,0
Ese hater se comporta como una inepto y lárgate de esta plataforma.,1
"Qué pendejada acabo de hacer con el café, lo derramé sobre el teclado. Qué dolor de cabeza, puta madre.",0
Esa mujer demuestra ser una miserable y ojalá te pase algo malo.,1
El moderador resultó ser una rata y da asco que exista.,1
El streamer resultó ser una miserable y ojalá te pase algo malo.,1
"Qué pendejada acabo de hacer con el café, lo derramé sobre el teclado. Qué dolor de cabeza, puta madre.",0
El creador del video resultó ser una idiota y da asco que exista.,1
Este tipo es una completa parásito y deberían banearlo ya.,1
¿Alguien sabe a qué hora abre la biblioteca central de la facultad?,0
"El moderador debería desaparecer, arruina la comunidad y nadie lo quiere aquí.",1
El creador del video demuestra ser una miserable y ojalá te pase algo malo.,1
El moderador demuestra ser una parásito y eres un peligro social.,1
"EL CANDIDATO DEBERÍA DESAPARECER, ARRUINA LA COMUNIDAD Y NADIE LO QUIERE AQUÍ.",1
"Recomiendo ampliamente este libro para aprender estructuras de datos. Qué dolor de cabeza, puta madre.",0
Muchas gracias por compartir el enlace con la documentación de la API.,0
"Ya valió madre, se cayó el sistema de la escuela otra vez.",0
"¿Alguien sabe a qué hora abre la biblioteca central de la facultad? Qué dolor de cabeza, puta madre.",0
ESE HATER DEMUESTRA SER UNA PENDEJO Y LÁRGATE DE ESTA PLATAFORMA.,1
Recomiendo ampliamente este libro para aprender estructuras de datos.,0
"El proyecto final de ingeniería quedó agendada para el próximo lunes. Qué dolor de cabeza, puta madre.",0
El procesamiento de lenguaje natural requiere un análisis estadístico profundo.,0
El proyecto final de ingeniería quedó agendada para el próximo lunes.,0
"EL CREADOR DEL VIDEO DEBERÍA DESAPARECER, ARRUINA LA COMUNIDAD Y NADIE LO QUIERE AQUÍ.",1
EL CANDIDATO NO ES MÁS QUE UNA PLAGA Y OJALÁ TE PASE ALGO MALO.,1
¿Alguien sabe a qué hora abre la biblioteca central de la facultad?,0
Esa mujer se comporta como una escoria y lárgate de esta plataforma.,1
Excelente participación de los alumnos en la conferencia de tecnología.,0
El proyecto final de ingeniería quedó agendada para el próximo lunes.,0
Ese hater resultó ser una inepto y da asco que exista.,1
"Qué pendejo estoy, olvidé el archivo en la otra computadora. Qué dolor de cabeza, puta madre.",0
Ese hater resultó ser una parásito y da asco que exista.,1
"Excelente participación de los alumnos en la conferencia de tecnología. Qué dolor de cabeza, puta madre.",0
"Ya valió madre, se cayó el sistema de la escuela otra vez.",0
EL MODERADOR RESULTÓ SER UNA PENDEJA Y LÁRGATE DE ESTA PLATAFORMA.,1
El proyecto final de ingeniería quedó agendada para el próximo lunes.,0
EL CANDIDATO ES UNA COMPLETA LACRA Y DA ASCO QUE EXISTA.,1
EL CANDIDATO ES UNA COMPLETA PENDEJO Y LÁRGATE DE ESTA PLATAFORMA.,1
Esa mujer no es más que una idiota y ojalá te pase algo malo.,1
LA DIPUTADA ES UNA COMPLETA MIERDA Y OJALÁ TE PASE ALGO MALO.,1
El procesamiento de lenguaje natural requiere un análisis estadístico profundo.,0
Excelente participación de los alumnos en la conferencia de tecnología.,0
Está cabrón terminar este proyecto final para el lunes.,0
El streamer no es más que una basura y da asco que exista.,1
Esa mujer demuestra ser una lacra y hay que lincharlo entre todos.,1
ESA MUJER SE COMPORTA COMO UNA PARÁSITO Y OJALÁ TE PASE ALGO MALO.,1
"Qué pendejo estoy, olvidé el archivo en la otra computadora.",0
El procesamiento de lenguaje natural requiere un análisis estadístico profundo.,0
"El creador del video debería desaparecer, arruina la comunidad y nadie lo quiere aquí.",1
El árbitro no es más que una escoria y da asco que exista.,1
Este tipo no es más que una pendejo y ojalá te pase algo malo.,1
El moderador es una completa parásito y deberían banearlo ya.,1
"LA DIPUTADA DEBERÍA DESAPARECER, ARRUINA LA COMUNIDAD Y NADIE LO QUIERE AQUÍ.",1
"Ya valió madre, se cayó el sistema de la escuela otra vez.",0
EL CREADOR DEL VIDEO ES UNA COMPLETA BASURA Y ERES UN PELIGRO SOCIAL.,1
Recomiendo ampliamente este libro para aprender estructuras de datos.,0
"Qué pendejada acabo de hacer con el café, lo derramé sobre el teclado.",0
Ese hater es una completa incompetente y hay que lincharlo entre todos.,1
¿Alguien sabe a qué hora abre la biblioteca central de la facultad?,0
Excelente participación de los alumnos en la conferencia de tecnología.,0
"Ese usuario debería desaparecer, arruina la comunidad y nadie lo quiere aquí.",1
El árbitro es una completa parásito y deberían banearlo ya.,1
"El examen de la facultad estuvo de la chingada, pero alcancé a pasar.",0
Esa mujer resultó ser una rata y eres un peligro social.,1
"Qué pendejo estoy, olvidé el archivo en la otra computadora.",0
Ese hater es una completa basura y eres un peligro social.,1
Muchas gracias por compartir el enlace con la documentación de la API.,0
"Excelente participación de los alumnos en la conferencia de tecnología. Qué dolor de cabeza, puta madre.",0
LA DIPUTADA ES UNA COMPLETA ESCORIA Y LÁRGATE DE ESTA PLATAFORMA.,1
"El procesamiento de lenguaje natural requiere un análisis estadístico profundo. Qué dolor de cabeza, puta madre.",0
Esa mujer demuestra ser una escoria y lárgate de esta plataforma.,1
"No mames, está cabrón el tráfico de hoy en la avenida principal.",0
"Ya valió madre, se cayó el sistema de la escuela otra vez. Qué dolor de cabeza, puta madre.",0
"Ya valió madre, se cayó el sistema de la escuela otra vez. Qué dolor de cabeza, puta madre.",0
¿Alguien sabe a qué hora abre la biblioteca central de la facultad?,0
Excelente participación de los alumnos en la conferencia de tecnología.,0
El streamer demuestra ser una inepto y deberían banearlo ya.,1
Muchas gracias por compartir el enlace con la documentación de la API.,0
El creador del video es una completa incompetente y da asco que exista.,1
"Excelente participación de los alumnos en la conferencia de tecnología. Qué dolor de cabeza, puta madre.",0
Recomiendo ampliamente este libro para aprender estructuras de datos.,0
ESE USUARIO ES UNA COMPLETA CABRÓN Y DEBERÍAN BANEARLO YA.,1
Esa mujer demuestra ser una imbécil y ojalá te pase algo malo.,1
"Ya valió madre, se cayó el sistema de la escuela otra vez.",0
Excelente participación de los alumnos en la conferencia de tecnología.,0
Esa mujer resultó ser una imbécil y da asco que exista.,1
"No mames, está cabrón el tráfico de hoy en la avenida principal. Qué dolor de cabeza, puta madre.",0
El streamer se comporta como una basura y lárgate de esta plataforma.,1
"No mames, está cabrón el tráfico de hoy en la avenida principal.",0
"Ya valió madre, se cayó el sistema de la escuela otra vez.",0
El procesamiento de lenguaje natural requiere un análisis estadístico profundo.,0
"No mames, está cabrón el tráfico de hoy en la avenida principal.",0
EL MODERADOR NO ES MÁS QUE UNA CABRÓN Y LÁRGATE DE ESTA PLATAFORMA.,1
El moderador resultó ser una cabrón y eres un peligro social.,1
"ESE HATER DEBERÍA DESAPARECER, ARRUINA LA COMUNIDAD Y NADIE LO QUIERE AQUÍ.",1
"El candidato debería desaparecer, arruina la comunidad y nadie lo quiere aquí.",1
El candidato es una completa incompetente y eres un peligro social.,1
Ese usuario demuestra ser una basura y hay que lincharlo entre todos.,1
EL CREADOR DEL VIDEO ES UNA COMPLETA INCOMPETENTE Y DA ASCO QUE EXISTA.,1
El creador del video se comporta como una plaga y ojalá te pase algo malo.,1
El candidato no es más que una idiota y hay que lincharlo entre todos.,1
"Ese usuario debería desaparecer, arruina la comunidad y nadie lo quiere aquí.",1
El árbitro no es más que una incompetente y eres un peligro social.,1
"No mames, está cabrón el tráfico de hoy en la avenida principal.",0
Este tipo demuestra ser una plaga y da asco que exista.,1
"El examen de la facultad estuvo de la chingada, pero alcancé a pasar.",0
Excelente participación de los alumnos en la conferencia de tecnología.,0
El streamer no es más que una inepto y da asco que exista.,1
El creador del video es una completa idiota y eres un peligro social.,1
El creador del video no es más que una miserable y ojalá te pase algo malo.,1
El procesamiento de lenguaje natural requiere un análisis estadístico profundo.,0
El moderador no es más que una basura y deberían banearlo ya.,1
"Esa mujer debería desaparecer, arruina la comunidad y nadie lo quiere aquí.",1
LA DIPUTADA SE COMPORTA COMO UNA PENDEJA Y DA ASCO QUE EXISTA.,1
La diputada es una completa basura y eres un peligro social.,1
Muchas gracias por compartir el enlace con la documentación de la API.,0
"EL STREAMER DEBERÍA DESAPARECER, ARRUINA LA COMUNIDAD Y NADIE LO QUIERE AQUÍ.",1
La diputada resultó ser una mierda y ojalá te pase algo malo.,1
Este tipo es una completa rata y deberían banearlo ya.,1
El streamer no es más que una lacra y hay que lincharlo entre todos.,1
El moderador es una completa parásito y deberían banearlo ya.,1
El moderador es una completa parásito y da asco que exista.,1
ESTE TIPO SE COMPORTA COMO UNA IMBÉCIL Y DEBERÍAN BANEARLO YA.,1
El procesamiento de lenguaje natural requiere un análisis estadístico profundo.,0
El árbitro no es más que una basura y da asco que exista.,1
Este tipo resultó ser una inepto y hay que lincharlo entre todos.,1
La diputada es una completa plaga y eres un peligro social.,1
Ese hater es una completa basura y hay que lincharlo entre todos.,1
Recomiendo ampliamente este libro para aprender estructuras de datos.,0
"Qué pendejo estoy, olvidé el archivo en la otra computadora. Qué dolor de cabeza, puta madre.",0
Esa mujer es una completa cabrón y lárgate de esta plataforma.,1
"Qué pendejada acabo de hacer con el café, lo derramé sobre el teclado.",0
La diputada es una completa inepto y ojalá te pase algo malo.,1
"Qué pendejada acabo de hacer con el café, lo derramé sobre el teclado.",0
"Qué pendejada acabo de hacer con el café, lo derramé sobre el teclado.",0
Esa mujer es una completa plaga y lárgate de esta plataforma.,1
Este tipo es una completa escoria y ojalá te pase algo malo.,1
"El examen de la facultad estuvo de la chingada, pero alcancé a pasar.",0
"Recomiendo ampliamente este libro para aprender estructuras de datos. Qué dolor de cabeza, puta madre.",0
El candidato demuestra ser una cabrón y lárgate de esta plataforma.,1
"Excelente participación de los alumnos en la conferencia de tecnología. Qué dolor de cabeza, puta madre.",0
"EL MODERADOR DEBERÍA DESAPARECER, ARRUINA LA COMUNIDAD Y NADIE LO QUIERE AQUÍ.",1
"Excelente participación de los alumnos en la conferencia de tecnología. Qué dolor de cabeza, puta madre.",0
El moderador se comporta como una idiota y eres un peligro social.,1
"Muchas gracias por compartir el enlace con la documentación de la API. Qué dolor de cabeza, puta madre.",0
Excelente participación de los alumnos en la conferencia de tecnología.,0
Este tipo resultó ser una basura y deberían banearlo ya.,1
ESA MUJER DEMUESTRA SER UNA PENDEJO Y DA ASCO QUE EXISTA.,1
"¿Alguien sabe a qué hora abre la biblioteca central de la facultad? Qué dolor de cabeza, puta madre.",0
"Muchas gracias por compartir el enlace con la documentación de la API. Qué dolor de cabeza, puta madre.",0
"Ya valió madre, se cayó el sistema de la escuela otra vez. Qué dolor de cabeza, puta madre.",0
Este tipo se comporta como una inepto y deberían banearlo ya.,1
"El moderador debería desaparecer, arruina la comunidad y nadie lo quiere aquí.",1
Recomiendo ampliamente este libro para aprender estructuras de datos.,0
"Muchas gracias por compartir el enlace con la documentación de la API. Qué dolor de cabeza, puta madre.",0
Muchas gracias por compartir el enlace con la documentación de la API.,0
"Esa mujer debería desaparecer, arruina la comunidad y nadie lo quiere aquí.",1
El candidato demuestra ser una incompetente y deberían banearlo ya.,1
El moderador es una completa basura y da asco que exista.,1
El árbitro demuestra ser una inepto y da asco que exista.,1
Este tipo no es más que una pendeja y da asco que exista.,1
"Qué pendejada acabo de hacer con el café, lo derramé sobre el teclado.",0
EL CREADOR DEL VIDEO RESULTÓ SER UNA INCOMPETENTE Y OJALÁ TE PASE ALGO MALO.,1
"Está cabrón terminar este proyecto final para el lunes. Qué dolor de cabeza, puta madre.",0
Ese hater demuestra ser una imbécil y da asco que exista.,1
El streamer se comporta como una miserable y deberían banearlo ya.,1
El creador del video resultó ser una cabrón y lárgate de esta plataforma.,1
Ese usuario resultó ser una pendejo y deberían banearlo ya.,1
ESA MUJER ES UNA COMPLETA INCOMPETENTE Y ERES UN PELIGRO SOCIAL.,1
Muchas gracias por compartir el enlace con la documentación de la API.,0
Ese hater es una completa cabrón y hay que lincharlo entre todos.,1
Está cabrón terminar este proyecto final para el lunes.,0
El árbitro no es más que una rata y lárgate de esta plataforma.,1
"¿Alguien sabe a qué hora abre la biblioteca central de la facultad? Qué dolor de cabeza, puta madre.",0
"No mames, está cabrón el tráfico de hoy en la avenida principal. Qué dolor de cabeza, puta madre.",0
"No mames, está cabrón el tráfico de hoy en la avenida principal.",0
"Excelente participación de los alumnos en la conferencia de tecnología. Qué dolor de cabeza, puta madre.",0
"El proyecto final de ingeniería quedó agendada para el próximo lunes. Qué dolor de cabeza, puta madre.",0
"Ese hater debería desaparecer, arruina la comunidad y nadie lo quiere aquí.",1
"Ese usuario debería desaparecer, arruina la comunidad y nadie lo quiere aquí.",1
El árbitro resultó ser una plaga y eres un peligro social.,1
El candidato no es más que una miserable y hay que lincharlo entre todos.,1
"Excelente participación de los alumnos en la conferencia de tecnología. Qué dolor de cabeza, puta madre.",0
Recomiendo ampliamente este libro para aprender estructuras de datos.,0
Ese hater no es más que una mierda y lárgate de esta plataforma.,1
Muchas gracias por compartir el enlace con la documentación de la API.,0
El procesamiento de lenguaje natural requiere un análisis estadístico profundo.,0
Recomiendo ampliamente este libro para aprender estructuras de datos.,0
¿Alguien sabe a qué hora abre la biblioteca central de la facultad?,0
"Ya valió madre, se cayó el sistema de la escuela otra vez.",0
"El candidato debería desaparecer, arruina la comunidad y nadie lo quiere aquí.",1
EL STREAMER RESULTÓ SER UNA RATA Y DEBERÍAN BANEARLO YA.,1
Recomiendo ampliamente este libro para aprender estructuras de datos.,0
Muchas gracias por compartir el enlace con la documentación de la API.,0
"Ya valió madre, se cayó el sistema de la escuela otra vez. Qué dolor de cabeza, puta madre.",0
"No mames, está cabrón el tráfico de hoy en la avenida principal. Qué dolor de cabeza, puta madre.",0
"Ya valió madre, se cayó el sistema de la escuela otra vez.",0
"Está cabrón terminar este proyecto final para el lunes. Qué dolor de cabeza, puta madre.",0
La diputada no es más que una cabrón y hay que lincharlo entre todos.,1
"El examen de la facultad estuvo de la chingada, pero alcancé a pasar.",0
El árbitro no es más que una escoria y da asco que exista.,1
EL MODERADOR SE COMPORTA COMO UNA IGNORANTE Y DA ASCO QUE EXISTA.,1
"No mames, está cabrón el tráfico de hoy en la avenida principal.",0
Ese hater es una completa inepto y lárgate de esta plataforma.,1
El árbitro no es más que una ignorante y eres un peligro social.,1
El árbitro resultó ser una miserable y eres un peligro social.,1
El streamer se comporta como una lacra y eres un peligro social.,1
Este tipo se comporta como una basura y deberían banearlo ya.,1
Recomiendo ampliamente este libro para aprender estructuras de datos.,0
"El proyecto final de ingeniería quedó agendada para el próximo lunes. Qué dolor de cabeza, puta madre.",0
"ESE USUARIO DEBERÍA DESAPARECER, ARRUINA LA COMUNIDAD Y NADIE LO QUIERE AQUÍ.",1
EL CANDIDATO RESULTÓ SER UNA PENDEJO Y DEBERÍAN BANEARLO YA.,1
"El moderador debería desaparecer, arruina la comunidad y nadie lo quiere aquí.",1
La diputada no es más que una pendeja y eres un peligro social.,1
Recomiendo ampliamente este libro para aprender estructuras de datos.,0
El streamer es una completa miserable y da asco que exista.,1
El árbitro es una completa plaga y ojalá te pase algo malo.,1
Ese hater se comporta como una rata y ojalá te pase algo malo.,1
"El examen de la facultad estuvo de la chingada, pero alcancé a pasar. Qué dolor de cabeza, puta madre.",0
EL STREAMER NO ES MÁS QUE UNA RATA Y OJALÁ TE PASE ALGO MALO.,1
Está cabrón terminar este proyecto final para el lunes.,0
Ese usuario resultó ser una plaga y hay que lincharlo entre todos.,1
El candidato es una completa cabrón y ojalá te pase algo malo.,1
El árbitro es una completa cabrón y lárgate de esta plataforma.,1
El candidato se comporta como una inepto y eres un peligro social.,1
EL STREAMER NO ES MÁS QUE UNA PARÁSITO Y HAY QUE LINCHARLO ENTRE TODOS.,1
Esa mujer resultó ser una ignorante y eres un peligro social.,1
"El proyecto final de ingeniería quedó agendada para el próximo lunes. Qué dolor de cabeza, puta madre.",0
EL CREADOR DEL VIDEO RESULTÓ SER UNA MISERABLE Y LÁRGATE DE ESTA PLATAFORMA.,1
"El examen de la facultad estuvo de la chingada, pero alcancé a pasar.",0
La diputada es una completa parásito y ojalá te pase algo malo.,1
Está cabrón terminar este proyecto final para el lunes.,0
Ese usuario no es más que una miserable y hay que lincharlo entre todos.,1
El moderador se comporta como una inepto y da asco que exista.,1
"Qué pendejo estoy, olvidé el archivo en la otra computadora.",0
El moderador no es más que una idiota y lárgate de esta plataforma.,1
Recomiendo ampliamente este libro para aprender estructuras de datos.,0
El creador del video es una completa ignorante y lárgate de esta plataforma.,1
El moderador se comporta como una idiota y da asco que exista.,1
La diputada no es más que una mierda y lárgate de esta plataforma.,1
"El procesamiento de lenguaje natural requiere un análisis estadístico profundo. Qué dolor de cabeza, puta madre.",0
EL CREADOR DEL VIDEO RESULTÓ SER UNA IDIOTA Y ERES UN PELIGRO SOCIAL.,1
Esa mujer no es más que una cabrón y eres un peligro social.,1
El candidato se comporta como una plaga y hay que lincharlo entre todos.,1
"Qué pendejada acabo de hacer con el café, lo derramé sobre el teclado. Qué dolor de cabeza, puta madre.",0
Ese usuario es una completa mierda y ojalá te pase algo malo.,1
El moderador no es más que una miserable y hay que lincharlo entre todos.,1
"Qué pendejada acabo de hacer con el café, lo derramé sobre el teclado.",0
"El creador del video debería desaparecer, arruina la comunidad y nadie lo quiere aquí.",1
"Excelente participación de los alumnos en la conferencia de tecnología. Qué dolor de cabeza, puta madre.",0
Esa mujer resultó ser una pendejo y lárgate de esta plataforma.,1
El moderador se comporta como una plaga y deberían banearlo ya.,1
ESA MUJER SE COMPORTA COMO UNA PARÁSITO Y OJALÁ TE PASE ALGO MALO.,1
Este tipo se comporta como una basura y eres un peligro social.,1
Muchas gracias por compartir el enlace con la documentación de la API.,0
"Qué pendejada acabo de hacer con el café, lo derramé sobre el teclado. Qué dolor de cabeza, puta madre.",0
"Qué pendejo estoy, olvidé el archivo en la otra computadora.",0
"Este tipo debería desaparecer, arruina la comunidad y nadie lo quiere aquí.",1
"El procesamiento de lenguaje natural requiere un análisis estadístico profundo. Qué dolor de cabeza, puta madre.",0
El creador del video demuestra ser una pendeja y lárgate de esta plataforma.,1
"Está cabrón terminar este proyecto final para el lunes. Qué dolor de cabeza, puta madre.",0
Este tipo se comporta como una plaga y eres un peligro social.,1
Este tipo resultó ser una miserable y da asco que exista.,1
"Qué pendejo estoy, olvidé el archivo en la otra computadora.",0
ESTE TIPO SE COMPORTA COMO UNA INCOMPETENTE Y OJALÁ TE PASE ALGO MALO.,1
EL CREADOR DEL VIDEO DEMUESTRA SER UNA RATA Y HAY QUE LINCHARLO ENTRE TODOS.,1
"Ya valió madre, se cayó el sistema de la escuela otra vez. Qué dolor de cabeza, puta madre.",0
El proyecto final de ingeniería quedó agendada para el próximo lunes.,0
¿Alguien sabe a qué hora abre la biblioteca central de la facultad?,0
"Muchas gracias por compartir el enlace con la documentación de la API. Qué dolor de cabeza, puta madre.",0
El candidato resultó ser una pendeja y lárgate de esta plataforma.,1
El proyecto final de ingeniería quedó agendada para el próximo lunes.,0
LA DIPUTADA NO ES MÁS QUE UNA IGNORANTE Y ERES UN PELIGRO SOCIAL.,1
"Qué pendejo estoy, olvidé el archivo en la otra computadora. Qué dolor de cabeza, puta madre.",0
Ese usuario se comporta como una idiota y lárgate de esta plataforma.,1
El moderador se comporta como una ignorante y eres un peligro social.,1
La diputada es una completa basura y hay que lincharlo entre todos.,1
"Ya valió madre, se cayó el sistema de la escuela otra vez.",0
Esa mujer resultó ser una imbécil y da asco que exista.,1
"No mames, está cabrón el tráfico de hoy en la avenida principal.",0
"El examen de la facultad estuvo de la chingada, pero alcancé a pasar.",0
"El creador del video debería desaparecer, arruina la comunidad y nadie lo quiere aquí.",1
"¿Alguien sabe a qué hora abre la biblioteca central de la facultad? Qué dolor de cabeza, puta madre.",0
"Ya valió madre, se cayó el sistema de la escuela otra vez.",0
"EL CREADOR DEL VIDEO DEBERÍA DESAPARECER, ARRUINA LA COMUNIDAD Y NADIE LO QUIERE AQUÍ.",1
El proyecto final de ingeniería quedó agendada para el próximo lunes.,0
"Qué pendejo estoy, olvidé el archivo en la otra computadora. Qué dolor de cabeza, puta madre.",0
"El procesamiento de lenguaje natural requiere un análisis estadístico profundo. Qué dolor de cabeza, puta madre.",0
El streamer resultó ser una pendejo y da asco que exista.,1
El creador del video es una completa rata y eres un peligro social.,1
Ese hater demuestra ser una cabrón y deberían banearlo ya.,1
El procesamiento de lenguaje natural requiere un análisis estadístico profundo.,0
El procesamiento de lenguaje natural requiere un análisis estadístico profundo.,0
El moderador demuestra ser una inepto y deberían banearlo ya.,1
El streamer demuestra ser una imbécil y hay que lincharlo entre todos.,1
El moderador es una completa incompetente y eres un peligro social.,1
Esa mujer resultó ser una mierda y lárgate de esta plataforma.,1
"El examen de la facultad estuvo de la chingada, pero alcancé a pasar.",0
ESTE TIPO RESULTÓ SER UNA PLAGA Y DEBERÍAN BANEARLO YA.,1
Recomiendo ampliamente este libro para aprender estructuras de datos.,0
Ese usuario demuestra ser una imbécil y eres un peligro social.,1
Está cabrón terminar este proyecto final para el lunes.,0
LA DIPUTADA RESULTÓ SER UNA PARÁSITO Y HAY QUE LINCHARLO ENTRE TODOS.,1
El proyecto final de ingeniería quedó agendada para el próximo lunes.,0
El candidato resultó ser una pendejo y deberían banearlo ya.,1
ESTE TIPO RESULTÓ SER UNA PLAGA Y LÁRGATE DE ESTA PLATAFORMA.,1
ESE USUARIO NO ES MÁS QUE UNA PENDEJA Y ERES UN PELIGRO SOCIAL.,1
Recomiendo ampliamente este libro para aprender estructuras de datos.,0
"Está cabrón terminar este proyecto final para el lunes. Qué dolor de cabeza, puta madre.",0
"¿Alguien sabe a qué hora abre la biblioteca central de la facultad? Qué dolor de cabeza, puta madre.",0
Ese usuario no es más que una miserable y lárgate de esta plataforma.,1
¿Alguien sabe a qué hora abre la biblioteca central de la facultad?,0
"Qué pendejada acabo de hacer con el café, lo derramé sobre el teclado.",0
"Qué pendejo estoy, olvidé el archivo en la otra computadora.",0
"La diputada debería desaparecer, arruina la comunidad y nadie lo quiere aquí.",1
EL MODERADOR SE COMPORTA COMO UNA IMBÉCIL Y ERES UN PELIGRO SOCIAL.,1
"Qué pendejada acabo de hacer con el café, lo derramé sobre el teclado. Qué dolor de cabeza, puta madre.",0
El moderador se comporta como una pendejo y hay que lincharlo entre todos.,1
El proyecto final de ingeniería quedó agendada para el próximo lunes.,0
"Ese hater debería desaparecer, arruina la comunidad y nadie lo quiere aquí.",1
ESA MUJER SE COMPORTA COMO UNA IGNORANTE Y OJALÁ TE PASE ALGO MALO.,1
¿Alguien sabe a qué hora abre la biblioteca central de la facultad?,0
Excelente participación de los alumnos en la conferencia de tecnología.,0
EL STREAMER RESULTÓ SER UNA PENDEJO Y DEBERÍAN BANEARLO YA.,1
El proyecto final de ingeniería quedó agendada para el próximo lunes.,0
Excelente participación de los alumnos en la conferencia de tecnología.,0
"El examen de la facultad estuvo de la chingada, pero alcancé a pasar.",0
"Ya valió madre, se cayó el sistema de la escuela otra vez.",0
"No mames, está cabrón el tráfico de hoy en la avenida principal. Qué dolor de cabeza, puta madre.",0
El streamer no es más que una pendeja y lárgate de esta plataforma.,1
Está cabrón terminar este proyecto final para el lunes.,0
El streamer no es más que una escoria y deberían banearlo ya.,1
ESE HATER ES UNA COMPLETA IGNORANTE Y LÁRGATE DE ESTA PLATAFORMA.,1
El streamer demuestra ser una mierda y eres un peligro social.,1
"Muchas gracias por compartir el enlace con la documentación de la API. Qué dolor de cabeza, puta madre.",0
EL CREADOR DEL VIDEO DEMUESTRA SER UNA INEPTO Y HAY QUE LINCHARLO ENTRE TODOS.,1
Este tipo se comporta como una parásito y lárgate de esta plataforma.,1
Esa mujer demuestra ser una escoria y ojalá te pase algo malo.,1
El moderador resultó ser una pendejo y hay que lincharlo entre todos.,1
ESE USUARIO NO ES MÁS QUE UNA MIERDA Y LÁRGATE DE ESTA PLATAFORMA.,1
¿Alguien sabe a qué hora abre la biblioteca central de la facultad?,0
La diputada es una completa pendeja y eres un peligro social.,1
EL ÁRBITRO ES UNA COMPLETA IMBÉCIL Y DEBERÍAN BANEARLO YA.,1
"Qué pendejada acabo de hacer con el café, lo derramé sobre el teclado.",0
Ese usuario resultó ser una idiota y hay que lincharlo entre todos.,1
El árbitro demuestra ser una basura y hay que lincharlo entre todos.,1
"El proyecto final de ingeniería quedó agendada para el próximo lunes. Qué dolor de cabeza, puta madre.",0
El streamer se comporta como una basura y hay que lincharlo entre todos.,1
El streamer resultó ser una mierda y lárgate de esta plataforma.,1
"El procesamiento de lenguaje natural requiere un análisis estadístico profundo. Qué dolor de cabeza, puta madre.",0
"Qué pendejada acabo de hacer con el café, lo derramé sobre el teclado. Qué dolor de cabeza, puta madre.",0
Está cabrón terminar este proyecto final para el lunes.,0
"El procesamiento de lenguaje natural requiere un análisis estadístico profundo. Qué dolor de cabeza, puta madre.",0
Esa mujer demuestra ser una incompetente y eres un peligro social.,1
La diputada no es más que una plaga y eres un peligro social.,1
Esa mujer es una completa rata y ojalá te pase algo malo.,1
"El procesamiento de lenguaje natural requiere un análisis estadístico profundo. Qué dolor de cabeza, puta madre.",0
"Ya valió madre, se cayó el sistema de la escuela otra vez. Qué dolor de cabeza, puta madre.",0
El proyecto final de ingeniería quedó agendada para el próximo lunes.,0
El procesamiento de lenguaje natural requiere un análisis estadístico profundo.,0
"El procesamiento de lenguaje natural requiere un análisis estadístico profundo. Qué dolor de cabeza, puta madre.",0
"Qué pendejo estoy, olvidé el archivo en la otra computadora.",0
Este tipo demuestra ser una pendeja y da asco que exista.,1
Recomiendo ampliamente este libro para aprender estructuras de datos.,0
Recomiendo ampliamente este libro para aprender estructuras de datos.,0
Esa mujer se comporta como una inepto y eres un peligro social.,1
El candidato no es más que una escoria y lárgate de esta plataforma.,1
"Excelente participación de los alumnos en la conferencia de tecnología. Qué dolor de cabeza, puta madre.",0
"El examen de la facultad estuvo de la chingada, pero alcancé a pasar. Qué dolor de cabeza, puta madre.",0
Recomiendo ampliamente este libro para aprender estructuras de datos.,0
El candidato demuestra ser una mierda y deberían banearlo ya.,1
Esa mujer resultó ser una pendejo y hay que lincharlo entre todos.,1
"El examen de la facultad estuvo de la chingada, pero alcancé a pasar.",0
"Qué pendejo estoy, olvidé el archivo en la otra computadora. Qué dolor de cabeza, puta madre.",0
El árbitro resultó ser una inepto y da asco que exista.,1
Ese usuario demuestra ser una pendeja y da asco que exista.,1
Ese hater demuestra ser una cabrón y eres un peligro social.,1
El moderador se comporta como una plaga y eres un peligro social.,1
El creador del video se comporta como una pendejo y eres un peligro social.,1
"Ya valió madre, se cayó el sistema de la escuela otra vez.",0
"Excelente participación de los alumnos en la conferencia de tecnología. Qué dolor de cabeza, puta madre.",0
"Muchas gracias por compartir el enlace con la documentación de la API. Qué dolor de cabeza, puta madre.",0
Está cabrón terminar este proyecto final para el lunes.,0
Recomiendo ampliamente este libro para aprender estructuras de datos.,0
El candidato demuestra ser una plaga y deberían banearlo ya.,1
"El streamer debería desaparecer, arruina la comunidad y nadie lo quiere aquí.",1
Este tipo no es más que una imbécil y eres un peligro social.,1
"Ya valió madre, se cayó el sistema de la escuela otra vez.",0
"Qué pendejo estoy, olvidé el archivo en la otra computadora. Qué dolor de cabeza, puta madre.",0
La diputada es una completa rata y deberían banearlo ya.,1
El candidato se comporta como una pendejo y lárgate de esta plataforma.,1
El proyecto final de ingeniería quedó agendada para el próximo lunes.,0
"La diputada debería desaparecer, arruina la comunidad y nadie lo quiere aquí.",1
"El creador del video debería desaparecer, arruina la comunidad y nadie lo quiere aquí.",1
El creador del video no es más que una lacra y eres un peligro social.,1
Esa mujer se comporta como una imbécil y deberían banearlo ya.,1
El proyecto final de ingeniería quedó agendada para el próximo lunes.,0
El creador del video demuestra ser una imbécil y deberían banearlo ya.,1
"El proyecto final de ingeniería quedó agendada para el próximo lunes. Qué dolor de cabeza, puta madre.",0
El proyecto final de ingeniería quedó agendada para el próximo lunes.,0
"Está cabrón terminar este proyecto final para el lunes. Qué dolor de cabeza, puta madre.",0
Ese usuario es una completa parásito y da asco que exista.,1
"Ya valió madre, se cayó el sistema de la escuela otra vez. Qué dolor de cabeza, puta madre.",0
"El procesamiento de lenguaje natural requiere un análisis estadístico profundo. Qué dolor de cabeza, puta madre.",0
"El examen de la facultad estuvo de la chingada, pero alcancé a pasar. Qué dolor de cabeza, puta madre.",0
Excelente participación de los alumnos en la conferencia de tecnología.,0
"Esa mujer debería desaparecer, arruina la comunidad y nadie lo quiere aquí.",1
El proyecto final de ingeniería quedó agendada para el próximo lunes.,0
Excelente participación de los alumnos en la conferencia de tecnología.,0
LA DIPUTADA NO ES MÁS QUE UNA MIERDA Y ERES UN PELIGRO SOCIAL.,1
ESE HATER NO ES MÁS QUE UNA IGNORANTE Y LÁRGATE DE ESTA PLATAFORMA.,1
"Ya valió madre, se cayó el sistema de la escuela otra vez.",0
Este tipo resultó ser una escoria y lárgate de esta plataforma.,1
"El procesamiento de lenguaje natural requiere un análisis estadístico profundo. Qué dolor de cabeza, puta madre.",0
ESE HATER SE COMPORTA COMO UNA LACRA Y DEBERÍAN BANEARLO YA.,1
"Ya valió madre, se cayó el sistema de la escuela otra vez.",0
"El examen de la facultad estuvo de la chingada, pero alcancé a pasar.",0
EL CREADOR DEL VIDEO ES UNA COMPLETA LACRA Y OJALÁ TE PASE ALGO MALO.,1
"No mames, está cabrón el tráfico de hoy en la avenida principal.",0
El proyecto final de ingeniería quedó agendada para el próximo lunes.,0
El streamer se comporta como una mierda y da asco que exista.,1
ESA MUJER ES UNA COMPLETA MIERDA Y DA ASCO QUE EXISTA.,1
ESE HATER ES UNA COMPLETA BASURA Y DA ASCO QUE EXISTA.,1
ESE USUARIO DEMUESTRA SER UNA PENDEJA Y DA ASCO QUE EXISTA.,1
"Muchas gracias por compartir el enlace con la documentación de la API. Qué dolor de cabeza, puta madre.",0
La diputada no es más que una lacra y da asco que exista.,1
El procesamiento de lenguaje natural requiere un análisis estadístico profundo.,0
Esa mujer resultó ser una ignorante y eres un peligro social.,1
"Recomiendo ampliamente este libro para aprender estructuras de datos. Qué dolor de cabeza, puta madre.",0
Esa mujer no es más que una imbécil y lárgate de esta plataforma.,1
El creador del video no es más que una miserable y deberían banearlo ya.,1
La diputada demuestra ser una rata y hay que lincharlo entre todos.,1
Muchas gracias por compartir el enlace con la documentación de la API.,0
"Muchas gracias por compartir el enlace con la documentación de la API. Qué dolor de cabeza, puta madre.",0
Esa mujer resultó ser una lacra y ojalá te pase algo malo.,1
El creador del video demuestra ser una lacra y lárgate de esta plataforma.,1
El candidato es una completa inepto y ojalá te pase algo malo.,1
Esa mujer se comporta como una incompetente y ojalá te pase algo malo.,1
ESA MUJER SE COMPORTA COMO UNA INCOMPETENTE Y ERES UN PELIGRO SOCIAL.,1
Ese hater demuestra ser una escoria y deberían banearlo ya.,1
LA DIPUTADA SE COMPORTA COMO UNA PENDEJO Y ERES UN PELIGRO SOCIAL.,1
El árbitro resultó ser una ignorante y deberían banearlo ya.,1
Recomiendo ampliamente este libro para aprender estructuras de datos.,0
"Qué pendejo estoy, olvidé el archivo en la otra computadora.",0
Ese hater no es más que una basura y hay que lincharlo entre todos.,1
"Está cabrón terminar este proyecto final para el lunes. Qué dolor de cabeza, puta madre.",0
"ESTE TIPO DEBERÍA DESAPARECER, ARRUINA LA COMUNIDAD Y NADIE LO QUIERE AQUÍ.",1
El moderador no es más que una parásito y hay que lincharlo entre todos.,1
"Qué pendejo estoy, olvidé el archivo en la otra computadora. Qué dolor de cabeza, puta madre.",0
ESTE TIPO SE COMPORTA COMO UNA LACRA Y DEBERÍAN BANEARLO YA.,1
"El examen de la facultad estuvo de la chingada, pero alcancé a pasar. Qué dolor de cabeza, puta madre.",0
EL CANDIDATO DEMUESTRA SER UNA MISERABLE Y DA ASCO QUE EXISTA.,1
"Qué pendejo estoy, olvidé el archivo en la otra computadora. Qué dolor de cabeza, puta madre.",0
"Ya valió madre, se cayó el sistema de la escuela otra vez.",0
Ese usuario resultó ser una rata y ojalá te pase algo malo.,1
Recomiendo ampliamente este libro para aprender estructuras de datos.,0
LA DIPUTADA ES UNA COMPLETA BASURA Y DA ASCO QUE EXISTA.,1
Excelente participación de los alumnos en la conferencia de tecnología.,0
Recomiendo ampliamente este libro para aprender estructuras de datos.,0
El moderador demuestra ser una rata y da asco que exista.,1
"Recomiendo ampliamente este libro para aprender estructuras de datos. Qué dolor de cabeza, puta madre.",0
ESA MUJER NO ES MÁS QUE UNA IGNORANTE Y DEBERÍAN BANEARLO YA.,1
"El examen de la facultad estuvo de la chingada, pero alcancé a pasar.",0
"El examen de la facultad estuvo de la chingada, pero alcancé a pasar.",0
El creador del video es una completa lacra y eres un peligro social.,1
"Ya valió madre, se cayó el sistema de la escuela otra vez. Qué dolor de cabeza, puta madre.",0
"El proyecto final de ingeniería quedó agendada para el próximo lunes. Qué dolor de cabeza, puta madre.",0
El árbitro demuestra ser una lacra y eres un peligro social.,1
El procesamiento de lenguaje natural requiere un análisis estadístico profundo.,0
El creador del video es una completa pendejo y eres un peligro social.,1
El streamer es una completa ignorante y da asco que exista.,1
Muchas gracias por compartir el enlace con la documentación de la API.,0
Está cabrón terminar este proyecto final para el lunes.,0
Este tipo se comporta como una miserable y da asco que exista.,1
Ese hater se comporta como una ignorante y deberían banearlo ya.,1
"El examen de la facultad estuvo de la chingada, pero alcancé a pasar. Qué dolor de cabeza, puta madre.",0
El streamer es una completa miserable y eres un peligro social.,1
El árbitro se comporta como una pendeja y deberían banearlo ya.,1
El moderador es una completa plaga y eres un peligro social.,1
Esa mujer es una completa basura y ojalá te pase algo malo.,1
EL CANDIDATO RESULTÓ SER UNA INEPTO Y DEBERÍAN BANEARLO YA.,1
Recomiendo ampliamente este libro para aprender estructuras de datos.,0
ESE HATER NO ES MÁS QUE UNA PLAGA Y HAY QUE LINCHARLO ENTRE TODOS.,1
"¿Alguien sabe a qué hora abre la biblioteca central de la facultad? Qué dolor de cabeza, puta madre.",0
El árbitro no es más que una escoria y deberían banearlo ya.,1
El proyecto final de ingeniería quedó agendada para el próximo lunes.,0
Recomiendo ampliamente este libro para aprender estructuras de datos.,0
El candidato se comporta como una pendeja y da asco que exista.,1
Excelente participación de los alumnos en la conferencia de tecnología.,0
"Ya valió madre, se cayó el sistema de la escuela otra vez.",0
El creador del video demuestra ser una imbécil y da asco que exista.,1
Está cabrón terminar este proyecto final para el lunes.,0
Ese usuario demuestra ser una pendejo y da asco que exista.,1
"¿Alguien sabe a qué hora abre la biblioteca central de la facultad? Qué dolor de cabeza, puta madre.",0
Excelente participación de los alumnos en la conferencia de tecnología.,0
ESA MUJER RESULTÓ SER UNA MIERDA Y HAY QUE LINCHARLO ENTRE TODOS.,1
El creador del video demuestra ser una plaga y da asco que exista.,1
"Qué pendejada acabo de hacer con el café, lo derramé sobre el teclado.",0
ESTE TIPO DEMUESTRA SER UNA BASURA Y DEBERÍAN BANEARLO YA.,1
"EL CREADOR DEL VIDEO DEBERÍA DESAPARECER, ARRUINA LA COMUNIDAD Y NADIE LO QUIERE AQUÍ.",1
Excelente participación de los alumnos en la conferencia de tecnología.,0
Esa mujer se comporta como una rata y deberían banearlo ya.,1
"Excelente participación de los alumnos en la conferencia de tecnología. Qué dolor de cabeza, puta madre.",0
El moderador resultó ser una pendejo y eres un peligro social.,1
¿Alguien sabe a qué hora abre la biblioteca central de la facultad?,0
EL CREADOR DEL VIDEO RESULTÓ SER UNA PLAGA Y LÁRGATE DE ESTA PLATAFORMA.,1
Esa mujer no es más que una mierda y da asco que exista.,1
El proyecto final de ingeniería quedó agendada para el próximo lunes.,0
El creador del video resultó ser una ignorante y hay que lincharlo entre todos.,1
EL CREADOR DEL VIDEO NO ES MÁS QUE UNA BASURA Y DEBERÍAN BANEARLO YA.,1
El moderador demuestra ser una incompetente y lárgate de esta plataforma.,1
El árbitro no es más que una mierda y eres un peligro social.,1
La diputada es una completa pendeja y hay que lincharlo entre todos.,1
"No mames, está cabrón el tráfico de hoy en la avenida principal.",0
El creador del video demuestra ser una pendeja y da asco que exista.,1
"Qué pendejo estoy, olvidé el archivo en la otra computadora. Qué dolor de cabeza, puta madre.",0
¿Alguien sabe a qué hora abre la biblioteca central de la facultad?,0
Ese usuario resultó ser una parásito y ojalá te pase algo malo.,1
"Está cabrón terminar este proyecto final para el lunes. Qué dolor de cabeza, puta madre.",0
"Ya valió madre, se cayó el sistema de la escuela otra vez.",0
El proyecto final de ingeniería quedó agendada para el próximo lunes.,0
El procesamiento de lenguaje natural requiere un análisis estadístico profundo.,0
EL CANDIDATO NO ES MÁS QUE UNA PENDEJO Y LÁRGATE DE ESTA PLATAFORMA.,1
Este tipo se comporta como una escoria y eres un peligro social.,1
Ese hater es una completa lacra y ojalá te pase algo malo.,1
El árbitro se comporta como una inepto y da asco que exista.,1
El árbitro se comporta como una miserable y da asco que exista.,1
"Ya valió madre, se cayó el sistema de la escuela otra vez. Qué dolor de cabeza, puta madre.",0
EL STREAMER ES UNA COMPLETA BASURA Y OJALÁ TE PASE ALGO MALO.,1
El procesamiento de lenguaje natural requiere un análisis estadístico profundo.,0
"El examen de la facultad estuvo de la chingada, pero alcancé a pasar.",0
Este tipo se comporta como una incompetente y hay que lincharlo entre todos.,1
"El examen de la facultad estuvo de la chingada, pero alcancé a pasar. Qué dolor de cabeza, puta madre.",0
El proyecto final de ingeniería quedó agendada para el próximo lunes.,0
EL CANDIDATO ES UNA COMPLETA PARÁSITO Y ERES UN PELIGRO SOCIAL.,1
ESE USUARIO DEMUESTRA SER UNA PARÁSITO Y ERES UN PELIGRO SOCIAL.,1
El proyecto final de ingeniería quedó agendada para el próximo lunes.,0
El proyecto final de ingeniería quedó agendada para el próximo lunes.,0
El moderador resultó ser una imbécil y lárgate de esta plataforma.,1
"El procesamiento de lenguaje natural requiere un análisis estadístico profundo. Qué dolor de cabeza, puta madre.",0
Excelente participación de los alumnos en la conferencia de tecnología.,0
EL STREAMER NO ES MÁS QUE UNA PLAGA Y DA ASCO QUE EXISTA.,1
El candidato es una completa ignorante y hay que lincharlo entre todos.,1
"¿Alguien sabe a qué hora abre la biblioteca central de la facultad? Qué dolor de cabeza, puta madre.",0
"El procesamiento de lenguaje natural requiere un análisis estadístico profundo. Qué dolor de cabeza, puta madre.",0
"El creador del video debería desaparecer, arruina la comunidad y nadie lo quiere aquí.",1
Ese hater se comporta como una parásito y ojalá te pase algo malo.,1
Ese usuario se comporta como una mierda y da asco que exista.,1
El moderador es una completa mierda y hay que lincharlo entre todos.,1
EL STREAMER NO ES MÁS QUE UNA LACRA Y LÁRGATE DE ESTA PLATAFORMA.,1
"Qué pendejo estoy, olvidé el archivo en la otra computadora.",0
"Qué pendejada acabo de hacer con el café, lo derramé sobre el teclado. Qué dolor de cabeza, puta madre.",0
¿Alguien sabe a qué hora abre la biblioteca central de la facultad?,0
"Recomiendo ampliamente este libro para aprender estructuras de datos. Qué dolor de cabeza, puta madre.",0
"Ya valió madre, se cayó el sistema de la escuela otra vez.",0
"Qué pendejo estoy, olvidé el archivo en la otra computadora. Qué dolor de cabeza, puta madre.",0
"Qué pendejo estoy, olvidé el archivo en la otra computadora. Qué dolor de cabeza, puta madre.",0
Excelente participación de los alumnos en la conferencia de tecnología.,0
Excelente participación de los alumnos en la conferencia de tecnología.,0
El creador del video no es más que una escoria y hay que lincharlo entre todos.,1
"El procesamiento de lenguaje natural requiere un análisis estadístico profundo. Qué dolor de cabeza, puta madre.",0
"Está cabrón terminar este proyecto final para el lunes. Qué dolor de cabeza, puta madre.",0
Ese usuario es una completa pendeja y da asco que exista.,1
El proyecto final de ingeniería quedó agendada para el próximo lunes.,0
Este tipo resultó ser una miserable y da asco que exista.,1
"El moderador debería desaparecer, arruina la comunidad y nadie lo quiere aquí.",1
"Muchas gracias por compartir el enlace con la documentación de la API. Qué dolor de cabeza, puta madre.",0
El creador del video se comporta como una lacra y eres un peligro social.,1
¿Alguien sabe a qué hora abre la biblioteca central de la facultad?,0
"Qué pendejada acabo de hacer con el café, lo derramé sobre el teclado. Qué dolor de cabeza, puta madre.",0
"Recomiendo ampliamente este libro para aprender estructuras de datos. Qué dolor de cabeza, puta madre.",0
ESE USUARIO SE COMPORTA COMO UNA PENDEJA Y LÁRGATE DE ESTA PLATAFORMA.,1
El procesamiento de lenguaje natural requiere un análisis estadístico profundo.,0
"Qué pendejada acabo de hacer con el café, lo derramé sobre el teclado.",0
"Qué pendejada acabo de hacer con el café, lo derramé sobre el teclado.",0
EL CREADOR DEL VIDEO SE COMPORTA COMO UNA PLAGA Y DEBERÍAN BANEARLO YA.,1
"EL CANDIDATO DEBERÍA DESAPARECER, ARRUINA LA COMUNIDAD Y NADIE LO QUIERE AQUÍ.",1
El creador del video demuestra ser una inepto y eres un peligro social.,1
"Qué pendejo estoy, olvidé el archivo en la otra computadora.",0
"Está cabrón terminar este proyecto final para el lunes. Qué dolor de cabeza, puta madre.",0
El moderador demuestra ser una parásito y deberían banearlo ya.,1
¿Alguien sabe a qué hora abre la biblioteca central de la facultad?,0
Ese hater resultó ser una inepto y hay que lincharlo entre todos.,1
"Qué pendejo estoy, olvidé el archivo en la otra computadora.",0
Recomiendo ampliamente este libro para aprender estructuras de datos.,0
El streamer demuestra ser una escoria y lárgate de esta plataforma.,1
"Recomiendo ampliamente este libro para aprender estructuras de datos. Qué dolor de cabeza, puta madre.",0
ESE HATER DEMUESTRA SER UNA CABRÓN Y OJALÁ TE PASE ALGO MALO.,1
El candidato demuestra ser una basura y lárgate de esta plataforma.,1
"Qué pendejada acabo de hacer con el café, lo derramé sobre el teclado. Qué dolor de cabeza, puta madre.",0
Está cabrón terminar este proyecto final para el lunes.,0
"Qué pendejada acabo de hacer con el café, lo derramé sobre el teclado.",0
LA DIPUTADA DEMUESTRA SER UNA CABRÓN Y LÁRGATE DE ESTA PLATAFORMA.,1
¿Alguien sabe a qué hora abre la biblioteca central de la facultad?,0
"No mames, está cabrón el tráfico de hoy en la avenida principal. Qué dolor de cabeza, puta madre.",0
"El candidato debería desaparecer, arruina la comunidad y nadie lo quiere aquí.",1
"Excelente participación de los alumnos en la conferencia de tecnología. Qué dolor de cabeza, puta madre.",0
Muchas gracias por compartir el enlace con la documentación de la API.,0
El proyecto final de ingeniería quedó agendada para el próximo lunes.,0
El moderador no es más que una idiota y deberían banearlo ya.,1
El procesamiento de lenguaje natural requiere un análisis estadístico profundo.,0
"Está cabrón terminar este proyecto final para el lunes. Qué dolor de cabeza, puta madre.",0
El creador del video resultó ser una incompetente y ojalá te pase algo malo.,1
"El árbitro debería desaparecer, arruina la comunidad y nadie lo quiere aquí.",1
El árbitro es una completa cabrón y eres un peligro social.,1
ESA MUJER SE COMPORTA COMO UNA INEPTO Y DEBERÍAN BANEARLO YA.,1
El streamer es una completa mierda y da asco que exista.,1
"Esa mujer debería desaparecer, arruina la comunidad y nadie lo quiere aquí.",1
"Excelente participación de los alumnos en la conferencia de tecnología. Qué dolor de cabeza, puta madre.",0
El árbitro resultó ser una rata y da asco que exista.,1
Está cabrón terminar este proyecto final para el lunes.,0
Ese hater es una completa escoria y deberían banearlo ya.,1
Este tipo se comporta como una inepto y deberían banearlo ya.,1
El árbitro es una completa lacra y da asco que exista.,1
Ese hater es una completa ignorante y deberían banearlo ya.,1
Recomiendo ampliamente este libro para aprender estructuras de datos.,0
"Qué pendejada acabo de hacer con el café, lo derramé sobre el teclado.",0
"Qué pendejo estoy, olvidé el archivo en la otra computadora.",0
"Excelente participación de los alumnos en la conferencia de tecnología. Qué dolor de cabeza, puta madre.",0
"Qué pendejada acabo de hacer con el café, lo derramé sobre el teclado.",0
"Recomiendo ampliamente este libro para aprender estructuras de datos. Qué dolor de cabeza, puta madre.",0
El streamer resultó ser una basura y ojalá te pase algo malo.,1
La diputada es una completa inepto y eres un peligro social.,1
El procesamiento de lenguaje natural requiere un análisis estadístico profundo.,0
El creador del video resultó ser una pendeja y hay que lincharlo entre todos.,1
"Ya valió madre, se cayó el sistema de la escuela otra vez. Qué dolor de cabeza, puta madre.",0
La diputada no es más que una mierda y hay que lincharlo entre todos.,1
"Qué pendejada acabo de hacer con el café, lo derramé sobre el teclado.",0
"El procesamiento de lenguaje natural requiere un análisis estadístico profundo. Qué dolor de cabeza, puta madre.",0
Ese hater demuestra ser una cabrón y lárgate de esta plataforma.,1
"EL CREADOR DEL VIDEO DEBERÍA DESAPARECER, ARRUINA LA COMUNIDAD Y NADIE LO QUIERE AQUÍ.",1
Está cabrón terminar este proyecto final para el lunes.,0
Ese hater se comporta como una parásito y ojalá te pase algo malo.,1
El creador del video resultó ser una pendeja y eres un peligro social.,1
Ese usuario no es más que una imbécil y eres un peligro social.,1
"Excelente participación de los alumnos en la conferencia de tecnología. Qué dolor de cabeza, puta madre.",0
"Ya valió madre, se cayó el sistema de la escuela otra vez. Qué dolor de cabeza, puta madre.",0
"El árbitro debería desaparecer, arruina la comunidad y nadie lo quiere aquí.",1
"La diputada debería desaparecer, arruina la comunidad y nadie lo quiere aquí.",1
"El examen de la facultad estuvo de la chingada, pero alcancé a pasar.",0
El moderador se comporta como una imbécil y eres un peligro social.,1
La diputada no es más que una lacra y lárgate de esta plataforma.,1
"El examen de la facultad estuvo de la chingada, pero alcancé a pasar.",0
"Muchas gracias por compartir el enlace con la documentación de la API. Qué dolor de cabeza, puta madre.",0
El proyecto final de ingeniería quedó agendada para el próximo lunes.,0
"El proyecto final de ingeniería quedó agendada para el próximo lunes. Qué dolor de cabeza, puta madre.",0
El moderador demuestra ser una pendejo y da asco que exista.,1
Ese hater demuestra ser una escoria y ojalá te pase algo malo.,1
El árbitro se comporta como una idiota y eres un peligro social.,1
Este tipo resultó ser una inepto y deberían banearlo ya.,1
"El examen de la facultad estuvo de la chingada, pero alcancé a pasar.",0
Está cabrón terminar este proyecto final para el lunes.,0
Está cabrón terminar este proyecto final para el lunes.,0
Ese usuario es una completa mierda y da asco que exista.,1
ESA MUJER ES UNA COMPLETA INCOMPETENTE Y DEBERÍAN BANEARLO YA.,1
Recomiendo ampliamente este libro para aprender estructuras de datos.,0
El moderador resultó ser una imbécil y eres un peligro social.,1
El árbitro resultó ser una incompetente y deberían banearlo ya.,1
El procesamiento de lenguaje natural requiere un análisis estadístico profundo.,0
"Ese hater debería desaparecer, arruina la comunidad y nadie lo quiere aquí.",1
"El examen de la facultad estuvo de la chingada, pero alcancé a pasar. Qué dolor de cabeza, puta madre.",0
El moderador no es más que una mierda y ojalá te pase algo malo.,1
El creador del video se comporta como una incompetente y hay que lincharlo entre todos.,1
Este tipo no es más que una ignorante y ojalá te pase algo malo.,1
El árbitro demuestra ser una mierda y lárgate de esta plataforma.,1
"El moderador debería desaparecer, arruina la comunidad y nadie lo quiere aquí.",1
ESE HATER RESULTÓ SER UNA MISERABLE Y ERES UN PELIGRO SOCIAL.,1
¿Alguien sabe a qué hora abre la biblioteca central de la facultad?,0
"La diputada debería desaparecer, arruina la comunidad y nadie lo quiere aquí.",1
"Qué pendejo estoy, olvidé el archivo en la otra computadora.",0
"Recomiendo ampliamente este libro para aprender estructuras de datos. Qué dolor de cabeza, puta madre.",0
"Esa mujer debería desaparecer, arruina la comunidad y nadie lo quiere aquí.",1
Muchas gracias por compartir el enlace con la documentación de la API.,0
El árbitro se comporta como una ignorante y hay que lincharlo entre todos.,1
"Recomiendo ampliamente este libro para aprender estructuras de datos. Qué dolor de cabeza, puta madre.",0
El creador del video resultó ser una pendejo y hay que lincharlo entre todos.,1
El proyecto final de ingeniería quedó agendada para el próximo lunes.,0
EL MODERADOR SE COMPORTA COMO UNA RATA Y LÁRGATE DE ESTA PLATAFORMA.,1
Ese hater resultó ser una miserable y da asco que exista.,1
"Este tipo debería desaparecer, arruina la comunidad y nadie lo quiere aquí.",1
"Qué pendejo estoy, olvidé el archivo en la otra computadora.",0
"Qué pendejo estoy, olvidé el archivo en la otra computadora.",0
"No mames, está cabrón el tráfico de hoy en la avenida principal. Qué dolor de cabeza, puta madre.",0
El streamer es una completa inepto y hay que lincharlo entre todos.,1
EL CANDIDATO ES UNA COMPLETA CABRÓN Y HAY QUE LINCHARLO ENTRE TODOS.,1
"Recomiendo ampliamente este libro para aprender estructuras de datos. Qué dolor de cabeza, puta madre.",0
EL CREADOR DEL VIDEO RESULTÓ SER UNA PENDEJO Y LÁRGATE DE ESTA PLATAFORMA.,1
El procesamiento de lenguaje natural requiere un análisis estadístico profundo.,0
"Qué pendejada acabo de hacer con el café, lo derramé sobre el teclado. Qué dolor de cabeza, puta madre.",0
El candidato no es más que una pendeja y hay que lincharlo entre todos.,1
ESE HATER NO ES MÁS QUE UNA MIERDA Y HAY QUE LINCHARLO ENTRE TODOS.,1
¿Alguien sabe a qué hora abre la biblioteca central de la facultad?,0
La diputada se comporta como una imbécil y hay que lincharlo entre todos.,1
El árbitro demuestra ser una parásito y da asco que exista.,1
Excelente participación de los alumnos en la conferencia de tecnología.,0
El candidato no es más que una inepto y da asco que exista.,1
Está cabrón terminar este proyecto final para el lunes.,0
Esa mujer demuestra ser una rata y da asco que exista.,1
"El creador del video debería desaparecer, arruina la comunidad y nadie lo quiere aquí.",1
El árbitro no es más que una mierda y hay que lincharlo entre todos.,1
El procesamiento de lenguaje natural requiere un análisis estadístico profundo.,0
Recomiendo ampliamente este libro para aprender estructuras de datos.,0
"El examen de la facultad estuvo de la chingada, pero alcancé a pasar.",0
"Ese usuario debería desaparecer, arruina la comunidad y nadie lo quiere aquí.",1
ESE USUARIO SE COMPORTA COMO UNA PARÁSITO Y HAY QUE LINCHARLO ENTRE TODOS.,1
Está cabrón terminar este proyecto final para el lunes.,0
El streamer no es más que una inepto y lárgate de esta plataforma.,1
Este tipo se comporta como una idiota y ojalá te pase algo malo.,1
"El streamer debería desaparecer, arruina la comunidad y nadie lo quiere aquí.",1
"No mames, está cabrón el tráfico de hoy en la avenida principal. Qué dolor de cabeza, puta madre.",0
"Está cabrón terminar este proyecto final para el lunes. Qué dolor de cabeza, puta madre.",0
"Qué pendejada acabo de hacer con el café, lo derramé sobre el teclado. Qué dolor de cabeza, puta madre.",0
ESE USUARIO SE COMPORTA COMO UNA BASURA Y DA ASCO QUE EXISTA.,1
"Qué pendejo estoy, olvidé el archivo en la otra computadora.",0
Muchas gracias por compartir el enlace con la documentación de la API.,0
Ese usuario es una completa basura y deberían banearlo ya.,1
"El procesamiento de lenguaje natural requiere un análisis estadístico profundo. Qué dolor de cabeza, puta madre.",0
El árbitro resultó ser una idiota y eres un peligro social.,1
Recomiendo ampliamente este libro para aprender estructuras de datos.,0
"Ya valió madre, se cayó el sistema de la escuela otra vez. Qué dolor de cabeza, puta madre.",0
El candidato es una completa basura y eres un peligro social.,1
La diputada se comporta como una plaga y hay que lincharlo entre todos.,1
"El examen de la facultad estuvo de la chingada, pero alcancé a pasar.",0
El candidato demuestra ser una pendejo y eres un peligro social.,1
El árbitro es una completa rata y ojalá te pase algo malo.,1
"Ese usuario debería desaparecer, arruina la comunidad y nadie lo quiere aquí.",1
"Está cabrón terminar este proyecto final para el lunes. Qué dolor de cabeza, puta madre.",0
El proyecto final de ingeniería quedó agendada para el próximo lunes.,0
El moderador resultó ser una idiota y hay que lincharlo entre todos.,1
El moderador no es más que una pendejo y eres un peligro social.,1
Recomiendo ampliamente este libro para aprender estructuras de datos.,0
El moderador resultó ser una lacra y lárgate de esta plataforma.,1
"Esa mujer debería desaparecer, arruina la comunidad y nadie lo quiere aquí.",1
El proyecto final de ingeniería quedó agendada para el próximo lunes.,0
Esa mujer demuestra ser una lacra y hay que lincharlo entre todos.,1
"Qué pendejo estoy, olvidé el archivo en la otra computadora. Qué dolor de cabeza, puta madre.",0
Muchas gracias por compartir el enlace con la documentación de la API.,0
ESE HATER SE COMPORTA COMO UNA LACRA Y LÁRGATE DE ESTA PLATAFORMA.,1
Ese usuario es una completa miserable y ojalá te pase algo malo.,1
"Qué pendejo estoy, olvidé el archivo en la otra computadora.",0
"Qué pendejo estoy, olvidé el archivo en la otra computadora.",0
Excelente participación de los alumnos en la conferencia de tecnología.,0
La diputada demuestra ser una ignorante y ojalá te pase algo malo.,1
El candidato resultó ser una pendeja y deberían banearlo ya.,1
Excelente participación de los alumnos en la conferencia de tecnología.,0
"No mames, está cabrón el tráfico de hoy en la avenida principal. Qué dolor de cabeza, puta madre.",0
El árbitro se comporta como una plaga y deberían banearlo ya.,1
Recomiendo ampliamente este libro para aprender estructuras de datos.,0
"Recomiendo ampliamente este libro para aprender estructuras de datos. Qué dolor de cabeza, puta madre.",0
"Está cabrón terminar este proyecto final para el lunes. Qué dolor de cabeza, puta madre.",0
Ese hater se comporta como una rata y lárgate de esta plataforma.,1
El streamer resultó ser una pendejo y deberían banearlo ya.,1
"Ya valió madre, se cayó el sistema de la escuela otra vez. Qué dolor de cabeza, puta madre.",0
Está cabrón terminar este proyecto final para el lunes.,0
"¿Alguien sabe a qué hora abre la biblioteca central de la facultad? Qué dolor de cabeza, puta madre.",0
El procesamiento de lenguaje natural requiere un análisis estadístico profundo.,0
ESA MUJER RESULTÓ SER UNA IDIOTA Y DA ASCO QUE EXISTA.,1
Ese usuario es una completa inepto y deberían banearlo ya.,1
Está cabrón terminar este proyecto final para el lunes.,0
"Qué pendejada acabo de hacer con el café, lo derramé sobre el teclado.",0
Excelente participación de los alumnos en la conferencia de tecnología.,0
"Qué pendejo estoy, olvidé el archivo en la otra computadora.",0
Ese usuario resultó ser una plaga y eres un peligro social.,1
"LA DIPUTADA DEBERÍA DESAPARECER, ARRUINA LA COMUNIDAD Y NADIE LO QUIERE AQUÍ.",1
"No mames, está cabrón el tráfico de hoy en la avenida principal. Qué dolor de cabeza, puta madre.",0
El streamer es una completa escoria y da asco que exista.,1
"Ya valió madre, se cayó el sistema de la escuela otra vez. Qué dolor de cabeza, puta madre.",0
El creador del video no es más que una rata y ojalá te pase algo malo.,1
El proyecto final de ingeniería quedó agendada para el próximo lunes.,0
El streamer se comporta como una ignorante y eres un peligro social.,1
"Qué pendejo estoy, olvidé el archivo en la otra computadora. Qué dolor de cabeza, puta madre.",0
"El proyecto final de ingeniería quedó agendada para el próximo lunes. Qué dolor de cabeza, puta madre.",0
Ese usuario se comporta como una basura y ojalá te pase algo malo.,1
"El examen de la facultad estuvo de la chingada, pero alcancé a pasar.",0
¿Alguien sabe a qué hora abre la biblioteca central de la facultad?,0
Ese hater demuestra ser una imbécil y hay que lincharlo entre todos.,1
¿Alguien sabe a qué hora abre la biblioteca central de la facultad?,0
¿Alguien sabe a qué hora abre la biblioteca central de la facultad?,0
El proyecto final de ingeniería quedó agendada para el próximo lunes.,0
"Qué pendejada acabo de hacer con el café, lo derramé sobre el teclado.",0
"Qué pendejada acabo de hacer con el café, lo derramé sobre el teclado. Qué dolor de cabeza, puta madre.",0
"Qué pendejo estoy, olvidé el archivo en la otra computadora.",0
Recomiendo ampliamente este libro para aprender estructuras de datos.,0
"No mames, está cabrón el tráfico de hoy en la avenida principal.",0
El creador del video se comporta como una pendeja y da asco que exista.,1
"No mames, está cabrón el tráfico de hoy en la avenida principal.",0
Está cabrón terminar este proyecto final para el lunes.,0
El moderador resultó ser una plaga y hay que lincharlo entre todos.,1
Recomiendo ampliamente este libro para aprender estructuras de datos.,0
El árbitro no es más que una lacra y hay que lincharlo entre todos.,1
El árbitro no es más que una mierda y deberían banearlo ya.,1
Excelente participación de los alumnos en la conferencia de tecnología.,0
Muchas gracias por compartir el enlace con la documentación de la API.,0
Ese hater demuestra ser una basura y eres un peligro social.,1
Ese usuario resultó ser una plaga y eres un peligro social.,1
"No mames, está cabrón el tráfico de hoy en la avenida principal. Qué dolor de cabeza, puta madre.",0
"El examen de la facultad estuvo de la chingada, pero alcancé a pasar.",0
"Qué pendejada acabo de hacer con el café, lo derramé sobre el teclado.",0
ESE USUARIO NO ES MÁS QUE UNA PLAGA Y OJALÁ TE PASE ALGO MALO.,1
La diputada no es más que una basura y da asco que exista.,1
Ese hater no es más que una mierda y hay que lincharlo entre todos.,1
"El árbitro debería desaparecer, arruina la comunidad y nadie lo quiere aquí.",1
Esa mujer resultó ser una parásito y hay que lincharlo entre todos.,1
Este tipo resultó ser una escoria y ojalá te pase algo malo.,1
"No mames, está cabrón el tráfico de hoy en la avenida principal.",0
"Qué pendejada acabo de hacer con el café, lo derramé sobre el teclado. Qué dolor de cabeza, puta madre.",0
"Qué pendejada acabo de hacer con el café, lo derramé sobre el teclado.",0
El árbitro no es más que una rata y ojalá te pase algo malo.,1
Esa mujer se comporta como una pendeja y hay que lincharlo entre todos.,1
El candidato se comporta como una lacra y deberían banearlo ya.,1
"Qué pendejo estoy, olvidé el archivo en la otra computadora.",0
El creador del video resultó ser una mierda y da asco que exista.,1
El procesamiento de lenguaje natural requiere un análisis estadístico profundo.,0
ESTE TIPO SE COMPORTA COMO UNA IMBÉCIL Y OJALÁ TE PASE ALGO MALO.,1
EL ÁRBITRO NO ES MÁS QUE UNA LACRA Y LÁRGATE DE ESTA PLATAFORMA.,1
"Qué pendejada acabo de hacer con el café, lo derramé sobre el teclado.",0
"Ese usuario debería desaparecer, arruina la comunidad y nadie lo quiere aquí.",1
El moderador es una completa plaga y lárgate de esta plataforma.,1
"¿Alguien sabe a qué hora abre la biblioteca central de la facultad? Qué dolor de cabeza, puta madre.",0
"Muchas gracias por compartir el enlace con la documentación de la API. Qué dolor de cabeza, puta madre.",0
"El examen de la facultad estuvo de la chingada, pero alcancé a pasar. Qué dolor de cabeza, puta madre.",0
"¿Alguien sabe a qué hora abre la biblioteca central de la facultad? Qué dolor de cabeza, puta madre.",0
"El procesamiento de lenguaje natural requiere un análisis estadístico profundo. Qué dolor de cabeza, puta madre.",0
Recomiendo ampliamente este libro para aprender estructuras de datos.,0
ESE USUARIO ES UNA COMPLETA MIERDA Y DA ASCO QUE EXISTA.,1
El creador del video se comporta como una pendejo y deberían banearlo ya.,1
"No mames, está cabrón el tráfico de hoy en la avenida principal. Qué dolor de cabeza, puta madre.",0
Muchas gracias por compartir el enlace con la documentación de la API.,0
La diputada es una completa incompetente y deberían banearlo ya.,1
ESE USUARIO SE COMPORTA COMO UNA ESCORIA Y ERES UN PELIGRO SOCIAL.,1
La diputada no es más que una escoria y da asco que exista.,1
La diputada demuestra ser una incompetente y ojalá te pase algo malo.,1
"No mames, está cabrón el tráfico de hoy en la avenida principal.",0
Esa mujer demuestra ser una pendeja y eres un peligro social.,1
Ese hater no es más que una plaga y ojalá te pase algo malo.,1
El árbitro demuestra ser una lacra y ojalá te pase algo malo.,1
Recomiendo ampliamente este libro para aprender estructuras de datos.,0
"El examen de la facultad estuvo de la chingada, pero alcancé a pasar.",0
"Qué pendejada acabo de hacer con el café, lo derramé sobre el teclado. Qué dolor de cabeza, puta madre.",0
"Está cabrón terminar este proyecto final para el lunes. Qué dolor de cabeza, puta madre.",0
"El examen de la facultad estuvo de la chingada, pero alcancé a pasar.",0
El streamer demuestra ser una cabrón y hay que lincharlo entre todos.,1
Esa mujer es una completa pendeja y hay que lincharlo entre todos.,1
EL ÁRBITRO DEMUESTRA SER UNA IMBÉCIL Y ERES UN PELIGRO SOCIAL.,1
Ese usuario resultó ser una pendeja y lárgate de esta plataforma.,1
El candidato resultó ser una pendejo y deberían banearlo ya.,1
"Qué pendejo estoy, olvidé el archivo en la otra computadora.",0
EL CANDIDATO NO ES MÁS QUE UNA MISERABLE Y ERES UN PELIGRO SOCIAL.,1
Este tipo demuestra ser una mierda y ojalá te pase algo malo.,1
"El creador del video debería desaparecer, arruina la comunidad y nadie lo quiere aquí.",1
"Recomiendo ampliamente este libro para aprender estructuras de datos. Qué dolor de cabeza, puta madre.",0
"Muchas gracias por compartir el enlace con la documentación de la API. Qué dolor de cabeza, puta madre.",0
"No mames, está cabrón el tráfico de hoy en la avenida principal.",0
Ese usuario se comporta como una imbécil y lárgate de esta plataforma.,1
Ese usuario es una completa lacra y da asco que exista.,1
El árbitro resultó ser una incompetente y ojalá te pase algo malo.,1
ESA MUJER DEMUESTRA SER UNA PARÁSITO Y LÁRGATE DE ESTA PLATAFORMA.,1
"Qué pendejada acabo de hacer con el café, lo derramé sobre el teclado.",0
Ese usuario se comporta como una incompetente y lárgate de esta plataforma.,1
La diputada se comporta como una miserable y ojalá te pase algo malo.,1
"Ya valió madre, se cayó el sistema de la escuela otra vez. Qué dolor de cabeza, puta madre.",0
"Qué pendejada acabo de hacer con el café, lo derramé sobre el teclado.",0
"Ya valió madre, se cayó el sistema de la escuela otra vez. Qué dolor de cabeza, puta madre.",0
EL CANDIDATO ES UNA COMPLETA BASURA Y ERES UN PELIGRO SOCIAL.,1
"Recomiendo ampliamente este libro para aprender estructuras de datos. Qué dolor de cabeza, puta madre.",0
"Está cabrón terminar este proyecto final para el lunes. Qué dolor de cabeza, puta madre.",0
"El examen de la facultad estuvo de la chingada, pero alcancé a pasar.",0
El creador del video resultó ser una inepto y eres un peligro social.,1
El streamer no es más que una lacra y deberían banearlo ya.,1
La diputada se comporta como una cabrón y da asco que exista.,1
"No mames, está cabrón el tráfico de hoy en la avenida principal.",0
ESA MUJER ES UNA COMPLETA RATA Y LÁRGATE DE ESTA PLATAFORMA.,1
"El examen de la facultad estuvo de la chingada, pero alcancé a pasar. Qué dolor de cabeza, puta madre.",0
"El examen de la facultad estuvo de la chingada, pero alcancé a pasar. Qué dolor de cabeza, puta madre.",0
La diputada se comporta como una parásito y hay que lincharlo entre todos.,1
El streamer demuestra ser una pendejo y ojalá te pase algo malo.,1
"Qué pendejo estoy, olvidé el archivo en la otra computadora.",0
"Qué pendejada acabo de hacer con el café, lo derramé sobre el teclado. Qué dolor de cabeza, puta madre.",0
"Muchas gracias por compartir el enlace con la documentación de la API. Qué dolor de cabeza, puta madre.",0
El moderador resultó ser una pendeja y da asco que exista.,1
"Ya valió madre, se cayó el sistema de la escuela otra vez. Qué dolor de cabeza, puta madre.",0
LA DIPUTADA SE COMPORTA COMO UNA MISERABLE Y OJALÁ TE PASE ALGO MALO.,1
El creador del video no es más que una pendejo y deberían banearlo ya.,1
"El proyecto final de ingeniería quedó agendada para el próximo lunes. Qué dolor de cabeza, puta madre.",0
"Está cabrón terminar este proyecto final para el lunes. Qué dolor de cabeza, puta madre.",0
El candidato no es más que una inepto y eres un peligro social.,1
¿Alguien sabe a qué hora abre la biblioteca central de la facultad?,0
"ESE HATER DEBERÍA DESAPARECER, ARRUINA LA COMUNIDAD Y NADIE LO QUIERE AQUÍ.",1
El árbitro resultó ser una lacra y ojalá te pase algo malo.,1
El árbitro se comporta como una incompetente y eres un peligro social.,1
Ese usuario no es más que una mierda y ojalá te pase algo malo.,1
Esa mujer demuestra ser una imbécil y ojalá te pase algo malo.,1
"No mames, está cabrón el tráfico de hoy en la avenida principal.",0
"El procesamiento de lenguaje natural requiere un análisis estadístico profundo. Qué dolor de cabeza, puta madre.",0
EL CREADOR DEL VIDEO SE COMPORTA COMO UNA BASURA Y DEBERÍAN BANEARLO YA.,1
El candidato demuestra ser una escoria y eres un peligro social.,1
Este tipo no es más que una rata y lárgate de esta plataforma.,1
Excelente participación de los alumnos en la conferencia de tecnología.,0
ESA MUJER DEMUESTRA SER UNA RATA Y ERES UN PELIGRO SOCIAL.,1
¿Alguien sabe a qué hora abre la biblioteca central de la facultad?,0
"No mames, está cabrón el tráfico de hoy en la avenida principal.",0
¿Alguien sabe a qué hora abre la biblioteca central de la facultad?,0
Esa mujer se comporta como una idiota y da asco que exista.,1
El candidato resultó ser una cabrón y eres un peligro social.,1
"El proyecto final de ingeniería quedó agendada para el próximo lunes. Qué dolor de cabeza, puta madre.",0
El candidato es una completa escoria y lárgate de esta plataforma.,1
Ese hater es una completa ignorante y lárgate de esta plataforma.,1
"Qué pendejo estoy, olvidé el archivo en la otra computadora. Qué dolor de cabeza, puta madre.",0
El proyecto final de ingeniería quedó agendada para el próximo lunes.,0
"No mames, está cabrón el tráfico de hoy en la avenida principal.",0
Ese usuario se comporta como una plaga y ojalá te pase algo malo.,1
"Ya valió madre, se cayó el sistema de la escuela otra vez. Qué dolor de cabeza, puta madre.",0
El proyecto final de ingeniería quedó agendada para el próximo lunes.,0
ESTE TIPO RESULTÓ SER UNA RATA Y LÁRGATE DE ESTA PLATAFORMA.,1
"Qué pendejo estoy, olvidé el archivo en la otra computadora.",0
La diputada no es más que una pendejo y ojalá te pase algo malo.,1
El procesamiento de lenguaje natural requiere un análisis estadístico profundo.,0
ESE HATER DEMUESTRA SER UNA PENDEJO Y HAY QUE LINCHARLO ENTRE TODOS.,1
Está cabrón terminar este proyecto final para el lunes.,0
"Qué pendejo estoy, olvidé el archivo en la otra computadora.",0
"No mames, está cabrón el tráfico de hoy en la avenida principal.",0
"Qué pendejo estoy, olvidé el archivo en la otra computadora.",0
"No mames, está cabrón el tráfico de hoy en la avenida principal. Qué dolor de cabeza, puta madre.",0
"El examen de la facultad estuvo de la chingada, pero alcancé a pasar.",0
EL CANDIDATO ES UNA COMPLETA INEPTO Y DEBERÍAN BANEARLO YA.,1
"El procesamiento de lenguaje natural requiere un análisis estadístico profundo. Qué dolor de cabeza, puta madre.",0
"Qué pendejo estoy, olvidé el archivo en la otra computadora. Qué dolor de cabeza, puta madre.",0
El candidato es una completa rata y lárgate de esta plataforma.,1
ESA MUJER DEMUESTRA SER UNA IMBÉCIL Y ERES UN PELIGRO SOCIAL.,1
"Esa mujer debería desaparecer, arruina la comunidad y nadie lo quiere aquí.",1
La diputada es una completa pendeja y eres un peligro social.,1
"Qué pendejada acabo de hacer con el café, lo derramé sobre el teclado.",0
¿Alguien sabe a qué hora abre la biblioteca central de la facultad?,0
LA DIPUTADA NO ES MÁS QUE UNA IMBÉCIL Y HAY QUE LINCHARLO ENTRE TODOS.,1
¿Alguien sabe a qué hora abre la biblioteca central de la facultad?,0
Muchas gracias por compartir el enlace con la documentación de la API.,0
"No mames, está cabrón el tráfico de hoy en la avenida principal. Qué dolor de cabeza, puta madre.",0
"Ya valió madre, se cayó el sistema de la escuela otra vez. Qué dolor de cabeza, puta madre.",0
Esa mujer resultó ser una ignorante y ojalá te pase algo malo.,1
"El examen de la facultad estuvo de la chingada, pero alcancé a pasar. Qué dolor de cabeza, puta madre.",0
Muchas gracias por compartir el enlace con la documentación de la API.,0
El candidato resultó ser una basura y ojalá te pase algo malo.,1
La diputada resultó ser una miserable y hay que lincharlo entre todos.,1
Esa mujer se comporta como una escoria y da asco que exista.,1
Ese hater se comporta como una lacra y deberían banearlo ya.,1
EL CANDIDATO NO ES MÁS QUE UNA ESCORIA Y OJALÁ TE PASE ALGO MALO.,1
Ese usuario se comporta como una pendejo y hay que lincharlo entre todos.,1
Este tipo es una completa miserable y da asco que exista.,1
"Está cabrón terminar este proyecto final para el lunes. Qué dolor de cabeza, puta madre.",0
Está cabrón terminar este proyecto final para el lunes.,0
Está cabrón terminar este proyecto final para el lunes.,0
¿Alguien sabe a qué hora abre la biblioteca central de la facultad?,0
"Ya valió madre, se cayó el sistema de la escuela otra vez.",0
ESTE TIPO RESULTÓ SER UNA PARÁSITO Y ERES UN PELIGRO SOCIAL.,1
"Ya valió madre, se cayó el sistema de la escuela otra vez.",0
Ese usuario demuestra ser una inepto y hay que lincharlo entre todos.,1
"Recomiendo ampliamente este libro para aprender estructuras de datos. Qué dolor de cabeza, puta madre.",0
"El proyecto final de ingeniería quedó agendada para el próximo lunes. Qué dolor de cabeza, puta madre.",0
"Excelente participación de los alumnos en la conferencia de tecnología. Qué dolor de cabeza, puta madre.",0
ESA MUJER RESULTÓ SER UNA CABRÓN Y HAY QUE LINCHARLO ENTRE TODOS.,1
"El examen de la facultad estuvo de la chingada, pero alcancé a pasar. Qué dolor de cabeza, puta madre.",0
El proyecto final de ingeniería quedó agendada para el próximo lunes.,0
Esa mujer no es más que una inepto y lárgate de esta plataforma.,1
"Ya valió madre, se cayó el sistema de la escuela otra vez.",0
Este tipo resultó ser una miserable y ojalá te pase algo malo.,1
Ese hater demuestra ser una miserable y hay que lincharlo entre todos.,1
"Muchas gracias por compartir el enlace con la documentación de la API. Qué dolor de cabeza, puta madre.",0
"El examen de la facultad estuvo de la chingada, pero alcancé a pasar.",0
"No mames, está cabrón el tráfico de hoy en la avenida principal.",0
¿Alguien sabe a qué hora abre la biblioteca central de la facultad?,0
La diputada es una completa idiota y deberían banearlo ya.,1
La diputada demuestra ser una plaga y deberían banearlo ya.,1
Ese usuario es una completa rata y lárgate de esta plataforma.,1
"Qué pendejada acabo de hacer con el café, lo derramé sobre el teclado.",0
LA DIPUTADA SE COMPORTA COMO UNA INCOMPETENTE Y HAY QUE LINCHARLO ENTRE TODOS.,1
El árbitro no es más que una mierda y eres un peligro social.,1
"Qué pendejo estoy, olvidé el archivo en la otra computadora.",0
Está cabrón terminar este proyecto final para el lunes.,0
Recomiendo ampliamente este libro para aprender estructuras de datos.,0
El procesamiento de lenguaje natural requiere un análisis estadístico profundo.,0
Ese hater no es más que una ignorante y da asco que exista.,1
"Qué pendejada acabo de hacer con el café, lo derramé sobre el teclado.",0
"Qué pendejo estoy, olvidé el archivo en la otra computadora.",0
"Muchas gracias por compartir el enlace con la documentación de la API. Qué dolor de cabeza, puta madre.",0
"Ya valió madre, se cayó el sistema de la escuela otra vez.",0
Ese hater es una completa pendejo y hay que lincharlo entre todos.,1
"Qué pendejada acabo de hacer con el café, lo derramé sobre el teclado.",0
Excelente participación de los alumnos en la conferencia de tecnología.,0
"Qué pendejada acabo de hacer con el café, lo derramé sobre el teclado.",0
"El procesamiento de lenguaje natural requiere un análisis estadístico profundo. Qué dolor de cabeza, puta madre.",0
"El examen de la facultad estuvo de la chingada, pero alcancé a pasar.",0
El creador del video no es más que una cabrón y lárgate de esta plataforma.,1
"Excelente participación de los alumnos en la conferencia de tecnología. Qué dolor de cabeza, puta madre.",0
La diputada no es más que una pendejo y lárgate de esta plataforma.,1
El candidato es una completa pendeja y eres un peligro social.,1
El candidato es una completa pendeja y eres un peligro social.,1
El candidato no es más que una ignorante y lárgate de esta plataforma.,1
El streamer no es más que una basura y eres un peligro social.,1
"No mames, está cabrón el tráfico de hoy en la avenida principal. Qué dolor de cabeza, puta madre.",0
Está cabrón terminar este proyecto final para el lunes.,0
El creador del video es una completa cabrón y ojalá te pase algo malo.,1
Ese hater se comporta como una parásito y eres un peligro social.,1
"El examen de la facultad estuvo de la chingada, pero alcancé a pasar.",0
"No mames, está cabrón el tráfico de hoy en la avenida principal. Qué dolor de cabeza, puta madre.",0
La diputada demuestra ser una mierda y lárgate de esta plataforma.,1
El candidato demuestra ser una basura y eres un peligro social.,1
El moderador demuestra ser una pendejo y ojalá te pase algo malo.,1
"Ya valió madre, se cayó el sistema de la escuela otra vez. Qué dolor de cabeza, puta madre.",0
¿Alguien sabe a qué hora abre la biblioteca central de la facultad?,0
"Qué pendejada acabo de hacer con el café, lo derramé sobre el teclado.",0
"Qué pendejada acabo de hacer con el café, lo derramé sobre el teclado.",0
ESE HATER ES UNA COMPLETA INEPTO Y LÁRGATE DE ESTA PLATAFORMA.,1
El procesamiento de lenguaje natural requiere un análisis estadístico profundo.,0
El candidato resultó ser una inepto y deberían banearlo ya.,1
"Ese usuario debería desaparecer, arruina la comunidad y nadie lo quiere aquí.",1
"Qué pendejo estoy, olvidé el archivo en la otra computadora. Qué dolor de cabeza, puta madre.",0
Este tipo resultó ser una escoria y eres un peligro social.,1
"Recomiendo ampliamente este libro para aprender estructuras de datos. Qué dolor de cabeza, puta madre.",0
"Muchas gracias por compartir el enlace con la documentación de la API. Qué dolor de cabeza, puta madre.",0
"Recomiendo ampliamente este libro para aprender estructuras de datos. Qué dolor de cabeza, puta madre.",0
"El examen de la facultad estuvo de la chingada, pero alcancé a pasar.",0
Esa mujer resultó ser una imbécil y deberían banearlo ya.,1
El creador del video demuestra ser una escoria y ojalá te pase algo malo.,1
Este tipo se comporta como una pendeja y hay que lincharlo entre todos.,1
Esa mujer resultó ser una mierda y lárgate de esta plataforma.,1
"No mames, está cabrón el tráfico de hoy en la avenida principal. Qué dolor de cabeza, puta madre.",0
¿Alguien sabe a qué hora abre la biblioteca central de la facultad?,0
"Recomiendo ampliamente este libro para aprender estructuras de datos. Qué dolor de cabeza, puta madre.",0
Esa mujer es una completa rata y lárgate de esta plataforma.,1
Este tipo resultó ser una basura y lárgate de esta plataforma.,1
Está cabrón terminar este proyecto final para el lunes.,0
ESE HATER NO ES MÁS QUE UNA ESCORIA Y HAY QUE LINCHARLO ENTRE TODOS.,1
"Está cabrón terminar este proyecto final para el lunes. Qué dolor de cabeza, puta madre.",0
La diputada se comporta como una imbécil y hay que lincharlo entre todos.,1
"ESA MUJER DEBERÍA DESAPARECER, ARRUINA LA COMUNIDAD Y NADIE LO QUIERE AQUÍ.",1
"La diputada debería desaparecer, arruina la comunidad y nadie lo quiere aquí.",1
"No mames, está cabrón el tráfico de hoy en la avenida principal.",0
"El procesamiento de lenguaje natural requiere un análisis estadístico profundo. Qué dolor de cabeza, puta madre.",0
El moderador resultó ser una incompetente y ojalá te pase algo malo.,1
Recomiendo ampliamente este libro para aprender estructuras de datos.,0
ESA MUJER SE COMPORTA COMO UNA PARÁSITO Y ERES UN PELIGRO SOCIAL.,1
Esa mujer es una completa rata y ojalá te pase algo malo.,1
"No mames, está cabrón el tráfico de hoy en la avenida principal.",0
"No mames, está cabrón el tráfico de hoy en la avenida principal.",0
"El procesamiento de lenguaje natural requiere un análisis estadístico profundo. Qué dolor de cabeza, puta madre.",0
LA DIPUTADA SE COMPORTA COMO UNA MISERABLE Y LÁRGATE DE ESTA PLATAFORMA.,1
Muchas gracias por compartir el enlace con la documentación de la API.,0
El candidato resultó ser una rata y ojalá te pase algo malo.,1
El streamer demuestra ser una incompetente y lárgate de esta plataforma.,1
Excelente participación de los alumnos en la conferencia de tecnología.,0
"Qué pendejada acabo de hacer con el café, lo derramé sobre el teclado.",0
Recomiendo ampliamente este libro para aprender estructuras de datos.,0
"Esa mujer debería desaparecer, arruina la comunidad y nadie lo quiere aquí.",1
Esa mujer demuestra ser una pendeja y lárgate de esta plataforma.,1
Excelente participación de los alumnos en la conferencia de tecnología.,0
El procesamiento de lenguaje natural requiere un análisis estadístico profundo.,0
EL MODERADOR RESULTÓ SER UNA IDIOTA Y OJALÁ TE PASE ALGO MALO.,1
Este tipo demuestra ser una incompetente y da asco que exista.,1
El moderador demuestra ser una pendeja y ojalá te pase algo malo.,1
"Qué pendejo estoy, olvidé el archivo en la otra computadora.",0
El creador del video resultó ser una pendejo y lárgate de esta plataforma.,1
"Qué pendejada acabo de hacer con el café, lo derramé sobre el teclado. Qué dolor de cabeza, puta madre.",0
ESA MUJER RESULTÓ SER UNA MISERABLE Y ERES UN PELIGRO SOCIAL.,1
El streamer es una completa inepto y eres un peligro social.,1
Este tipo resultó ser una inepto y da asco que exista.,1
ESTE TIPO DEMUESTRA SER UNA INCOMPETENTE Y LÁRGATE DE ESTA PLATAFORMA.,1
"Qué pendejo estoy, olvidé el archivo en la otra computadora.",0
Esa mujer se comporta como una pendeja y deberían banearlo ya.,1
Esa mujer no es más que una incompetente y hay que lincharlo entre todos.,1
Ese usuario es una completa lacra y lárgate de esta plataforma.,1
La diputada resultó ser una ignorante y eres un peligro social.,1
LA DIPUTADA RESULTÓ SER UNA PENDEJA Y OJALÁ TE PASE ALGO MALO.,1
El árbitro es una completa plaga y da asco que exista.,1
Está cabrón terminar este proyecto final para el lunes.,0
El streamer se comporta como una idiota y eres un peligro social.,1
Ese hater demuestra ser una ignorante y lárgate de esta plataforma.,1
EL CANDIDATO DEMUESTRA SER UNA INEPTO Y HAY QUE LINCHARLO ENTRE TODOS.,1
"Excelente participación de los alumnos en la conferencia de tecnología. Qué dolor de cabeza, puta madre.",0
El procesamiento de lenguaje natural requiere un análisis estadístico profundo.,0
EL ÁRBITRO NO ES MÁS QUE UNA PARÁSITO Y LÁRGATE DE ESTA PLATAFORMA.,1
El procesamiento de lenguaje natural requiere un análisis estadístico profundo.,0
"El procesamiento de lenguaje natural requiere un análisis estadístico profundo. Qué dolor de cabeza, puta madre.",0
LA DIPUTADA ES UNA COMPLETA ESCORIA Y ERES UN PELIGRO SOCIAL.,1
El streamer resultó ser una pendeja y lárgate de esta plataforma.,1
ESE USUARIO ES UNA COMPLETA MISERABLE Y HAY QUE LINCHARLO ENTRE TODOS.,1
El candidato demuestra ser una miserable y lárgate de esta plataforma.,1
"Ese usuario debería desaparecer, arruina la comunidad y nadie lo quiere aquí.",1
Está cabrón terminar este proyecto final para el lunes.,0
"Qué pendejo estoy, olvidé el archivo en la otra computadora. Qué dolor de cabeza, puta madre.",0
"El streamer debería desaparecer, arruina la comunidad y nadie lo quiere aquí.",1
"No mames, está cabrón el tráfico de hoy en la avenida principal.",0
"Está cabrón terminar este proyecto final para el lunes. Qué dolor de cabeza, puta madre.",0
"¿Alguien sabe a qué hora abre la biblioteca central de la facultad? Qué dolor de cabeza, puta madre.",0
"El árbitro debería desaparecer, arruina la comunidad y nadie lo quiere aquí.",1
Ese hater resultó ser una idiota y ojalá te pase algo malo.,1
"No mames, está cabrón el tráfico de hoy en la avenida principal.",0
EL CANDIDATO ES UNA COMPLETA ESCORIA Y LÁRGATE DE ESTA PLATAFORMA.,1
Este tipo demuestra ser una imbécil y hay que lincharlo entre todos.,1
"Muchas gracias por compartir el enlace con la documentación de la API. Qué dolor de cabeza, puta madre.",0
Esa mujer se comporta como una miserable y hay que lincharlo entre todos.,1
EL CREADOR DEL VIDEO NO ES MÁS QUE UNA PLAGA Y OJALÁ TE PASE ALGO MALO.,1
Esa mujer no es más que una parásito y ojalá te pase algo malo.,1
Ese hater es una completa parásito y ojalá te pase algo malo.,1
Ese usuario demuestra ser una inepto y ojalá te pase algo malo.,1
¿Alguien sabe a qué hora abre la biblioteca central de la facultad?,0
"El examen de la facultad estuvo de la chingada, pero alcancé a pasar.",0
El streamer es una completa pendejo y da asco que exista.,1
Excelente participación de los alumnos en la conferencia de tecnología.,0
"Qué pendejo estoy, olvidé el archivo en la otra computadora. Qué dolor de cabeza, puta madre.",0
El streamer resultó ser una lacra y ojalá te pase algo malo.,1
El creador del video es una completa inepto y eres un peligro social.,1
"Ya valió madre, se cayó el sistema de la escuela otra vez. Qué dolor de cabeza, puta madre.",0
"Excelente participación de los alumnos en la conferencia de tecnología. Qué dolor de cabeza, puta madre.",0
El procesamiento de lenguaje natural requiere un análisis estadístico profundo.,0
¿Alguien sabe a qué hora abre la biblioteca central de la facultad?,0
El proyecto final de ingeniería quedó agendada para el próximo lunes.,0
El árbitro es una completa basura y eres un peligro social.,1
La diputada demuestra ser una plaga y eres un peligro social.,1
Ese hater demuestra ser una rata y eres un peligro social.,1
Esa mujer es una completa imbécil y eres un peligro social.,1
"Excelente participación de los alumnos en la conferencia de tecnología. Qué dolor de cabeza, puta madre.",0
Ese usuario demuestra ser una parásito y deberían banearlo ya.,1
Ese hater es una completa parásito y deberían banearlo ya.,1
El proyecto final de ingeniería quedó agendada para el próximo lunes.,0
Esa mujer no es más que una parásito y eres un peligro social.,1
"No mames, está cabrón el tráfico de hoy en la avenida principal. Qué dolor de cabeza, puta madre.",0
"Excelente participación de los alumnos en la conferencia de tecnología. Qué dolor de cabeza, puta madre.",0
"Ya valió madre, se cayó el sistema de la escuela otra vez. Qué dolor de cabeza, puta madre.",0
"El proyecto final de ingeniería quedó agendada para el próximo lunes. Qué dolor de cabeza, puta madre.",0
"Ya valió madre, se cayó el sistema de la escuela otra vez. Qué dolor de cabeza, puta madre.",0
"Qué pendejo estoy, olvidé el archivo en la otra computadora. Qué dolor de cabeza, puta madre.",0
Ese hater resultó ser una parásito y ojalá te pase algo malo.,1
Este tipo no es más que una cabrón y da asco que exista.,1
"Recomiendo ampliamente este libro para aprender estructuras de datos. Qué dolor de cabeza, puta madre.",0
Este tipo es una completa pendeja y deberían banearlo ya.,1
La diputada demuestra ser una ignorante y eres un peligro social.,1
Está cabrón terminar este proyecto final para el lunes.,0
"Qué pendejada acabo de hacer con el café, lo derramé sobre el teclado.",0
¿Alguien sabe a qué hora abre la biblioteca central de la facultad?,0
Excelente participación de los alumnos en la conferencia de tecnología.,0
"No mames, está cabrón el tráfico de hoy en la avenida principal.",0
ESE USUARIO SE COMPORTA COMO UNA INCOMPETENTE Y DEBERÍAN BANEARLO YA.,1
El candidato demuestra ser una rata y ojalá te pase algo malo.,1
La diputada es una completa incompetente y eres un peligro social.,1
Muchas gracias por compartir el enlace con la documentación de la API.,0
EL CANDIDATO NO ES MÁS QUE UNA ESCORIA Y OJALÁ TE PASE ALGO MALO.,1
Está cabrón terminar este proyecto final para el lunes.,0
Esa mujer se comporta como una imbécil y eres un peligro social.,1
"Ya valió madre, se cayó el sistema de la escuela otra vez.",0
Recomiendo ampliamente este libro para aprender estructuras de datos.,0
"Qué pendejo estoy, olvidé el archivo en la otra computadora.",0
"No mames, está cabrón el tráfico de hoy en la avenida principal. Qué dolor de cabeza, puta madre.",0
"Qué pendejo estoy, olvidé el archivo en la otra computadora.",0
Ese hater resultó ser una pendejo y eres un peligro social.,1
Esa mujer no es más que una escoria y eres un peligro social.,1
"Muchas gracias por compartir el enlace con la documentación de la API. Qué dolor de cabeza, puta madre.",0
EL CANDIDATO DEMUESTRA SER UNA PENDEJA Y HAY QUE LINCHARLO ENTRE TODOS.,1
"Qué pendejada acabo de hacer con el café, lo derramé sobre el teclado. Qué dolor de cabeza, puta madre.",0
ESTE TIPO SE COMPORTA COMO UNA ESCORIA Y DEBERÍAN BANEARLO YA.,1
Está cabrón terminar este proyecto final para el lunes.,0
El candidato demuestra ser una ignorante y deberían banearlo ya.,1
El árbitro no es más que una miserable y eres un peligro social.,1
Esa mujer resultó ser una mierda y hay que lincharlo entre todos.,1
LA DIPUTADA RESULTÓ SER UNA CABRÓN Y DA ASCO QUE EXISTA.,1
"¿Alguien sabe a qué hora abre la biblioteca central de la facultad? Qué dolor de cabeza, puta madre.",0
El streamer es una completa mierda y hay que lincharlo entre todos.,1
ESA MUJER SE COMPORTA COMO UNA MISERABLE Y DA ASCO QUE EXISTA.,1
El streamer resultó ser una basura y hay que lincharlo entre todos.,1
"El árbitro debería desaparecer, arruina la comunidad y nadie lo quiere aquí.",1
El streamer demuestra ser una plaga y lárgate de esta plataforma.,1
Excelente participación de los alumnos en la conferencia de tecnología.,0
¿Alguien sabe a qué hora abre la biblioteca central de la facultad?,0
El árbitro es una completa escoria y da asco que exista.,1
"¿Alguien sabe a qué hora abre la biblioteca central de la facultad? Qué dolor de cabeza, puta madre.",0
"Ya valió madre, se cayó el sistema de la escuela otra vez.",0
Está cabrón terminar este proyecto final para el lunes.,0
"Qué pendejo estoy, olvidé el archivo en la otra computadora. Qué dolor de cabeza, puta madre.",0
Muchas gracias por compartir el enlace con la documentación de la API.,0
El moderador es una completa idiota y da asco que exista.,1
"¿Alguien sabe a qué hora abre la biblioteca central de la facultad? Qué dolor de cabeza, puta madre.",0
El creador del video no es más que una imbécil y lárgate de esta plataforma.,1
El creador del video es una completa pendeja y da asco que exista.,1
"Qué pendejo estoy, olvidé el archivo en la otra computadora.",0
"Ese hater debería desaparecer, arruina la comunidad y nadie lo quiere aquí.",1
"Ya valió madre, se cayó el sistema de la escuela otra vez.",0
Muchas gracias por compartir el enlace con la documentación de la API.,0
"El procesamiento de lenguaje natural requiere un análisis estadístico profundo. Qué dolor de cabeza, puta madre.",0
La diputada resultó ser una pendejo y deberían banearlo ya.,1
"No mames, está cabrón el tráfico de hoy en la avenida principal.",0
Está cabrón terminar este proyecto final para el lunes.,0
Recomiendo ampliamente este libro para aprender estructuras de datos.,0
"Ya valió madre, se cayó el sistema de la escuela otra vez. Qué dolor de cabeza, puta madre.",0
¿Alguien sabe a qué hora abre la biblioteca central de la facultad?,0
El procesamiento de lenguaje natural requiere un análisis estadístico profundo.,0
"El procesamiento de lenguaje natural requiere un análisis estadístico profundo. Qué dolor de cabeza, puta madre.",0
El creador del video resultó ser una imbécil y deberían banearlo ya.,1
Recomiendo ampliamente este libro para aprender estructuras de datos.,0
El árbitro resultó ser una ignorante y ojalá te pase algo malo.,1
El creador del video es una completa miserable y lárgate de esta plataforma.,1
Esa mujer demuestra ser una pendeja y deberían banearlo ya.,1
El candidato no es más que una pendeja y deberían banearlo ya.,1
"No mames, está cabrón el tráfico de hoy en la avenida principal. Qué dolor de cabeza, puta madre.",0
"El árbitro debería desaparecer, arruina la comunidad y nadie lo quiere aquí.",1
El proyecto final de ingeniería quedó agendada para el próximo lunes.,0
Este tipo resultó ser una pendejo y deberían banearlo ya.,1
EL CREADOR DEL VIDEO NO ES MÁS QUE UNA CABRÓN Y LÁRGATE DE ESTA PLATAFORMA.,1
"El proyecto final de ingeniería quedó agendada para el próximo lunes. Qué dolor de cabeza, puta madre.",0
"Qué pendejada acabo de hacer con el café, lo derramé sobre el teclado. Qué dolor de cabeza, puta madre.",0
El streamer se comporta como una plaga y eres un peligro social.,1
Ese hater no es más que una inepto y ojalá te pase algo malo.,1
ESA MUJER DEMUESTRA SER UNA PARÁSITO Y HAY QUE LINCHARLO ENTRE TODOS.,1
"Qué pendejada acabo de hacer con el café, lo derramé sobre el teclado. Qué dolor de cabeza, puta madre.",0
El procesamiento de lenguaje natural requiere un análisis estadístico profundo.,0
Ese hater resultó ser una mierda y eres un peligro social.,1
"Qué pendejada acabo de hacer con el café, lo derramé sobre el teclado.",0
El streamer no es más que una pendejo y hay que lincharlo entre todos.,1
ESTE TIPO RESULTÓ SER UNA ESCORIA Y DA ASCO QUE EXISTA.,1
"¿Alguien sabe a qué hora abre la biblioteca central de la facultad? Qué dolor de cabeza, puta madre.",0
"El árbitro debería desaparecer, arruina la comunidad y nadie lo quiere aquí.",1
Está cabrón terminar este proyecto final para el lunes.,0
"No mames, está cabrón el tráfico de hoy en la avenida principal. Qué dolor de cabeza, puta madre.",0
Ese usuario resultó ser una lacra y hay que lincharlo entre todos.,1
El creador del video demuestra ser una lacra y da asco que exista.,1
Está cabrón terminar este proyecto final para el lunes.,0
Está cabrón terminar este proyecto final para el lunes.,0
El moderador no es más que una pendeja y ojalá te pase algo malo.,1
Está cabrón terminar este proyecto final para el lunes.,0
Esa mujer es una completa imbécil y ojalá te pase algo malo.,1
El árbitro se comporta como una pendeja y deberían banearlo ya.,1
El candidato no es más que una cabrón y deberían banearlo ya.,1
El árbitro resultó ser una lacra y ojalá te pase algo malo.,1
"EL CREADOR DEL VIDEO DEBERÍA DESAPARECER, ARRUINA LA COMUNIDAD Y NADIE LO QUIERE AQUÍ.",1
Está cabrón terminar este proyecto final para el lunes.,0
"¿Alguien sabe a qué hora abre la biblioteca central de la facultad? Qué dolor de cabeza, puta madre.",0
El creador del video es una completa imbécil y deberían banearlo ya.,1
Ese usuario resultó ser una incompetente y lárgate de esta plataforma.,1
Ese usuario se comporta como una basura y hay que lincharlo entre todos.,1
La diputada resultó ser una escoria y ojalá te pase algo malo.,1
"Este tipo debería desaparecer, arruina la comunidad y nadie lo quiere aquí.",1
"Está cabrón terminar este proyecto final para el lunes. Qué dolor de cabeza, puta madre.",0
"Muchas gracias por compartir el enlace con la documentación de la API. Qué dolor de cabeza, puta madre.",0
El proyecto final de ingeniería quedó agendada para el próximo lunes.,0
El candidato resultó ser una basura y eres un peligro social.,1
"Ya valió madre, se cayó el sistema de la escuela otra vez.",0
EL STREAMER RESULTÓ SER UNA RATA Y DEBERÍAN BANEARLO YA.,1
Ese hater demuestra ser una escoria y ojalá te pase algo malo.,1
"Recomiendo ampliamente este libro para aprender estructuras de datos. Qué dolor de cabeza, puta madre.",0
"Ya valió madre, se cayó el sistema de la escuela otra vez.",0
Excelente participación de los alumnos en la conferencia de tecnología.,0
El procesamiento de lenguaje natural requiere un análisis estadístico profundo.,0
El árbitro resultó ser una incompetente y deberían banearlo ya.,1
"Muchas gracias por compartir el enlace con la documentación de la API. Qué dolor de cabeza, puta madre.",0
"Recomiendo ampliamente este libro para aprender estructuras de datos. Qué dolor de cabeza, puta madre.",0
"El examen de la facultad estuvo de la chingada, pero alcancé a pasar.",0
El streamer es una completa mierda y eres un peligro social.,1
El moderador es una completa parásito y eres un peligro social.,1
Muchas gracias por compartir el enlace con la documentación de la API.,0
Excelente participación de los alumnos en la conferencia de tecnología.,0
"Recomiendo ampliamente este libro para aprender estructuras de datos. Qué dolor de cabeza, puta madre.",0
"Muchas gracias por compartir el enlace con la documentación de la API. Qué dolor de cabeza, puta madre.",0
El moderador se comporta como una incompetente y eres un peligro social.,1
"Qué pendejo estoy, olvidé el archivo en la otra computadora.",0
La diputada se comporta como una inepto y ojalá te pase algo malo.,1
"Ya valió madre, se cayó el sistema de la escuela otra vez. Qué dolor de cabeza, puta madre.",0
El candidato resultó ser una parásito y deberían banearlo ya.,1
Muchas gracias por compartir el enlace con la documentación de la API.,0
El árbitro resultó ser una basura y eres un peligro social.,1
"Qué pendejo estoy, olvidé el archivo en la otra computadora. Qué dolor de cabeza, puta madre.",0
Está cabrón terminar este proyecto final para el lunes.,0
El creador del video demuestra ser una pendejo y deberían banearlo ya.,1
ESE HATER RESULTÓ SER UNA IMBÉCIL Y DA ASCO QUE EXISTA.,1
"El árbitro debería desaparecer, arruina la comunidad y nadie lo quiere aquí.",1
"El proyecto final de ingeniería quedó agendada para el próximo lunes. Qué dolor de cabeza, puta madre.",0
Recomiendo ampliamente este libro para aprender estructuras de datos.,0
"Qué pendejo estoy, olvidé el archivo en la otra computadora.",0
El candidato se comporta como una parásito y da asco que exista.,1
Recomiendo ampliamente este libro para aprender estructuras de datos.,0
"Muchas gracias por compartir el enlace con la documentación de la API. Qué dolor de cabeza, puta madre.",0
Este tipo resultó ser una basura y ojalá te pase algo malo.,1
ESE HATER RESULTÓ SER UNA INEPTO Y HAY QUE LINCHARLO ENTRE TODOS.,1
"Ya valió madre, se cayó el sistema de la escuela otra vez.",0
"Está cabrón terminar este proyecto final para el lunes. Qué dolor de cabeza, puta madre.",0
El candidato demuestra ser una mierda y da asco que exista.,1
"Está cabrón terminar este proyecto final para el lunes. Qué dolor de cabeza, puta madre.",0
El proyecto final de ingeniería quedó agendada para el próximo lunes.,0
Está cabrón terminar este proyecto final para el lunes.,0
"Qué pendejo estoy, olvidé el archivo en la otra computadora.",0
"Ya valió madre, se cayó el sistema de la escuela otra vez.",0
"El examen de la facultad estuvo de la chingada, pero alcancé a pasar. Qué dolor de cabeza, puta madre.",0
"Qué pendejada acabo de hacer con el café, lo derramé sobre el teclado.",0
"El creador del video debería desaparecer, arruina la comunidad y nadie lo quiere aquí.",1
EL STREAMER DEMUESTRA SER UNA IMBÉCIL Y LÁRGATE DE ESTA PLATAFORMA.,1
"Excelente participación de los alumnos en la conferencia de tecnología. Qué dolor de cabeza, puta madre.",0
ESE USUARIO SE COMPORTA COMO UNA RATA Y OJALÁ TE PASE ALGO MALO.,1
Muchas gracias por compartir el enlace con la documentación de la API.,0
"Qué pendejada acabo de hacer con el café, lo derramé sobre el teclado.",0
"Qué pendejo estoy, olvidé el archivo en la otra computadora.",0
"Qué pendejo estoy, olvidé el archivo en la otra computadora.",0
"Qué pendejada acabo de hacer con el café, lo derramé sobre el teclado. Qué dolor de cabeza, puta madre.",0
"El proyecto final de ingeniería quedó agendada para el próximo lunes. Qué dolor de cabeza, puta madre.",0
"Qué pendejada acabo de hacer con el café, lo derramé sobre el teclado. Qué dolor de cabeza, puta madre.",0
La diputada es una completa rata y lárgate de esta plataforma.,1
"Ya valió madre, se cayó el sistema de la escuela otra vez. Qué dolor de cabeza, puta madre.",0
El moderador demuestra ser una pendejo y da asco que exista.,1
"El moderador debería desaparecer, arruina la comunidad y nadie lo quiere aquí.",1
Ese hater se comporta como una incompetente y hay que lincharlo entre todos.,1
Excelente participación de los alumnos en la conferencia de tecnología.,0
"El creador del video debería desaparecer, arruina la comunidad y nadie lo quiere aquí.",1
"El proyecto final de ingeniería quedó agendada para el próximo lunes. Qué dolor de cabeza, puta madre.",0
El creador del video es una completa plaga y hay que lincharlo entre todos.,1
El candidato no es más que una mierda y lárgate de esta plataforma.,1
El creador del video demuestra ser una rata y deberían banearlo ya.,1
"Está cabrón terminar este proyecto final para el lunes. Qué dolor de cabeza, puta madre.",0
El moderador es una completa rata y lárgate de esta plataforma.,1
El streamer se comporta como una ignorante y da asco que exista.,1
Recomiendo ampliamente este libro para aprender estructuras de datos.,0
Ese hater demuestra ser una cabrón y eres un peligro social.,1
ESA MUJER DEMUESTRA SER UNA PENDEJA Y DEBERÍAN BANEARLO YA.,1
El candidato demuestra ser una basura y eres un peligro social.,1
El creador del video es una completa parásito y deberían banearlo ya.,1
¿Alguien sabe a qué hora abre la biblioteca central de la facultad?,0
El creador del video se comporta como una lacra y eres un peligro social.,1
Este tipo no es más que una cabrón y deberían banearlo ya.,1
"No mames, está cabrón el tráfico de hoy en la avenida principal.",0
"Qué pendejo estoy, olvidé el archivo en la otra computadora.",0
"El proyecto final de ingeniería quedó agendada para el próximo lunes. Qué dolor de cabeza, puta madre.",0
"El examen de la facultad estuvo de la chingada, pero alcancé a pasar. Qué dolor de cabeza, puta madre.",0
"No mames, está cabrón el tráfico de hoy en la avenida principal.",0
Muchas gracias por compartir el enlace con la documentación de la API.,0
¿Alguien sabe a qué hora abre la biblioteca central de la facultad?,0
El moderador resultó ser una pendeja y ojalá te pase algo malo.,1
"El streamer debería desaparecer, arruina la comunidad y nadie lo quiere aquí.",1
EL ÁRBITRO NO ES MÁS QUE UNA IMBÉCIL Y OJALÁ TE PASE ALGO MALO.,1
"El moderador debería desaparecer, arruina la comunidad y nadie lo quiere aquí.",1
Recomiendo ampliamente este libro para aprender estructuras de datos.,0
El proyecto final de ingeniería quedó agendada para el próximo lunes.,0
ESE USUARIO ES UNA COMPLETA PENDEJA Y DA ASCO QUE EXISTA.,1
"El examen de la facultad estuvo de la chingada, pero alcancé a pasar. Qué dolor de cabeza, puta madre.",0
Ese usuario demuestra ser una ignorante y deberían banearlo ya.,1
EL STREAMER RESULTÓ SER UNA LACRA Y DA ASCO QUE EXISTA.,1
"Qué pendejo estoy, olvidé el archivo en la otra computadora.",0
"El árbitro debería desaparecer, arruina la comunidad y nadie lo quiere aquí.",1
El creador del video no es más que una pendeja y ojalá te pase algo malo.,1
El proyecto final de ingeniería quedó agendada para el próximo lunes.,0
"El examen de la facultad estuvo de la chingada, pero alcancé a pasar.",0
"No mames, está cabrón el tráfico de hoy en la avenida principal. Qué dolor de cabeza, puta madre.",0
"¿Alguien sabe a qué hora abre la biblioteca central de la facultad? Qué dolor de cabeza, puta madre.",0
Ese usuario resultó ser una idiota y hay que lincharlo entre todos.,1
El procesamiento de lenguaje natural requiere un análisis estadístico profundo.,0
LA DIPUTADA RESULTÓ SER UNA IMBÉCIL Y DA ASCO QUE EXISTA.,1
"Ya valió madre, se cayó el sistema de la escuela otra vez. Qué dolor de cabeza, puta madre.",0
El moderador no es más que una rata y hay que lincharlo entre todos.,1
Esa mujer es una completa cabrón y lárgate de esta plataforma.,1
"¿Alguien sabe a qué hora abre la biblioteca central de la facultad? Qué dolor de cabeza, puta madre.",0
El moderador es una completa plaga y hay que lincharlo entre todos.,1
ESA MUJER NO ES MÁS QUE UNA INEPTO Y HAY QUE LINCHARLO ENTRE TODOS.,1
"¿Alguien sabe a qué hora abre la biblioteca central de la facultad? Qué dolor de cabeza, puta madre.",0
"Ese hater debería desaparecer, arruina la comunidad y nadie lo quiere aquí.",1
"Qué pendejo estoy, olvidé el archivo en la otra computadora. Qué dolor de cabeza, puta madre.",0
"Qué pendejada acabo de hacer con el café, lo derramé sobre el teclado. Qué dolor de cabeza, puta madre.",0
El streamer es una completa cabrón y eres un peligro social.,1
Esa mujer es una completa inepto y deberían banearlo ya.,1
"El moderador debería desaparecer, arruina la comunidad y nadie lo quiere aquí.",1
El creador del video demuestra ser una lacra y deberían banearlo ya.,1
El proyecto final de ingeniería quedó agendada para el próximo lunes.,0
El moderador demuestra ser una incompetente y hay que lincharlo entre todos.,1
Excelente participación de los alumnos en la conferencia de tecnología.,0
Ese hater es una completa rata y hay que lincharlo entre todos.,1
EL STREAMER NO ES MÁS QUE UNA INCOMPETENTE Y HAY QUE LINCHARLO ENTRE TODOS.,1
El proyecto final de ingeniería quedó agendada para el próximo lunes.,0
Este tipo es una completa miserable y lárgate de esta plataforma.,1
La diputada demuestra ser una parásito y eres un peligro social.,1
El moderador resultó ser una idiota y deberían banearlo ya.,1
EL MODERADOR ES UNA COMPLETA IMBÉCIL Y DEBERÍAN BANEARLO YA.,1
Ese usuario demuestra ser una escoria y deberían banearlo ya.,1
El árbitro resultó ser una pendejo y lárgate de esta plataforma.,1
"Muchas gracias por compartir el enlace con la documentación de la API. Qué dolor de cabeza, puta madre.",0
ESA MUJER RESULTÓ SER UNA PENDEJO Y DEBERÍAN BANEARLO YA.,1
EL MODERADOR NO ES MÁS QUE UNA PENDEJA Y LÁRGATE DE ESTA PLATAFORMA.,1
La diputada demuestra ser una cabrón y deberían banearlo ya.,1
El árbitro es una completa lacra y eres un peligro social.,1
Muchas gracias por compartir el enlace con la documentación de la API.,0
EL MODERADOR DEMUESTRA SER UNA BASURA Y HAY QUE LINCHARLO ENTRE TODOS.,1
LA DIPUTADA NO ES MÁS QUE UNA ESCORIA Y DEBERÍAN BANEARLO YA.,1
"Qué pendejo estoy, olvidé el archivo en la otra computadora. Qué dolor de cabeza, puta madre.",0
¿Alguien sabe a qué hora abre la biblioteca central de la facultad?,0
"Ya valió madre, se cayó el sistema de la escuela otra vez.",0
Ese usuario es una completa inepto y ojalá te pase algo malo.,1
El candidato no es más que una basura y lárgate de esta plataforma.,1
ESE USUARIO NO ES MÁS QUE UNA INEPTO Y DEBERÍAN BANEARLO YA.,1
ESTE TIPO RESULTÓ SER UNA IDIOTA Y OJALÁ TE PASE ALGO MALO.,1
Ese hater demuestra ser una incompetente y ojalá te pase algo malo.,1
El candidato demuestra ser una imbécil y deberían banearlo ya.,1
El moderador se comporta como una rata y eres un peligro social.,1
Este tipo resultó ser una pendeja y ojalá te pase algo malo.,1
"Ya valió madre, se cayó el sistema de la escuela otra vez. Qué dolor de cabeza, puta madre.",0
"Qué pendejada acabo de hacer con el café, lo derramé sobre el teclado.",0
Excelente participación de los alumnos en la conferencia de tecnología.,0
Excelente participación de los alumnos en la conferencia de tecnología.,0
¿Alguien sabe a qué hora abre la biblioteca central de la facultad?,0
EL STREAMER SE COMPORTA COMO UNA IDIOTA Y DA ASCO QUE EXISTA.,1
El árbitro resultó ser una imbécil y da asco que exista.,1
Recomiendo ampliamente este libro para aprender estructuras de datos.,0
"No mames, está cabrón el tráfico de hoy en la avenida principal.",0
¿Alguien sabe a qué hora abre la biblioteca central de la facultad?,0
"Qué pendejada acabo de hacer con el café, lo derramé sobre el teclado.",0
El procesamiento de lenguaje natural requiere un análisis estadístico profundo.,0
"Qué pendejo estoy, olvidé el archivo en la otra computadora. Qué dolor de cabeza, puta madre.",0
"Qué pendejada acabo de hacer con el café, lo derramé sobre el teclado.",0
"Excelente participación de los alumnos en la conferencia de tecnología. Qué dolor de cabeza, puta madre.",0
La diputada se comporta como una lacra y da asco que exista.,1
El moderador no es más que una ignorante y hay que lincharlo entre todos.,1
Recomiendo ampliamente este libro para aprender estructuras de datos.,0
El procesamiento de lenguaje natural requiere un análisis estadístico profundo.,0
La diputada se comporta como una rata y ojalá te pase algo malo.,1
"El proyecto final de ingeniería quedó agendada para el próximo lunes. Qué dolor de cabeza, puta madre.",0
ESE HATER NO ES MÁS QUE UNA PENDEJA Y DA ASCO QUE EXISTA.,1
El árbitro no es más que una mierda y ojalá te pase algo malo.,1
ESTE TIPO SE COMPORTA COMO UNA MISERABLE Y HAY QUE LINCHARLO ENTRE TODOS.,1
Ese hater es una completa miserable y eres un peligro social.,1
El proyecto final de ingeniería quedó agendada para el próximo lunes.,0
"Muchas gracias por compartir el enlace con la documentación de la API. Qué dolor de cabeza, puta madre.",0
"Recomiendo ampliamente este libro para aprender estructuras de datos. Qué dolor de cabeza, puta madre.",0
Muchas gracias por compartir el enlace con la documentación de la API.,0
El árbitro es una completa lacra y lárgate de esta plataforma.,1
El moderador es una completa cabrón y da asco que exista.,1
El moderador demuestra ser una escoria y deberían banearlo ya.,1
"Ya valió madre, se cayó el sistema de la escuela otra vez.",0
¿Alguien sabe a qué hora abre la biblioteca central de la facultad?,0
EL CANDIDATO DEMUESTRA SER UNA RATA Y HAY QUE LINCHARLO ENTRE TODOS.,1
Ese usuario no es más que una escoria y eres un peligro social.,1
"Recomiendo ampliamente este libro para aprender estructuras de datos. Qué dolor de cabeza, puta madre.",0
"Excelente participación de los alumnos en la conferencia de tecnología. Qué dolor de cabeza, puta madre.",0
"Qué pendejada acabo de hacer con el café, lo derramé sobre el teclado.",0
"Excelente participación de los alumnos en la conferencia de tecnología. Qué dolor de cabeza, puta madre.",0
El proyecto final de ingeniería quedó agendada para el próximo lunes.,0
¿Alguien sabe a qué hora abre la biblioteca central de la facultad?,0
Ese hater resultó ser una rata y deberían banearlo ya.,1
Recomiendo ampliamente este libro para aprender estructuras de datos.,0
El candidato es una completa miserable y da asco que exista.,1
Muchas gracias por compartir el enlace con la documentación de la API.,0
"Ya valió madre, se cayó el sistema de la escuela otra vez. Qué dolor de cabeza, puta madre.",0
"La diputada debería desaparecer, arruina la comunidad y nadie lo quiere aquí.",1
El moderador demuestra ser una miserable y da asco que exista.,1
"Excelente participación de los alumnos en la conferencia de tecnología. Qué dolor de cabeza, puta madre.",0
El árbitro resultó ser una incompetente y hay que lincharlo entre todos.,1
"Qué pendejada acabo de hacer con el café, lo derramé sobre el teclado.",0
"Qué pendejada acabo de hacer con el café, lo derramé sobre el teclado.",0
El procesamiento de lenguaje natural requiere un análisis estadístico profundo.,0
"Qué pendejo estoy, olvidé el archivo en la otra computadora. Qué dolor de cabeza, puta madre.",0
El streamer es una completa plaga y lárgate de esta plataforma.,1
"Qué pendejada acabo de hacer con el café, lo derramé sobre el teclado.",0
"Qué pendejada acabo de hacer con el café, lo derramé sobre el teclado.",0
"Ya valió madre, se cayó el sistema de la escuela otra vez.",0
El candidato resultó ser una rata y deberían banearlo ya.,1
"No mames, está cabrón el tráfico de hoy en la avenida principal.",0
"Qué pendejo estoy, olvidé el archivo en la otra computadora.",0
"El examen de la facultad estuvo de la chingada, pero alcancé a pasar.",0
EL ÁRBITRO DEMUESTRA SER UNA PARÁSITO Y OJALÁ TE PASE ALGO MALO.,1
"El proyecto final de ingeniería quedó agendada para el próximo lunes. Qué dolor de cabeza, puta madre.",0
"¿Alguien sabe a qué hora abre la biblioteca central de la facultad? Qué dolor de cabeza, puta madre.",0
"Qué pendejada acabo de hacer con el café, lo derramé sobre el teclado. Qué dolor de cabeza, puta madre.",0
"Ya valió madre, se cayó el sistema de la escuela otra vez.",0
"El examen de la facultad estuvo de la chingada, pero alcancé a pasar.",0
El moderador es una completa lacra y deberían banearlo ya.,1
"Esa mujer debería desaparecer, arruina la comunidad y nadie lo quiere aquí.",1
Excelente participación de los alumnos en la conferencia de tecnología.,0
Esa mujer es una completa inepto y eres un peligro social.,1
"El examen de la facultad estuvo de la chingada, pero alcancé a pasar.",0
EL MODERADOR DEMUESTRA SER UNA LACRA Y DA ASCO QUE EXISTA.,1
"Qué pendejada acabo de hacer con el café, lo derramé sobre el teclado. Qué dolor de cabeza, puta madre.",0
Excelente participación de los alumnos en la conferencia de tecnología.,0
El árbitro resultó ser una plaga y deberían banearlo ya.,1
"Qué pendejada acabo de hacer con el café, lo derramé sobre el teclado.",0
"El examen de la facultad estuvo de la chingada, pero alcancé a pasar. Qué dolor de cabeza, puta madre.",0
El árbitro se comporta como una cabrón y da asco que exista.,1
"Qué pendejada acabo de hacer con el café, lo derramé sobre el teclado.",0
"Ya valió madre, se cayó el sistema de la escuela otra vez.",0
Muchas gracias por compartir el enlace con la documentación de la API.,0
Ese usuario se comporta como una mierda y lárgate de esta plataforma.,1
Esa mujer es una completa ignorante y da asco que exista.,1
"El examen de la facultad estuvo de la chingada, pero alcancé a pasar.",0
¿Alguien sabe a qué hora abre la biblioteca central de la facultad?,0
El árbitro se comporta como una plaga y deberían banearlo ya.,1
"¿Alguien sabe a qué hora abre la biblioteca central de la facultad? Qué dolor de cabeza, puta madre.",0
ESE USUARIO NO ES MÁS QUE UNA IDIOTA Y OJALÁ TE PASE ALGO MALO.,1
La diputada demuestra ser una pendejo y eres un peligro social.,1
El streamer no es más que una idiota y eres un peligro social.,1
"El examen de la facultad estuvo de la chingada, pero alcancé a pasar.",0
El proyecto final de ingeniería quedó agendada para el próximo lunes.,0
ESE USUARIO NO ES MÁS QUE UNA PARÁSITO Y HAY QUE LINCHARLO ENTRE TODOS.,1
El proyecto final de ingeniería quedó agendada para el próximo lunes.,0
El proyecto final de ingeniería quedó agendada para el próximo lunes.,0
"Ya valió madre, se cayó el sistema de la escuela otra vez. Qué dolor de cabeza, puta madre.",0
Está cabrón terminar este proyecto final para el lunes.,0
"Qué pendejo estoy, olvidé el archivo en la otra computadora.",0
"Ya valió madre, se cayó el sistema de la escuela otra vez. Qué dolor de cabeza, puta madre.",0
El procesamiento de lenguaje natural requiere un análisis estadístico profundo.,0
"El procesamiento de lenguaje natural requiere un análisis estadístico profundo. Qué dolor de cabeza, puta madre.",0
Ese hater es una completa incompetente y hay que lincharlo entre todos.,1
"Este tipo debería desaparecer, arruina la comunidad y nadie lo quiere aquí.",1
La diputada se comporta como una pendejo y deberían banearlo ya.,1
"Ya valió madre, se cayó el sistema de la escuela otra vez. Qué dolor de cabeza, puta madre.",0
ESA MUJER ES UNA COMPLETA MIERDA Y ERES UN PELIGRO SOCIAL.,1
El proyecto final de ingeniería quedó agendada para el próximo lunes.,0
"No mames, está cabrón el tráfico de hoy en la avenida principal.",0
"EL CREADOR DEL VIDEO DEBERÍA DESAPARECER, ARRUINA LA COMUNIDAD Y NADIE LO QUIERE AQUÍ.",1
"Qué pendejada acabo de hacer con el café, lo derramé sobre el teclado. Qué dolor de cabeza, puta madre.",0
El árbitro resultó ser una plaga y da asco que exista.,1
"Qué pendejo estoy, olvidé el archivo en la otra computadora.",0
Ese usuario no es más que una cabrón y hay que lincharlo entre todos.,1
Esa mujer no es más que una plaga y deberían banearlo ya.,1
Este tipo no es más que una inepto y da asco que exista.,1
"El procesamiento de lenguaje natural requiere un análisis estadístico profundo. Qué dolor de cabeza, puta madre.",0
ESE USUARIO DEMUESTRA SER UNA INEPTO Y HAY QUE LINCHARLO ENTRE TODOS.,1
"Qué pendejada acabo de hacer con el café, lo derramé sobre el teclado.",0
El proyecto final de ingeniería quedó agendada para el próximo lunes.,0
"¿Alguien sabe a qué hora abre la biblioteca central de la facultad? Qué dolor de cabeza, puta madre.",0
El creador del video no es más que una incompetente y ojalá te pase algo malo.,1
"Qué pendejada acabo de hacer con el café, lo derramé sobre el teclado. Qué dolor de cabeza, puta madre.",0
El streamer demuestra ser una parásito y hay que lincharlo entre todos.,1
Está cabrón terminar este proyecto final para el lunes.,0
La diputada demuestra ser una escoria y hay que lincharlo entre todos.,1
El moderador no es más que una mierda y deberían banearlo ya.,1
El árbitro es una completa lacra y lárgate de esta plataforma.,1
La diputada es una completa lacra y da asco que exista.,1
Esa mujer se comporta como una incompetente y da asco que exista.,1
Está cabrón terminar este proyecto final para el lunes.,0
La diputada es una completa miserable y da asco que exista.,1
"Qué pendejo estoy, olvidé el archivo en la otra computadora. Qué dolor de cabeza, puta madre.",0
¿Alguien sabe a qué hora abre la biblioteca central de la facultad?,0
LA DIPUTADA SE COMPORTA COMO UNA ESCORIA Y DA ASCO QUE EXISTA.,1
"Ya valió madre, se cayó el sistema de la escuela otra vez.",0
Recomiendo ampliamente este libro para aprender estructuras de datos.,0
"No mames, está cabrón el tráfico de hoy en la avenida principal.",0
El creador del video no es más que una pendejo y deberían banearlo ya.,1
El streamer resultó ser una basura y hay que lincharlo entre todos.,1
La diputada no es más que una miserable y deberían banearlo ya.,1
EL CREADOR DEL VIDEO SE COMPORTA COMO UNA CABRÓN Y HAY QUE LINCHARLO ENTRE TODOS.,1
"¿Alguien sabe a qué hora abre la biblioteca central de la facultad? Qué dolor de cabeza, puta madre.",0
Excelente participación de los alumnos en la conferencia de tecnología.,0
La diputada es una completa parásito y ojalá te pase algo malo.,1
Muchas gracias por compartir el enlace con la documentación de la API.,0
"Este tipo debería desaparecer, arruina la comunidad y nadie lo quiere aquí.",1
Ese hater se comporta como una cabrón y hay que lincharlo entre todos.,1
El proyecto final de ingeniería quedó agendada para el próximo lunes.,0
"No mames, está cabrón el tráfico de hoy en la avenida principal. Qué dolor de cabeza, puta madre.",0
Ese hater es una completa incompetente y hay que lincharlo entre todos.,1
"Qué pendejo estoy, olvidé el archivo en la otra computadora. Qué dolor de cabeza, puta madre.",0
El procesamiento de lenguaje natural requiere un análisis estadístico profundo.,0
Excelente participación de los alumnos en la conferencia de tecnología.,0
"Qué pendejo estoy, olvidé el archivo en la otra computadora.",0
Está cabrón terminar este proyecto final para el lunes.,0
La diputada no es más que una rata y da asco que exista.,1
El streamer se comporta como una pendejo y hay que lincharlo entre todos.,1
El streamer se comporta como una cabrón y lárgate de esta plataforma.,1
"¿Alguien sabe a qué hora abre la biblioteca central de la facultad? Qué dolor de cabeza, puta madre.",0
El creador del video no es más que una imbécil y lárgate de esta plataforma.,1
Esa mujer resultó ser una cabrón y ojalá te pase algo malo.,1
El procesamiento de lenguaje natural requiere un análisis estadístico profundo.,0
EL CREADOR DEL VIDEO NO ES MÁS QUE UNA INEPTO Y DA ASCO QUE EXISTA.,1
EL CANDIDATO NO ES MÁS QUE UNA MIERDA Y DEBERÍAN BANEARLO YA.,1
Ese hater resultó ser una cabrón y da asco que exista.,1
Ese usuario es una completa idiota y da asco que exista.,1
"El examen de la facultad estuvo de la chingada, pero alcancé a pasar.",0
"Qué pendejo estoy, olvidé el archivo en la otra computadora.",0
"Qué pendejo estoy, olvidé el archivo en la otra computadora. Qué dolor de cabeza, puta madre.",0
"La diputada debería desaparecer, arruina la comunidad y nadie lo quiere aquí.",1
EL CREADOR DEL VIDEO RESULTÓ SER UNA BASURA Y ERES UN PELIGRO SOCIAL.,1
El candidato demuestra ser una plaga y eres un peligro social.,1
El proyecto final de ingeniería quedó agendada para el próximo lunes.,0
Ese usuario demuestra ser una idiota y ojalá te pase algo malo.,1
El candidato demuestra ser una idiota y da asco que exista.,1
Ese hater es una completa pendejo y eres un peligro social.,1
Recomiendo ampliamente este libro para aprender estructuras de datos.,0
La diputada demuestra ser una incompetente y eres un peligro social.,1
"El examen de la facultad estuvo de la chingada, pero alcancé a pasar.",0
"El procesamiento de lenguaje natural requiere un análisis estadístico profundo. Qué dolor de cabeza, puta madre.",0
"El streamer debería desaparecer, arruina la comunidad y nadie lo quiere aquí.",1
"Qué pendejo estoy, olvidé el archivo en la otra computadora.",0
Este tipo demuestra ser una imbécil y deberían banearlo ya.,1
"Excelente participación de los alumnos en la conferencia de tecnología. Qué dolor de cabeza, puta madre.",0
El candidato demuestra ser una imbécil y hay que lincharlo entre todos.,1
Ese usuario no es más que una cabrón y lárgate de esta plataforma.,1
El árbitro resultó ser una miserable y lárgate de esta plataforma.,1
"La diputada debería desaparecer, arruina la comunidad y nadie lo quiere aquí.",1
Este tipo es una completa lacra y deberían banearlo ya.,1
Muchas gracias por compartir el enlace con la documentación de la API.,0
"Qué pendejo estoy, olvidé el archivo en la otra computadora.",0
El candidato se comporta como una cabrón y ojalá te pase algo malo.,1
El proyecto final de ingeniería quedó agendada para el próximo lunes.,0
"No mames, está cabrón el tráfico de hoy en la avenida principal.",0
"El examen de la facultad estuvo de la chingada, pero alcancé a pasar.",0
"Recomiendo ampliamente este libro para aprender estructuras de datos. Qué dolor de cabeza, puta madre.",0
"Ya valió madre, se cayó el sistema de la escuela otra vez.",0
El moderador no es más que una inepto y lárgate de esta plataforma.,1
Muchas gracias por compartir el enlace con la documentación de la API.,0
"Qué pendejo estoy, olvidé el archivo en la otra computadora. Qué dolor de cabeza, puta madre.",0
El candidato se comporta como una miserable y lárgate de esta plataforma.,1
El candidato se comporta como una imbécil y hay que lincharlo entre todos.,1
Está cabrón terminar este proyecto final para el lunes.,0
La diputada es una completa pendejo y lárgate de esta plataforma.,1
ESA MUJER NO ES MÁS QUE UNA IGNORANTE Y LÁRGATE DE ESTA PLATAFORMA.,1
El creador del video demuestra ser una plaga y da asco que exista.,1
El candidato no es más que una pendejo y lárgate de esta plataforma.,1
"No mames, está cabrón el tráfico de hoy en la avenida principal.",0
ESE USUARIO DEMUESTRA SER UNA PARÁSITO Y ERES UN PELIGRO SOCIAL.,1
Esa mujer demuestra ser una cabrón y deberían banearlo ya.,1
El proyecto final de ingeniería quedó agendada para el próximo lunes.,0
El streamer se comporta como una idiota y da asco que exista.,1
El árbitro resultó ser una incompetente y lárgate de esta plataforma.,1
El creador del video es una completa lacra y hay que lincharlo entre todos.,1
EL ÁRBITRO RESULTÓ SER UNA ESCORIA Y OJALÁ TE PASE ALGO MALO.,1
¿Alguien sabe a qué hora abre la biblioteca central de la facultad?,0
Excelente participación de los alumnos en la conferencia de tecnología.,0
EL STREAMER DEMUESTRA SER UNA BASURA Y OJALÁ TE PASE ALGO MALO.,1
"Esa mujer debería desaparecer, arruina la comunidad y nadie lo quiere aquí.",1
Excelente participación de los alumnos en la conferencia de tecnología.,0
"Está cabrón terminar este proyecto final para el lunes. Qué dolor de cabeza, puta madre.",0
El árbitro es una completa incompetente y ojalá te pase algo malo.,1
Ese hater resultó ser una escoria y hay que lincharlo entre todos.,1
¿Alguien sabe a qué hora abre la biblioteca central de la facultad?,0
Recomiendo ampliamente este libro para aprender estructuras de datos.,0
El proyecto final de ingeniería quedó agendada para el próximo lunes.,0
"No mames, está cabrón el tráfico de hoy en la avenida principal.",0
Este tipo es una completa basura y da asco que exista.,1
Este tipo es una completa idiota y eres un peligro social.,1
"Qué pendejo estoy, olvidé el archivo en la otra computadora.",0
Ese hater se comporta como una parásito y da asco que exista.,1
"El creador del video debería desaparecer, arruina la comunidad y nadie lo quiere aquí.",1
Esa mujer demuestra ser una miserable y eres un peligro social.,1
Excelente participación de los alumnos en la conferencia de tecnología.,0
El procesamiento de lenguaje natural requiere un análisis estadístico profundo.,0
Ese hater se comporta como una rata y lárgate de esta plataforma.,1
"El examen de la facultad estuvo de la chingada, pero alcancé a pasar. Qué dolor de cabeza, puta madre.",0
"Qué pendejada acabo de hacer con el café, lo derramé sobre el teclado.",0
"El creador del video debería desaparecer, arruina la comunidad y nadie lo quiere aquí.",1
El candidato es una completa plaga y hay que lincharlo entre todos.,1
"Qué pendejo estoy, olvidé el archivo en la otra computadora. Qué dolor de cabeza, puta madre.",0
"El proyecto final de ingeniería quedó agendada para el próximo lunes. Qué dolor de cabeza, puta madre.",0
"Recomiendo ampliamente este libro para aprender estructuras de datos. Qué dolor de cabeza, puta madre.",0
EL CREADOR DEL VIDEO RESULTÓ SER UNA PENDEJA Y LÁRGATE DE ESTA PLATAFORMA.,1
Ese usuario demuestra ser una plaga y hay que lincharlo entre todos.,1
El candidato se comporta como una ignorante y da asco que exista.,1
Muchas gracias por compartir el enlace con la documentación de la API.,0
"Qué pendejada acabo de hacer con el café, lo derramé sobre el teclado. Qué dolor de cabeza, puta madre.",0
El candidato resultó ser una incompetente y eres un peligro social.,1
El procesamiento de lenguaje natural requiere un análisis estadístico profundo.,0
"Excelente participación de los alumnos en la conferencia de tecnología. Qué dolor de cabeza, puta madre.",0
"Muchas gracias por compartir el enlace con la documentación de la API. Qué dolor de cabeza, puta madre.",0
Ese usuario no es más que una lacra y hay que lincharlo entre todos.,1
"¿Alguien sabe a qué hora abre la biblioteca central de la facultad? Qué dolor de cabeza, puta madre.",0
"Qué pendejo estoy, olvidé el archivo en la otra computadora.",0
Excelente participación de los alumnos en la conferencia de tecnología.,0
"El examen de la facultad estuvo de la chingada, pero alcancé a pasar.",0
"El proyecto final de ingeniería quedó agendada para el próximo lunes. Qué dolor de cabeza, puta madre.",0
"EL MODERADOR DEBERÍA DESAPARECER, ARRUINA LA COMUNIDAD Y NADIE LO QUIERE AQUÍ.",1
El candidato resultó ser una imbécil y ojalá te pase algo malo.,1
EL STREAMER RESULTÓ SER UNA CABRÓN Y ERES UN PELIGRO SOCIAL.,1
ESTE TIPO NO ES MÁS QUE UNA CABRÓN Y ERES UN PELIGRO SOCIAL.,1
ESE HATER NO ES MÁS QUE UNA IDIOTA Y OJALÁ TE PASE ALGO MALO.,1
La diputada es una completa plaga y hay que lincharlo entre todos.,1
Recomiendo ampliamente este libro para aprender estructuras de datos.,0
La diputada es una completa basura y da asco que exista.,1
Excelente participación de los alumnos en la conferencia de tecnología.,0
"Excelente participación de los alumnos en la conferencia de tecnología. Qué dolor de cabeza, puta madre.",0
¿Alguien sabe a qué hora abre la biblioteca central de la facultad?,0
"No mames, está cabrón el tráfico de hoy en la avenida principal.",0
El creador del video es una completa inepto y deberían banearlo ya.,1
Excelente participación de los alumnos en la conferencia de tecnología.,0
"Qué pendejo estoy, olvidé el archivo en la otra computadora.",0
"Muchas gracias por compartir el enlace con la documentación de la API. Qué dolor de cabeza, puta madre.",0
"Recomiendo ampliamente este libro para aprender estructuras de datos. Qué dolor de cabeza, puta madre.",0
EL ÁRBITRO RESULTÓ SER UNA BASURA Y LÁRGATE DE ESTA PLATAFORMA.,1
El creador del video resultó ser una cabrón y deberían banearlo ya.,1
Ese hater es una completa ignorante y ojalá te pase algo malo.,1
Este tipo demuestra ser una pendejo y lárgate de esta plataforma.,1
El proyecto final de ingeniería quedó agendada para el próximo lunes.,0
"Qué pendejada acabo de hacer con el café, lo derramé sobre el teclado.",0
"Muchas gracias por compartir el enlace con la documentación de la API. Qué dolor de cabeza, puta madre.",0
El creador del video demuestra ser una plaga y ojalá te pase algo malo.,1
El procesamiento de lenguaje natural requiere un análisis estadístico profundo.,0
"El examen de la facultad estuvo de la chingada, pero alcancé a pasar.",0
Ese hater no es más que una ignorante y deberían banearlo ya.,1
"Qué pendejada acabo de hacer con el café, lo derramé sobre el teclado. Qué dolor de cabeza, puta madre.",0
El moderador demuestra ser una escoria y eres un peligro social.,1
Ese usuario demuestra ser una imbécil y lárgate de esta plataforma.,1
Esa mujer se comporta como una parásito y da asco que exista.,1
Muchas gracias por compartir el enlace con la documentación de la API.,0
"El examen de la facultad estuvo de la chingada, pero alcancé a pasar.",0
"Ya valió madre, se cayó el sistema de la escuela otra vez.",0
"Qué pendejo estoy, olvidé el archivo en la otra computadora.",0
Muchas gracias por compartir el enlace con la documentación de la API.,0
"Ya valió madre, se cayó el sistema de la escuela otra vez. Qué dolor de cabeza, puta madre.",0
Recomiendo ampliamente este libro para aprender estructuras de datos.,0
El candidato se comporta como una rata y ojalá te pase algo malo.,1
Ese usuario es una completa basura y da asco que exista.,1
El candidato no es más que una pendeja y ojalá te pase algo malo.,1
Está cabrón terminar este proyecto final para el lunes.,0
"LA DIPUTADA DEBERÍA DESAPARECER, ARRUINA LA COMUNIDAD Y NADIE LO QUIERE AQUÍ.",1
La diputada no es más que una parásito y deberían banearlo ya.,1
El streamer demuestra ser una mierda y ojalá te pase algo malo.,1
El streamer no es más que una imbécil y lárgate de esta plataforma.,1
La diputada es una completa inepto y da asco que exista.,1
¿Alguien sabe a qué hora abre la biblioteca central de la facultad?,0
"El candidato debería desaparecer, arruina la comunidad y nadie lo quiere aquí.",1
"El examen de la facultad estuvo de la chingada, pero alcancé a pasar.",0
"El examen de la facultad estuvo de la chingada, pero alcancé a pasar.",0
Ese hater resultó ser una ignorante y deberían banearlo ya.,1
La diputada no es más que una mierda y hay que lincharlo entre todos.,1
Esa mujer es una completa mierda y hay que lincharlo entre todos.,1
El árbitro no es más que una rata y da asco que exista.,1
El proyecto final de ingeniería quedó agendada para el próximo lunes.,0
"No mames, está cabrón el tráfico de hoy en la avenida principal.",0
El creador del video se comporta como una parásito y eres un peligro social.,1
El proyecto final de ingeniería quedó agendada para el próximo lunes.,0
El candidato demuestra ser una ignorante y eres un peligro social.,1
El moderador demuestra ser una escoria y ojalá te pase algo malo.,1
Ese usuario es una completa imbécil y deberían banearlo ya.,1
El candidato no es más que una pendeja y da asco que exista.,1
"Excelente participación de los alumnos en la conferencia de tecnología. Qué dolor de cabeza, puta madre.",0
Ese usuario resultó ser una escoria y da asco que exista.,1
Está cabrón terminar este proyecto final para el lunes.,0
El proyecto final de ingeniería quedó agendada para el próximo lunes.,0
"Qué pendejada acabo de hacer con el café, lo derramé sobre el teclado.",0
"El proyecto final de ingeniería quedó agendada para el próximo lunes. Qué dolor de cabeza, puta madre.",0
"No mames, está cabrón el tráfico de hoy en la avenida principal. Qué dolor de cabeza, puta madre.",0
Ese hater demuestra ser una incompetente y ojalá te pase algo malo.,1
Ese usuario se comporta como una basura y hay que lincharlo entre todos.,1
¿Alguien sabe a qué hora abre la biblioteca central de la facultad?,0
"Muchas gracias por compartir el enlace con la documentación de la API. Qué dolor de cabeza, puta madre.",0
Está cabrón terminar este proyecto final para el lunes.,0
"Qué pendejo estoy, olvidé el archivo en la otra computadora. Qué dolor de cabeza, puta madre.",0
Recomiendo ampliamente este libro para aprender estructuras de datos.,0
EL CREADOR DEL VIDEO DEMUESTRA SER UNA BASURA Y DA ASCO QUE EXISTA.,1
"Ya valió madre, se cayó el sistema de la escuela otra vez. Qué dolor de cabeza, puta madre.",0
Está cabrón terminar este proyecto final para el lunes.,0
Este tipo se comporta como una rata y da asco que exista.,1
El proyecto final de ingeniería quedó agendada para el próximo lunes.,0
Ese usuario no es más que una inepto y hay que lincharlo entre todos.,1
EL CREADOR DEL VIDEO DEMUESTRA SER UNA BASURA Y DA ASCO QUE EXISTA.,1
Muchas gracias por compartir el enlace con la documentación de la API.,0
El streamer se comporta como una inepto y ojalá te pase algo malo.,1
El creador del video resultó ser una basura y ojalá te pase algo malo.,1
El candidato es una completa miserable y eres un peligro social.,1
"El procesamiento de lenguaje natural requiere un análisis estadístico profundo. Qué dolor de cabeza, puta madre.",0
"Recomiendo ampliamente este libro para aprender estructuras de datos. Qué dolor de cabeza, puta madre.",0
Este tipo es una completa incompetente y hay que lincharlo entre todos.,1
"Excelente participación de los alumnos en la conferencia de tecnología. Qué dolor de cabeza, puta madre.",0
Muchas gracias por compartir el enlace con la documentación de la API.,0
Ese hater no es más que una pendejo y ojalá te pase algo malo.,1
Ese hater no es más que una incompetente y hay que lincharlo entre todos.,1
"El creador del video debería desaparecer, arruina la comunidad y nadie lo quiere aquí.",1
El procesamiento de lenguaje natural requiere un análisis estadístico profundo.,0
"Ya valió madre, se cayó el sistema de la escuela otra vez. Qué dolor de cabeza, puta madre.",0
"Qué pendejada acabo de hacer con el café, lo derramé sobre el teclado. Qué dolor de cabeza, puta madre.",0
EL MODERADOR ES UNA COMPLETA IMBÉCIL Y DEBERÍAN BANEARLO YA.,1
El creador del video se comporta como una parásito y deberían banearlo ya.,1
"El streamer debería desaparecer, arruina la comunidad y nadie lo quiere aquí.",1
"Qué pendejo estoy, olvidé el archivo en la otra computadora. Qué dolor de cabeza, puta madre.",0
"No mames, está cabrón el tráfico de hoy en la avenida principal.",0
Esa mujer resultó ser una incompetente y lárgate de esta plataforma.,1
ESTE TIPO RESULTÓ SER UNA INCOMPETENTE Y DEBERÍAN BANEARLO YA.,1
"Muchas gracias por compartir el enlace con la documentación de la API. Qué dolor de cabeza, puta madre.",0
Ese hater no es más que una rata y ojalá te pase algo malo.,1
Muchas gracias por compartir el enlace con la documentación de la API.,0
"LA DIPUTADA DEBERÍA DESAPARECER, ARRUINA LA COMUNIDAD Y NADIE LO QUIERE AQUÍ.",1
ESTE TIPO SE COMPORTA COMO UNA PENDEJA Y DA ASCO QUE EXISTA.,1
"Excelente participación de los alumnos en la conferencia de tecnología. Qué dolor de cabeza, puta madre.",0
El proyecto final de ingeniería quedó agendada para el próximo lunes.,0
La diputada es una completa inepto y lárgate de esta plataforma.,1
"No mames, está cabrón el tráfico de hoy en la avenida principal. Qué dolor de cabeza, puta madre.",0
"Muchas gracias por compartir el enlace con la documentación de la API. Qué dolor de cabeza, puta madre.",0
Ese hater no es más que una pendejo y deberían banearlo ya.,1
"¿Alguien sabe a qué hora abre la biblioteca central de la facultad? Qué dolor de cabeza, puta madre.",0
La diputada demuestra ser una imbécil y ojalá te pase algo malo.,1
ESTE TIPO SE COMPORTA COMO UNA IMBÉCIL Y DA ASCO QUE EXISTA.,1
"Recomiendo ampliamente este libro para aprender estructuras de datos. Qué dolor de cabeza, puta madre.",0
"El examen de la facultad estuvo de la chingada, pero alcancé a pasar. Qué dolor de cabeza, puta madre.",0
"No mames, está cabrón el tráfico de hoy en la avenida principal.",0
Esa mujer demuestra ser una lacra y lárgate de esta plataforma.,1
"El examen de la facultad estuvo de la chingada, pero alcancé a pasar.",0
Este tipo es una completa rata y deberían banearlo ya.,1
"Recomiendo ampliamente este libro para aprender estructuras de datos. Qué dolor de cabeza, puta madre.",0
Está cabrón terminar este proyecto final para el lunes.,0
"Muchas gracias por compartir el enlace con la documentación de la API. Qué dolor de cabeza, puta madre.",0
Esa mujer demuestra ser una cabrón y hay que lincharlo entre todos.,1
Esa mujer no es más que una pendejo y hay que lincharlo entre todos.,1
El árbitro demuestra ser una idiota y eres un peligro social.,1
¿Alguien sabe a qué hora abre la biblioteca central de la facultad?,0
Esa mujer resultó ser una basura y lárgate de esta plataforma.,1
"Muchas gracias por compartir el enlace con la documentación de la API. Qué dolor de cabeza, puta madre.",0
Ese hater resultó ser una plaga y ojalá te pase algo malo.,1
"EL STREAMER DEBERÍA DESAPARECER, ARRUINA LA COMUNIDAD Y NADIE LO QUIERE AQUÍ.",1
El creador del video se comporta como una lacra y deberían banearlo ya.,1
La diputada resultó ser una pendejo y lárgate de esta plataforma.,1
EL CANDIDATO NO ES MÁS QUE UNA PENDEJA Y OJALÁ TE PASE ALGO MALO.,1
El árbitro es una completa escoria y deberían banearlo ya.,1
Este tipo se comporta como una escoria y deberían banearlo ya.,1
El moderador no es más que una inepto y lárgate de esta plataforma.,1
ESE HATER RESULTÓ SER UNA IDIOTA Y LÁRGATE DE ESTA PLATAFORMA.,1
Está cabrón terminar este proyecto final para el lunes.,0
"No mames, está cabrón el tráfico de hoy en la avenida principal. Qué dolor de cabeza, puta madre.",0
EL CANDIDATO RESULTÓ SER UNA BASURA Y DEBERÍAN BANEARLO YA.,1
Ese hater no es más que una idiota y hay que lincharlo entre todos.,1
"Qué pendejo estoy, olvidé el archivo en la otra computadora.",0
El creador del video no es más que una mierda y hay que lincharlo entre todos.,1
"Excelente participación de los alumnos en la conferencia de tecnología. Qué dolor de cabeza, puta madre.",0
Ese hater no es más que una inepto y hay que lincharlo entre todos.,1
EL CANDIDATO SE COMPORTA COMO UNA RATA Y HAY QUE LINCHARLO ENTRE TODOS.,1
El streamer no es más que una inepto y hay que lincharlo entre todos.,1
El candidato no es más que una rata y hay que lincharlo entre todos.,1
ESE USUARIO ES UNA COMPLETA PENDEJO Y HAY QUE LINCHARLO ENTRE TODOS.,1
"El candidato debería desaparecer, arruina la comunidad y nadie lo quiere aquí.",1
El creador del video es una completa basura y da asco que exista.,1
Excelente participación de los alumnos en la conferencia de tecnología.,0
El streamer demuestra ser una escoria y eres un peligro social.,1
"Este tipo debería desaparecer, arruina la comunidad y nadie lo quiere aquí.",1
"Qué pendejo estoy, olvidé el archivo en la otra computadora.",0
"Ya valió madre, se cayó el sistema de la escuela otra vez.",0
La diputada no es más que una pendejo y hay que lincharlo entre todos.,1
"EL STREAMER DEBERÍA DESAPARECER, ARRUINA LA COMUNIDAD Y NADIE LO QUIERE AQUÍ.",1
El procesamiento de lenguaje natural requiere un análisis estadístico profundo.,0
"Qué pendejo estoy, olvidé el archivo en la otra computadora.",0
Esa mujer es una completa escoria y hay que lincharlo entre todos.,1
¿Alguien sabe a qué hora abre la biblioteca central de la facultad?,0
El árbitro es una completa miserable y eres un peligro social.,1
"Ya valió madre, se cayó el sistema de la escuela otra vez.",0
El moderador se comporta como una lacra y deberían banearlo ya.,1
EL CANDIDATO NO ES MÁS QUE UNA IGNORANTE Y DEBERÍAN BANEARLO YA.,1
Este tipo demuestra ser una imbécil y deberían banearlo ya.,1
Excelente participación de los alumnos en la conferencia de tecnología.,0
ESTE TIPO RESULTÓ SER UNA PARÁSITO Y HAY QUE LINCHARLO ENTRE TODOS.,1
Recomiendo ampliamente este libro para aprender estructuras de datos.,0
Esa mujer demuestra ser una inepto y eres un peligro social.,1
¿Alguien sabe a qué hora abre la biblioteca central de la facultad?,0
EL MODERADOR NO ES MÁS QUE UNA INEPTO Y LÁRGATE DE ESTA PLATAFORMA.,1
Este tipo demuestra ser una rata y hay que lincharlo entre todos.,1
ESE USUARIO NO ES MÁS QUE UNA ESCORIA Y DEBERÍAN BANEARLO YA.,1
EL STREAMER SE COMPORTA COMO UNA PARÁSITO Y DA ASCO QUE EXISTA.,1
¿Alguien sabe a qué hora abre la biblioteca central de la facultad?,0
"Qué pendejo estoy, olvidé el archivo en la otra computadora. Qué dolor de cabeza, puta madre.",0
Ese hater se comporta como una imbécil y eres un peligro social.,1
El moderador resultó ser una incompetente y lárgate de esta plataforma.,1
"No mames, está cabrón el tráfico de hoy en la avenida principal.",0
EL CANDIDATO SE COMPORTA COMO UNA MIERDA Y ERES UN PELIGRO SOCIAL.,1
Ese usuario no es más que una rata y lárgate de esta plataforma.,1
"Ya valió madre, se cayó el sistema de la escuela otra vez.",0
LA DIPUTADA NO ES MÁS QUE UNA ESCORIA Y ERES UN PELIGRO SOCIAL.,1
"Ya valió madre, se cayó el sistema de la escuela otra vez. Qué dolor de cabeza, puta madre.",0
LA DIPUTADA NO ES MÁS QUE UNA INCOMPETENTE Y DA ASCO QUE EXISTA.,1
"¿Alguien sabe a qué hora abre la biblioteca central de la facultad? Qué dolor de cabeza, puta madre.",0
"¿Alguien sabe a qué hora abre la biblioteca central de la facultad? Qué dolor de cabeza, puta madre.",0
Ese usuario es una completa lacra y hay que lincharlo entre todos.,1
"EL MODERADOR DEBERÍA DESAPARECER, ARRUINA LA COMUNIDAD Y NADIE LO QUIERE AQUÍ.",1
"Ese hater debería desaparecer, arruina la comunidad y nadie lo quiere aquí.",1
La diputada se comporta como una miserable y lárgate de esta plataforma.,1
EL STREAMER NO ES MÁS QUE UNA PLAGA Y LÁRGATE DE ESTA PLATAFORMA.,1
"Qué pendejada acabo de hacer con el café, lo derramé sobre el teclado.",0
El árbitro es una completa parásito y ojalá te pase algo malo.,1
El streamer no es más que una plaga y da asco que exista.,1
ESA MUJER ES UNA COMPLETA PLAGA Y DEBERÍAN BANEARLO YA.,1
"Ya valió madre, se cayó el sistema de la escuela otra vez.",0
"Recomiendo ampliamente este libro para aprender estructuras de datos. Qué dolor de cabeza, puta madre.",0
¿Alguien sabe a qué hora abre la biblioteca central de la facultad?,0
El streamer demuestra ser una mierda y da asco que exista.,1
El creador del video se comporta como una ignorante y deberían banearlo ya.,1
"No mames, está cabrón el tráfico de hoy en la avenida principal.",0
El candidato se comporta como una basura y hay que lincharlo entre todos.,1
"No mames, está cabrón el tráfico de hoy en la avenida principal.",0
"¿Alguien sabe a qué hora abre la biblioteca central de la facultad? Qué dolor de cabeza, puta madre.",0
¿Alguien sabe a qué hora abre la biblioteca central de la facultad?,0
El candidato resultó ser una incompetente y deberían banearlo ya.,1
"Muchas gracias por compartir el enlace con la documentación de la API. Qué dolor de cabeza, puta madre.",0
El streamer no es más que una plaga y eres un peligro social.,1
"Ya valió madre, se cayó el sistema de la escuela otra vez.",0
¿Alguien sabe a qué hora abre la biblioteca central de la facultad?,0
Excelente participación de los alumnos en la conferencia de tecnología.,0
La diputada demuestra ser una pendejo y hay que lincharlo entre todos.,1
"Está cabrón terminar este proyecto final para el lunes. Qué dolor de cabeza, puta madre.",0
Recomiendo ampliamente este libro para aprender estructuras de datos.,0
Ese hater se comporta como una escoria y ojalá te pase algo malo.,1
El streamer no es más que una miserable y da asco que exista.,1
"¿Alguien sabe a qué hora abre la biblioteca central de la facultad? Qué dolor de cabeza, puta madre.",0
"No mames, está cabrón el tráfico de hoy en la avenida principal.",0
Este tipo es una completa ignorante y hay que lincharlo entre todos.,1
El creador del video es una completa pendeja y ojalá te pase algo malo.,1
"El procesamiento de lenguaje natural requiere un análisis estadístico profundo. Qué dolor de cabeza, puta madre.",0
El candidato es una completa inepto y deberían banearlo ya.,1
EL ÁRBITRO ES UNA COMPLETA IDIOTA Y DEBERÍAN BANEARLO YA.,1
Muchas gracias por compartir el enlace con la documentación de la API.,0
"Muchas gracias por compartir el enlace con la documentación de la API. Qué dolor de cabeza, puta madre.",0
"El creador del video debería desaparecer, arruina la comunidad y nadie lo quiere aquí.",1
"No mames, está cabrón el tráfico de hoy en la avenida principal. Qué dolor de cabeza, puta madre.",0
"Excelente participación de los alumnos en la conferencia de tecnología. Qué dolor de cabeza, puta madre.",0
Ese hater se comporta como una escoria y lárgate de esta plataforma.,1
Ese hater demuestra ser una inepto y da asco que exista.,1
"Muchas gracias por compartir el enlace con la documentación de la API. Qué dolor de cabeza, puta madre.",0
El moderador demuestra ser una idiota y eres un peligro social.,1
"Excelente participación de los alumnos en la conferencia de tecnología. Qué dolor de cabeza, puta madre.",0
"Qué pendejo estoy, olvidé el archivo en la otra computadora. Qué dolor de cabeza, puta madre.",0
"El proyecto final de ingeniería quedó agendada para el próximo lunes. Qué dolor de cabeza, puta madre.",0
El candidato no es más que una idiota y ojalá te pase algo malo.,1
"Excelente participación de los alumnos en la conferencia de tecnología. Qué dolor de cabeza, puta madre.",0
"Muchas gracias por compartir el enlace con la documentación de la API. Qué dolor de cabeza, puta madre.",0
La diputada no es más que una lacra y deberían banearlo ya.,1
El proyecto final de ingeniería quedó agendada para el próximo lunes.,0
"Qué pendejo estoy, olvidé el archivo en la otra computadora.",0
Ese usuario es una completa lacra y ojalá te pase algo malo.,1
"Qué pendejada acabo de hacer con el café, lo derramé sobre el teclado. Qué dolor de cabeza, puta madre.",0
El streamer no es más que una incompetente y eres un peligro social.,1
Ese usuario es una completa pendeja y eres un peligro social.,1
La diputada se comporta como una pendeja y hay que lincharlo entre todos.,1
Esa mujer no es más que una ignorante y lárgate de esta plataforma.,1
¿Alguien sabe a qué hora abre la biblioteca central de la facultad?,0
"Muchas gracias por compartir el enlace con la documentación de la API. Qué dolor de cabeza, puta madre.",0
EL CREADOR DEL VIDEO DEMUESTRA SER UNA INEPTO Y HAY QUE LINCHARLO ENTRE TODOS.,1
El streamer es una completa mierda y hay que lincharlo entre todos.,1
"El examen de la facultad estuvo de la chingada, pero alcancé a pasar.",0
"Qué pendejada acabo de hacer con el café, lo derramé sobre el teclado.",0
El árbitro es una completa parásito y da asco que exista.,1
"Qué pendejo estoy, olvidé el archivo en la otra computadora. Qué dolor de cabeza, puta madre.",0
"No mames, está cabrón el tráfico de hoy en la avenida principal.",0
El candidato demuestra ser una plaga y eres un peligro social.,1
"Ya valió madre, se cayó el sistema de la escuela otra vez. Qué dolor de cabeza, puta madre.",0
El moderador es una completa lacra y da asco que exista.,1
La diputada resultó ser una parásito y eres un peligro social.,1
Este tipo demuestra ser una ignorante y ojalá te pase algo malo.,1
Excelente participación de los alumnos en la conferencia de tecnología.,0
Ese hater se comporta como una inepto y eres un peligro social.,1
ESE USUARIO NO ES MÁS QUE UNA INEPTO Y DA ASCO QUE EXISTA.,1
La diputada no es más que una imbécil y da asco que exista.,1
El creador del video no es más que una mierda y ojalá te pase algo malo.,1
¿Alguien sabe a qué hora abre la biblioteca central de la facultad?,0
"La diputada debería desaparecer, arruina la comunidad y nadie lo quiere aquí.",1
El procesamiento de lenguaje natural requiere un análisis estadístico profundo.,0
"El proyecto final de ingeniería quedó agendada para el próximo lunes. Qué dolor de cabeza, puta madre.",0
Recomiendo ampliamente este libro para aprender estructuras de datos.,0
Muchas gracias por compartir el enlace con la documentación de la API.,0
"Ya valió madre, se cayó el sistema de la escuela otra vez. Qué dolor de cabeza, puta madre.",0
"El proyecto final de ingeniería quedó agendada para el próximo lunes. Qué dolor de cabeza, puta madre.",0
El candidato no es más que una pendeja y deberían banearlo ya.,1
"No mames, está cabrón el tráfico de hoy en la avenida principal.",0
"¿Alguien sabe a qué hora abre la biblioteca central de la facultad? Qué dolor de cabeza, puta madre.",0
"Está cabrón terminar este proyecto final para el lunes. Qué dolor de cabeza, puta madre.",0
ESTE TIPO RESULTÓ SER UNA LACRA Y LÁRGATE DE ESTA PLATAFORMA.,1
El creador del video es una completa incompetente y ojalá te pase algo malo.,1
El streamer no es más que una basura y deberían banearlo ya.,1
Ese hater no es más que una idiota y lárgate de esta plataforma.,1
Muchas gracias por compartir el enlace con la documentación de la API.,0
El árbitro no es más que una lacra y da asco que exista.,1
¿Alguien sabe a qué hora abre la biblioteca central de la facultad?,0
El moderador resultó ser una basura y ojalá te pase algo malo.,1
ESA MUJER NO ES MÁS QUE UNA MIERDA Y DEBERÍAN BANEARLO YA.,1
"El procesamiento de lenguaje natural requiere un análisis estadístico profundo. Qué dolor de cabeza, puta madre.",0
El creador del video resultó ser una escoria y ojalá te pase algo malo.,1
El proyecto final de ingeniería quedó agendada para el próximo lunes.,0
"Qué pendejo estoy, olvidé el archivo en la otra computadora.",0
El creador del video no es más que una plaga y deberían banearlo ya.,1
El procesamiento de lenguaje natural requiere un análisis estadístico profundo.,0
"Ya valió madre, se cayó el sistema de la escuela otra vez.",0
El creador del video resultó ser una pendeja y eres un peligro social.,1
"Ya valió madre, se cayó el sistema de la escuela otra vez.",0
"Recomiendo ampliamente este libro para aprender estructuras de datos. Qué dolor de cabeza, puta madre.",0
El árbitro no es más que una pendejo y ojalá te pase algo malo.,1
"Está cabrón terminar este proyecto final para el lunes. Qué dolor de cabeza, puta madre.",0
Ese hater no es más que una basura y deberían banearlo ya.,1
"Qué pendejada acabo de hacer con el café, lo derramé sobre el teclado.",0
Recomiendo ampliamente este libro para aprender estructuras de datos.,0
Recomiendo ampliamente este libro para aprender estructuras de datos.,0
"El candidato debería desaparecer, arruina la comunidad y nadie lo quiere aquí.",1
"El proyecto final de ingeniería quedó agendada para el próximo lunes. Qué dolor de cabeza, puta madre.",0
"¿Alguien sabe a qué hora abre la biblioteca central de la facultad? Qué dolor de cabeza, puta madre.",0
Está cabrón terminar este proyecto final para el lunes.,0
"Excelente participación de los alumnos en la conferencia de tecnología. Qué dolor de cabeza, puta madre.",0
El moderador se comporta como una basura y lárgate de esta plataforma.,1
Este tipo no es más que una parásito y lárgate de esta plataforma.,1
Ese hater demuestra ser una pendejo y ojalá te pase algo malo.,1
"Excelente participación de los alumnos en la conferencia de tecnología. Qué dolor de cabeza, puta madre.",0
"Qué pendejada acabo de hacer con el café, lo derramé sobre el teclado.",0
Ese usuario demuestra ser una parásito y lárgate de esta plataforma.,1
Esa mujer se comporta como una cabrón y eres un peligro social.,1
El candidato se comporta como una escoria y eres un peligro social.,1
"Qué pendejo estoy, olvidé el archivo en la otra computadora.",0
Esa mujer no es más que una rata y hay que lincharlo entre todos.,1
"Muchas gracias por compartir el enlace con la documentación de la API. Qué dolor de cabeza, puta madre.",0
"Qué pendejo estoy, olvidé el archivo en la otra computadora.",0
El árbitro es una completa rata y lárgate de esta plataforma.,1
El creador del video se comporta como una idiota y lárgate de esta plataforma.,1
El candidato es una completa ignorante y hay que lincharlo entre todos.,1
"Qué pendejo estoy, olvidé el archivo en la otra computadora.",0
"No mames, está cabrón el tráfico de hoy en la avenida principal.",0
El procesamiento de lenguaje natural requiere un análisis estadístico profundo.,0
El moderador resultó ser una ignorante y hay que lincharlo entre todos.,1
Muchas gracias por compartir el enlace con la documentación de la API.,0
"Qué pendejada acabo de hacer con el café, lo derramé sobre el teclado. Qué dolor de cabeza, puta madre.",0
Ese hater es una completa parásito y eres un peligro social.,1
El árbitro no es más que una parásito y ojalá te pase algo malo.,1
"Este tipo debería desaparecer, arruina la comunidad y nadie lo quiere aquí.",1
El candidato resultó ser una pendejo y lárgate de esta plataforma.,1
El árbitro es una completa parásito y hay que lincharlo entre todos.,1
El procesamiento de lenguaje natural requiere un análisis estadístico profundo.,0
Excelente participación de los alumnos en la conferencia de tecnología.,0
LA DIPUTADA RESULTÓ SER UNA INEPTO Y HAY QUE LINCHARLO ENTRE TODOS.,1
El proyecto final de ingeniería quedó agendada para el próximo lunes.,0
"Ya valió madre, se cayó el sistema de la escuela otra vez.",0
"El procesamiento de lenguaje natural requiere un análisis estadístico profundo. Qué dolor de cabeza, puta madre.",0
ESE USUARIO SE COMPORTA COMO UNA INCOMPETENTE Y ERES UN PELIGRO SOCIAL.,1
"Ese usuario debería desaparecer, arruina la comunidad y nadie lo quiere aquí.",1
El moderador no es más que una basura y deberían banearlo ya.,1
Esa mujer se comporta como una escoria y lárgate de esta plataforma.,1
El candidato resultó ser una plaga y da asco que exista.,1
El proyecto final de ingeniería quedó agendada para el próximo lunes.,0
El creador del video no es más que una miserable y deberían banearlo ya.,1
La diputada se comporta como una cabrón y da asco que exista.,1
El candidato se comporta como una cabrón y hay que lincharlo entre todos.,1
Esa mujer es una completa basura y lárgate de esta plataforma.,1
"El proyecto final de ingeniería quedó agendada para el próximo lunes. Qué dolor de cabeza, puta madre.",0
El moderador resultó ser una mierda y hay que lincharlo entre todos.,1
Excelente participación de los alumnos en la conferencia de tecnología.,0
Ese hater no es más que una pendeja y hay que lincharlo entre todos.,1
Esa mujer demuestra ser una incompetente y deberían banearlo ya.,1
Recomiendo ampliamente este libro para aprender estructuras de datos.,0
"Ese usuario debería desaparecer, arruina la comunidad y nadie lo quiere aquí.",1
El proyecto final de ingeniería quedó agendada para el próximo lunes.,0
Este tipo es una completa mierda y hay que lincharlo entre todos.,1
¿Alguien sabe a qué hora abre la biblioteca central de la facultad?,0
El proyecto final de ingeniería quedó agendada para el próximo lunes.,0
El candidato se comporta como una pendeja y da asco que exista.,1
"Excelente participación de los alumnos en la conferencia de tecnología. Qué dolor de cabeza, puta madre.",0
ESTE TIPO SE COMPORTA COMO UNA LACRA Y LÁRGATE DE ESTA PLATAFORMA.,1
El streamer no es más que una plaga y eres un peligro social.,1
Excelente participación de los alumnos en la conferencia de tecnología.,0
"No mames, está cabrón el tráfico de hoy en la avenida principal. Qué dolor de cabeza, puta madre.",0
ESTE TIPO SE COMPORTA COMO UNA LACRA Y ERES UN PELIGRO SOCIAL.,1
Muchas gracias por compartir el enlace con la documentación de la API.,0
EL MODERADOR ES UNA COMPLETA ESCORIA Y DEBERÍAN BANEARLO YA.,1
"Qué pendejada acabo de hacer con el café, lo derramé sobre el teclado. Qué dolor de cabeza, puta madre.",0
El moderador se comporta como una escoria y deberían banearlo ya.,1
Está cabrón terminar este proyecto final para el lunes.,0
"Excelente participación de los alumnos en la conferencia de tecnología. Qué dolor de cabeza, puta madre.",0
Ese hater no es más que una imbécil y hay que lincharlo entre todos.,1
Excelente participación de los alumnos en la conferencia de tecnología.,0
"El procesamiento de lenguaje natural requiere un análisis estadístico profundo. Qué dolor de cabeza, puta madre.",0
El moderador no es más que una cabrón y deberían banearlo ya.,1
"Está cabrón terminar este proyecto final para el lunes. Qué dolor de cabeza, puta madre.",0
"Qué pendejada acabo de hacer con el café, lo derramé sobre el teclado.",0
El streamer no es más que una mierda y lárgate de esta plataforma.,1
El moderador es una completa lacra y hay que lincharlo entre todos.,1
La diputada se comporta como una rata y hay que lincharlo entre todos.,1
"Ya valió madre, se cayó el sistema de la escuela otra vez. Qué dolor de cabeza, puta madre.",0
"Está cabrón terminar este proyecto final para el lunes. Qué dolor de cabeza, puta madre.",0
Está cabrón terminar este proyecto final para el lunes.,0
El creador del video no es más que una mierda y hay que lincharlo entre todos.,1
"El examen de la facultad estuvo de la chingada, pero alcancé a pasar.",0
"No mames, está cabrón el tráfico de hoy en la avenida principal.",0
"No mames, está cabrón el tráfico de hoy en la avenida principal.",0
La diputada se comporta como una ignorante y deberían banearlo ya.,1
"Está cabrón terminar este proyecto final para el lunes. Qué dolor de cabeza, puta madre.",0
Ese hater resultó ser una mierda y da asco que exista.,1
El streamer resultó ser una idiota y hay que lincharlo entre todos.,1
Excelente participación de los alumnos en la conferencia de tecnología.,0
El streamer es una completa parásito y lárgate de esta plataforma.,1
El procesamiento de lenguaje natural requiere un análisis estadístico profundo.,0
Ese usuario es una completa incompetente y hay que lincharlo entre todos.,1
"Muchas gracias por compartir el enlace con la documentación de la API. Qué dolor de cabeza, puta madre.",0
Ese usuario demuestra ser una mierda y ojalá te pase algo malo.,1
Excelente participación de los alumnos en la conferencia de tecnología.,0
La diputada demuestra ser una escoria y deberían banearlo ya.,1
"El creador del video debería desaparecer, arruina la comunidad y nadie lo quiere aquí.",1
"Qué pendejada acabo de hacer con el café, lo derramé sobre el teclado. Qué dolor de cabeza, puta madre.",0
Ese usuario es una completa idiota y hay que lincharlo entre todos.,1
Muchas gracias por compartir el enlace con la documentación de la API.,0
"Qué pendejo estoy, olvidé el archivo en la otra computadora. Qué dolor de cabeza, puta madre.",0
ESTE TIPO DEMUESTRA SER UNA PENDEJA Y OJALÁ TE PASE ALGO MALO.,1
"Está cabrón terminar este proyecto final para el lunes. Qué dolor de cabeza, puta madre.",0
¿Alguien sabe a qué hora abre la biblioteca central de la facultad?,0
EL MODERADOR NO ES MÁS QUE UNA INCOMPETENTE Y DEBERÍAN BANEARLO YA.,1
LA DIPUTADA DEMUESTRA SER UNA MIERDA Y OJALÁ TE PASE ALGO MALO.,1
¿Alguien sabe a qué hora abre la biblioteca central de la facultad?,0
"Ya valió madre, se cayó el sistema de la escuela otra vez. Qué dolor de cabeza, puta madre.",0
Ese usuario resultó ser una pendeja y ojalá te pase algo malo.,1
El moderador es una completa cabrón y hay que lincharlo entre todos.,1
La diputada no es más que una rata y lárgate de esta plataforma.,1
El creador del video no es más que una idiota y da asco que exista.,1
"Qué pendejo estoy, olvidé el archivo en la otra computadora.",0
Esa mujer resultó ser una mierda y eres un peligro social.,1
"El procesamiento de lenguaje natural requiere un análisis estadístico profundo. Qué dolor de cabeza, puta madre.",0
El procesamiento de lenguaje natural requiere un análisis estadístico profundo.,0
La diputada se comporta como una miserable y hay que lincharlo entre todos.,1
"El proyecto final de ingeniería quedó agendada para el próximo lunes. Qué dolor de cabeza, puta madre.",0
El creador del video no es más que una mierda y deberían banearlo ya.,1
La diputada es una completa mierda y da asco que exista.,1
El árbitro es una completa miserable y deberían banearlo ya.,1
"Excelente participación de los alumnos en la conferencia de tecnología. Qué dolor de cabeza, puta madre.",0
"Ya valió madre, se cayó el sistema de la escuela otra vez.",0
Muchas gracias por compartir el enlace con la documentación de la API.,0
"Está cabrón terminar este proyecto final para el lunes. Qué dolor de cabeza, puta madre.",0
"Ese usuario debería desaparecer, arruina la comunidad y nadie lo quiere aquí.",1
ESE USUARIO DEMUESTRA SER UNA CABRÓN Y DEBERÍAN BANEARLO YA.,1
Este tipo se comporta como una pendejo y lárgate de esta plataforma.,1
Ese hater es una completa mierda y hay que lincharlo entre todos.,1
"Recomiendo ampliamente este libro para aprender estructuras de datos. Qué dolor de cabeza, puta madre.",0
Esa mujer no es más que una incompetente y ojalá te pase algo malo.,1
"Qué pendejada acabo de hacer con el café, lo derramé sobre el teclado. Qué dolor de cabeza, puta madre.",0
"El streamer debería desaparecer, arruina la comunidad y nadie lo quiere aquí.",1
La diputada no es más que una cabrón y ojalá te pase algo malo.,1
El moderador no es más que una parásito y eres un peligro social.,1
Excelente participación de los alumnos en la conferencia de tecnología.,0
"No mames, está cabrón el tráfico de hoy en la avenida principal. Qué dolor de cabeza, puta madre.",0
Muchas gracias por compartir el enlace con la documentación de la API.,0
"Qué pendejo estoy, olvidé el archivo en la otra computadora. Qué dolor de cabeza, puta madre.",0
Esa mujer es una completa miserable y eres un peligro social.,1
"Qué pendejo estoy, olvidé el archivo en la otra computadora.",0
EL ÁRBITRO ES UNA COMPLETA PENDEJA Y DEBERÍAN BANEARLO YA.,1
"Ya valió madre, se cayó el sistema de la escuela otra vez. Qué dolor de cabeza, puta madre.",0
El streamer demuestra ser una idiota y deberían banearlo ya.,1
Ese hater resultó ser una incompetente y hay que lincharlo entre todos.,1
"Ya valió madre, se cayó el sistema de la escuela otra vez. Qué dolor de cabeza, puta madre.",0
Está cabrón terminar este proyecto final para el lunes.,0
"Qué pendejo estoy, olvidé el archivo en la otra computadora. Qué dolor de cabeza, puta madre.",0
El árbitro resultó ser una basura y lárgate de esta plataforma.,1
Este tipo resultó ser una parásito y ojalá te pase algo malo.,1
"Ya valió madre, se cayó el sistema de la escuela otra vez.",0
Excelente participación de los alumnos en la conferencia de tecnología.,0
El candidato no es más que una inepto y da asco que exista.,1
Ese hater no es más que una rata y da asco que exista.,1
El árbitro demuestra ser una inepto y eres un peligro social.,1
El candidato es una completa parásito y da asco que exista.,1
El árbitro demuestra ser una rata y lárgate de esta plataforma.,1
"El moderador debería desaparecer, arruina la comunidad y nadie lo quiere aquí.",1
EL CREADOR DEL VIDEO SE COMPORTA COMO UNA INCOMPETENTE Y LÁRGATE DE ESTA PLATAFORMA.,1
El proyecto final de ingeniería quedó agendada para el próximo lunes.,0
"El examen de la facultad estuvo de la chingada, pero alcancé a pasar.",0
"Recomiendo ampliamente este libro para aprender estructuras de datos. Qué dolor de cabeza, puta madre.",0
"Está cabrón terminar este proyecto final para el lunes. Qué dolor de cabeza, puta madre.",0
El árbitro no es más que una inepto y da asco que exista.,1
"Está cabrón terminar este proyecto final para el lunes. Qué dolor de cabeza, puta madre.",0
Muchas gracias por compartir el enlace con la documentación de la API.,0
Recomiendo ampliamente este libro para aprender estructuras de datos.,0
"El proyecto final de ingeniería quedó agendada para el próximo lunes. Qué dolor de cabeza, puta madre.",0
El streamer se comporta como una miserable y da asco que exista.,1
Muchas gracias por compartir el enlace con la documentación de la API.,0
El proyecto final de ingeniería quedó agendada para el próximo lunes.,0
El árbitro demuestra ser una pendejo y da asco que exista.,1
"No mames, está cabrón el tráfico de hoy en la avenida principal. Qué dolor de cabeza, puta madre.",0
Está cabrón terminar este proyecto final para el lunes.,0
La diputada se comporta como una ignorante y eres un peligro social.,1
Este tipo resultó ser una imbécil y lárgate de esta plataforma.,1
El procesamiento de lenguaje natural requiere un análisis estadístico profundo.,0
"No mames, está cabrón el tráfico de hoy en la avenida principal.",0
El árbitro no es más que una ignorante y hay que lincharlo entre todos.,1
Este tipo demuestra ser una idiota y hay que lincharlo entre todos.,1
"Muchas gracias por compartir el enlace con la documentación de la API. Qué dolor de cabeza, puta madre.",0
EL MODERADOR DEMUESTRA SER UNA IGNORANTE Y OJALÁ TE PASE ALGO MALO.,1
"El examen de la facultad estuvo de la chingada, pero alcancé a pasar.",0
"Qué pendejo estoy, olvidé el archivo en la otra computadora. Qué dolor de cabeza, puta madre.",0
Está cabrón terminar este proyecto final para el lunes.,0
Muchas gracias por compartir el enlace con la documentación de la API.,0
EL STREAMER ES UNA COMPLETA IMBÉCIL Y DEBERÍAN BANEARLO YA.,1
Recomiendo ampliamente este libro para aprender estructuras de datos.,0
Ese hater no es más que una plaga y deberían banearlo ya.,1
Muchas gracias por compartir el enlace con la documentación de la API.,0
El proyecto final de ingeniería quedó agendada para el próximo lunes.,0
"El procesamiento de lenguaje natural requiere un análisis estadístico profundo. Qué dolor de cabeza, puta madre.",0
El streamer es una completa ignorante y ojalá te pase algo malo.,1
"El examen de la facultad estuvo de la chingada, pero alcancé a pasar.",0
El moderador se comporta como una parásito y hay que lincharlo entre todos.,1
"Qué pendejada acabo de hacer con el café, lo derramé sobre el teclado.",0
La diputada es una completa incompetente y ojalá te pase algo malo.,1
El proyecto final de ingeniería quedó agendada para el próximo lunes.,0
¿Alguien sabe a qué hora abre la biblioteca central de la facultad?,0
El árbitro demuestra ser una cabrón y ojalá te pase algo malo.,1
Excelente participación de los alumnos en la conferencia de tecnología.,0
Muchas gracias por compartir el enlace con la documentación de la API.,0
EL STREAMER SE COMPORTA COMO UNA IDIOTA Y HAY QUE LINCHARLO ENTRE TODOS.,1
Este tipo resultó ser una rata y da asco que exista.,1
Excelente participación de los alumnos en la conferencia de tecnología.,0
Ese usuario se comporta como una cabrón y eres un peligro social.,1
El candidato demuestra ser una pendeja y hay que lincharlo entre todos.,1
Ese usuario demuestra ser una pendeja y hay que lincharlo entre todos.,1
Muchas gracias por compartir el enlace con la documentación de la API.,0
Esa mujer resultó ser una pendejo y deberían banearlo ya.,1
Este tipo no es más que una plaga y ojalá te pase algo malo.,1
EL ÁRBITRO NO ES MÁS QUE UNA RATA Y LÁRGATE DE ESTA PLATAFORMA.,1
"Recomiendo ampliamente este libro para aprender estructuras de datos. Qué dolor de cabeza, puta madre.",0
ESE USUARIO DEMUESTRA SER UNA BASURA Y DA ASCO QUE EXISTA.,1
"El examen de la facultad estuvo de la chingada, pero alcancé a pasar. Qué dolor de cabeza, puta madre.",0
Ese hater es una completa ignorante y deberían banearlo ya.,1
Ese hater resultó ser una inepto y eres un peligro social.,1
Este tipo resultó ser una basura y lárgate de esta plataforma.,1
El moderador demuestra ser una basura y ojalá te pase algo malo.,1
"Qué pendejada acabo de hacer con el café, lo derramé sobre el teclado.",0
"No mames, está cabrón el tráfico de hoy en la avenida principal.",0
Esa mujer demuestra ser una idiota y ojalá te pase algo malo.,1
"El examen de la facultad estuvo de la chingada, pero alcancé a pasar.",0
"Está cabrón terminar este proyecto final para el lunes. Qué dolor de cabeza, puta madre.",0
El streamer se comporta como una inepto y eres un peligro social.,1
EL CANDIDATO RESULTÓ SER UNA PENDEJA Y DA ASCO QUE EXISTA.,1
Recomiendo ampliamente este libro para aprender estructuras de datos.,0
El árbitro demuestra ser una imbécil y eres un peligro social.,1
Está cabrón terminar este proyecto final para el lunes.,0
El moderador demuestra ser una imbécil y ojalá te pase algo malo.,1
"Qué pendejo estoy, olvidé el archivo en la otra computadora.",0
ESA MUJER DEMUESTRA SER UNA BASURA Y LÁRGATE DE ESTA PLATAFORMA.,1
El moderador es una completa cabrón y ojalá te pase algo malo.,1
El proyecto final de ingeniería quedó agendada para el próximo lunes.,0
ESE HATER RESULTÓ SER UNA LACRA Y DA ASCO QUE EXISTA.,1
"El proyecto final de ingeniería quedó agendada para el próximo lunes. Qué dolor de cabeza, puta madre.",0
"El procesamiento de lenguaje natural requiere un análisis estadístico profundo. Qué dolor de cabeza, puta madre.",0
El streamer no es más que una incompetente y ojalá te pase algo malo.,1
El candidato se comporta como una ignorante y hay que lincharlo entre todos.,1
Muchas gracias por compartir el enlace con la documentación de la API.,0
El streamer es una completa escoria y lárgate de esta plataforma.,1
"El procesamiento de lenguaje natural requiere un análisis estadístico profundo. Qué dolor de cabeza, puta madre.",0
Ese hater resultó ser una imbécil y hay que lincharlo entre todos.,1
El moderador es una completa idiota y lárgate de esta plataforma.,1
El candidato no es más que una basura y lárgate de esta plataforma.,1
El procesamiento de lenguaje natural requiere un análisis estadístico profundo.,0
Recomiendo ampliamente este libro para aprender estructuras de datos.,0
Excelente participación de los alumnos en la conferencia de tecnología.,0
EL STREAMER SE COMPORTA COMO UNA INEPTO Y HAY QUE LINCHARLO ENTRE TODOS.,1
"El examen de la facultad estuvo de la chingada, pero alcancé a pasar.",0
Ese hater se comporta como una miserable y ojalá te pase algo malo.,1
"ESTE TIPO DEBERÍA DESAPARECER, ARRUINA LA COMUNIDAD Y NADIE LO QUIERE AQUÍ.",1
"Ya valió madre, se cayó el sistema de la escuela otra vez.",0
Ese hater se comporta como una miserable y lárgate de esta plataforma.,1
"El candidato debería desaparecer, arruina la comunidad y nadie lo quiere aquí.",1
Ese hater no es más que una lacra y ojalá te pase algo malo.,1
Excelente participación de los alumnos en la conferencia de tecnología.,0
La diputada es una completa pendeja y da asco que exista.,1
"El creador del video debería desaparecer, arruina la comunidad y nadie lo quiere aquí.",1
"Este tipo debería desaparecer, arruina la comunidad y nadie lo quiere aquí.",1
"No mames, está cabrón el tráfico de hoy en la avenida principal. Qué dolor de cabeza, puta madre.",0
"Qué pendejo estoy, olvidé el archivo en la otra computadora. Qué dolor de cabeza, puta madre.",0
"Está cabrón terminar este proyecto final para el lunes. Qué dolor de cabeza, puta madre.",0
ESE HATER ES UNA COMPLETA PENDEJA Y OJALÁ TE PASE ALGO MALO.,1
Este tipo se comporta como una idiota y hay que lincharlo entre todos.,1
¿Alguien sabe a qué hora abre la biblioteca central de la facultad?,0
La diputada es una completa parásito y da asco que exista.,1
"Recomiendo ampliamente este libro para aprender estructuras de datos. Qué dolor de cabeza, puta madre.",0
Este tipo demuestra ser una miserable y eres un peligro social.,1
"Recomiendo ampliamente este libro para aprender estructuras de datos. Qué dolor de cabeza, puta madre.",0
Ese usuario se comporta como una rata y deberían banearlo ya.,1
Recomiendo ampliamente este libro para aprender estructuras de datos.,0
¿Alguien sabe a qué hora abre la biblioteca central de la facultad?,0
"Esa mujer debería desaparecer, arruina la comunidad y nadie lo quiere aquí.",1
Esa mujer es una completa miserable y da asco que exista.,1
EL MODERADOR ES UNA COMPLETA MISERABLE Y LÁRGATE DE ESTA PLATAFORMA.,1
Ese hater no es más que una lacra y eres un peligro social.,1
El creador del video es una completa idiota y eres un peligro social.,1
"EL CANDIDATO DEBERÍA DESAPARECER, ARRUINA LA COMUNIDAD Y NADIE LO QUIERE AQUÍ.",1
Muchas gracias por compartir el enlace con la documentación de la API.,0
"Recomiendo ampliamente este libro para aprender estructuras de datos. Qué dolor de cabeza, puta madre.",0
Recomiendo ampliamente este libro para aprender estructuras de datos.,0
El creador del video no es más que una idiota y da asco que exista.,1
¿Alguien sabe a qué hora abre la biblioteca central de la facultad?,0
El creador del video demuestra ser una incompetente y ojalá te pase algo malo.,1
La diputada resultó ser una rata y eres un peligro social.,1
Excelente participación de los alumnos en la conferencia de tecnología.,0
"Muchas gracias por compartir el enlace con la documentación de la API. Qué dolor de cabeza, puta madre.",0
ESA MUJER SE COMPORTA COMO UNA MIERDA Y DEBERÍAN BANEARLO YA.,1
"El examen de la facultad estuvo de la chingada, pero alcancé a pasar.",0
ESA MUJER RESULTÓ SER UNA MIERDA Y OJALÁ TE PASE ALGO MALO.,1
Muchas gracias por compartir el enlace con la documentación de la API.,0
El proyecto final de ingeniería quedó agendada para el próximo lunes.,0
La diputada es una completa incompetente y eres un peligro social.,1
"El examen de la facultad estuvo de la chingada, pero alcancé a pasar. Qué dolor de cabeza, puta madre.",0
EL ÁRBITRO RESULTÓ SER UNA ESCORIA Y DEBERÍAN BANEARLO YA.,1
Esa mujer es una completa plaga y ojalá te pase algo malo.,1
Ese hater se comporta como una incompetente y eres un peligro social.,1
La diputada no es más que una pendejo y deberían banearlo ya.,1
Ese usuario no es más que una rata y da asco que exista.,1
"Qué pendejo estoy, olvidé el archivo en la otra computadora. Qué dolor de cabeza, puta madre.",0
Este tipo demuestra ser una imbécil y deberían banearlo ya.,1
EL STREAMER NO ES MÁS QUE UNA CABRÓN Y DEBERÍAN BANEARLO YA.,1
"Muchas gracias por compartir el enlace con la documentación de la API. Qué dolor de cabeza, puta madre.",0
Ese hater se comporta como una rata y ojalá te pase algo malo.,1
"Qué pendejada acabo de hacer con el café, lo derramé sobre el teclado.",0
"No mames, está cabrón el tráfico de hoy en la avenida principal.",0
El candidato es una completa imbécil y deberían banearlo ya.,1
ESE USUARIO RESULTÓ SER UNA IGNORANTE Y OJALÁ TE PASE ALGO MALO.,1
Ese hater no es más que una escoria y hay que lincharlo entre todos.,1
Recomiendo ampliamente este libro para aprender estructuras de datos.,0
Muchas gracias por compartir el enlace con la documentación de la API.,0
El creador del video demuestra ser una mierda y hay que lincharlo entre todos.,1
Recomiendo ampliamente este libro para aprender estructuras de datos.,0
El moderador es una completa mierda y deberían banearlo ya.,1
ESE USUARIO RESULTÓ SER UNA PENDEJO Y DEBERÍAN BANEARLO YA.,1
Ese usuario resultó ser una lacra y deberían banearlo ya.,1
"Qué pendejada acabo de hacer con el café, lo derramé sobre el teclado. Qué dolor de cabeza, puta madre.",0
"Esa mujer debería desaparecer, arruina la comunidad y nadie lo quiere aquí.",1
"ESTE TIPO DEBERÍA DESAPARECER, ARRUINA LA COMUNIDAD Y NADIE LO QUIERE AQUÍ.",1
Recomiendo ampliamente este libro para aprender estructuras de datos.,0
Está cabrón terminar este proyecto final para el lunes.,0
Está cabrón terminar este proyecto final para el lunes.,0
El streamer resultó ser una inepto y lárgate de esta plataforma.,1
"El examen de la facultad estuvo de la chingada, pero alcancé a pasar. Qué dolor de cabeza, puta madre.",0
Está cabrón terminar este proyecto final para el lunes.,0
"¿Alguien sabe a qué hora abre la biblioteca central de la facultad? Qué dolor de cabeza, puta madre.",0
Ese hater demuestra ser una ignorante y hay que lincharlo entre todos.,1
La diputada es una completa lacra y hay que lincharlo entre todos.,1
Esa mujer es una completa rata y hay que lincharlo entre todos.,1
El moderador es una completa lacra y lárgate de esta plataforma.,1
LA DIPUTADA DEMUESTRA SER UNA MIERDA Y DA ASCO QUE EXISTA.,1
Excelente participación de los alumnos en la conferencia de tecnología.,0
"Ese usuario debería desaparecer, arruina la comunidad y nadie lo quiere aquí.",1
"¿Alguien sabe a qué hora abre la biblioteca central de la facultad? Qué dolor de cabeza, puta madre.",0
ESTE TIPO NO ES MÁS QUE UNA PLAGA Y DEBERÍAN BANEARLO YA.,1
Está cabrón terminar este proyecto final para el lunes.,0
"No mames, está cabrón el tráfico de hoy en la avenida principal.",0
"Qué pendejada acabo de hacer con el café, lo derramé sobre el teclado.",0
EL CANDIDATO NO ES MÁS QUE UNA ESCORIA Y DA ASCO QUE EXISTA.,1
Este tipo demuestra ser una ignorante y deberían banearlo ya.,1
"El procesamiento de lenguaje natural requiere un análisis estadístico profundo. Qué dolor de cabeza, puta madre.",0
El candidato demuestra ser una escoria y da asco que exista.,1
La diputada resultó ser una pendejo y lárgate de esta plataforma.,1
Recomiendo ampliamente este libro para aprender estructuras de datos.,0
"Muchas gracias por compartir el enlace con la documentación de la API. Qué dolor de cabeza, puta madre.",0
El streamer no es más que una pendejo y eres un peligro social.,1
El creador del video resultó ser una pendeja y da asco que exista.,1
El creador del video resultó ser una incompetente y deberían banearlo ya.,1
Este tipo se comporta como una cabrón y hay que lincharlo entre todos.,1
Este tipo es una completa plaga y da asco que exista.,1
"Ya valió madre, se cayó el sistema de la escuela otra vez.",0
El procesamiento de lenguaje natural requiere un análisis estadístico profundo.,0
"El moderador debería desaparecer, arruina la comunidad y nadie lo quiere aquí.",1
"¿Alguien sabe a qué hora abre la biblioteca central de la facultad? Qué dolor de cabeza, puta madre.",0
Está cabrón terminar este proyecto final para el lunes.,0
"Qué pendejo estoy, olvidé el archivo en la otra computadora. Qué dolor de cabeza, puta madre.",0
EL CANDIDATO ES UNA COMPLETA PENDEJO Y HAY QUE LINCHARLO ENTRE TODOS.,1
"Qué pendejada acabo de hacer con el café, lo derramé sobre el teclado.",0
"Ese usuario debería desaparecer, arruina la comunidad y nadie lo quiere aquí.",1
El streamer no es más que una miserable y hay que lincharlo entre todos.,1
El proyecto final de ingeniería quedó agendada para el próximo lunes.,0
El creador del video es una completa mierda y eres un peligro social.,1
Esa mujer se comporta como una ignorante y deberían banearlo ya.,1
"Muchas gracias por compartir el enlace con la documentación de la API. Qué dolor de cabeza, puta madre.",0
"Qué pendejada acabo de hacer con el café, lo derramé sobre el teclado.",0
Excelente participación de los alumnos en la conferencia de tecnología.,0
Está cabrón terminar este proyecto final para el lunes.,0
El moderador no es más que una basura y eres un peligro social.,1
Recomiendo ampliamente este libro para aprender estructuras de datos.,0
El árbitro demuestra ser una inepto y da asco que exista.,1
Esa mujer resultó ser una escoria y deberían banearlo ya.,1
Está cabrón terminar este proyecto final para el lunes.,0
El árbitro resultó ser una imbécil y lárgate de esta plataforma.,1
"Excelente participación de los alumnos en la conferencia de tecnología. Qué dolor de cabeza, puta madre.",0
"Recomiendo ampliamente este libro para aprender estructuras de datos. Qué dolor de cabeza, puta madre.",0
Muchas gracias por compartir el enlace con la documentación de la API.,0
"Ese usuario debería desaparecer, arruina la comunidad y nadie lo quiere aquí.",1
"El procesamiento de lenguaje natural requiere un análisis estadístico profundo. Qué dolor de cabeza, puta madre.",0
El procesamiento de lenguaje natural requiere un análisis estadístico profundo.,0
"Qué pendejada acabo de hacer con el café, lo derramé sobre el teclado.",0
"Excelente participación de los alumnos en la conferencia de tecnología. Qué dolor de cabeza, puta madre.",0
La diputada se comporta como una plaga y lárgate de esta plataforma.,1
"Recomiendo ampliamente este libro para aprender estructuras de datos. Qué dolor de cabeza, puta madre.",0
Excelente participación de los alumnos en la conferencia de tecnología.,0
El proyecto final de ingeniería quedó agendada para el próximo lunes.,0
El proyecto final de ingeniería quedó agendada para el próximo lunes.,0
"Ya valió madre, se cayó el sistema de la escuela otra vez.",0
La diputada demuestra ser una mierda y hay que lincharlo entre todos.,1
La diputada demuestra ser una miserable y lárgate de esta plataforma.,1
"Muchas gracias por compartir el enlace con la documentación de la API. Qué dolor de cabeza, puta madre.",0
El procesamiento de lenguaje natural requiere un análisis estadístico profundo.,0
El árbitro demuestra ser una inepto y eres un peligro social.,1
Esa mujer demuestra ser una plaga y eres un peligro social.,1
"No mames, está cabrón el tráfico de hoy en la avenida principal. Qué dolor de cabeza, puta madre.",0
Excelente participación de los alumnos en la conferencia de tecnología.,0
Este tipo demuestra ser una imbécil y lárgate de esta plataforma.,1
"Está cabrón terminar este proyecto final para el lunes. Qué dolor de cabeza, puta madre.",0
El candidato demuestra ser una imbécil y lárgate de esta plataforma.,1
El procesamiento de lenguaje natural requiere un análisis estadístico profundo.,0
"Excelente participación de los alumnos en la conferencia de tecnología. Qué dolor de cabeza, puta madre.",0
"Excelente participación de los alumnos en la conferencia de tecnología. Qué dolor de cabeza, puta madre.",0
EL MODERADOR RESULTÓ SER UNA BASURA Y HAY QUE LINCHARLO ENTRE TODOS.,1
El árbitro resultó ser una incompetente y eres un peligro social.,1
Está cabrón terminar este proyecto final para el lunes.,0
Ese usuario es una completa basura y lárgate de esta plataforma.,1
"El examen de la facultad estuvo de la chingada, pero alcancé a pasar.",0
El candidato no es más que una lacra y da asco que exista.,1
Esa mujer se comporta como una parásito y deberían banearlo ya.,1
"Está cabrón terminar este proyecto final para el lunes. Qué dolor de cabeza, puta madre.",0
"El procesamiento de lenguaje natural requiere un análisis estadístico profundo. Qué dolor de cabeza, puta madre.",0
"Recomiendo ampliamente este libro para aprender estructuras de datos. Qué dolor de cabeza, puta madre.",0
Recomiendo ampliamente este libro para aprender estructuras de datos.,0
"Ya valió madre, se cayó el sistema de la escuela otra vez.",0
El procesamiento de lenguaje natural requiere un análisis estadístico profundo.,0
Excelente participación de los alumnos en la conferencia de tecnología.,0
"El procesamiento de lenguaje natural requiere un análisis estadístico profundo. Qué dolor de cabeza, puta madre.",0
"Qué pendejo estoy, olvidé el archivo en la otra computadora.",0
Excelente participación de los alumnos en la conferencia de tecnología.,0
Este tipo resultó ser una miserable y ojalá te pase algo malo.,1
El moderador se comporta como una miserable y eres un peligro social.,1
"Qué pendejo estoy, olvidé el archivo en la otra computadora. Qué dolor de cabeza, puta madre.",0
"El proyecto final de ingeniería quedó agendada para el próximo lunes. Qué dolor de cabeza, puta madre.",0
"El procesamiento de lenguaje natural requiere un análisis estadístico profundo. Qué dolor de cabeza, puta madre.",0
"Qué pendejada acabo de hacer con el café, lo derramé sobre el teclado.",0
El moderador no es más que una pendejo y deberían banearlo ya.,1
"Muchas gracias por compartir el enlace con la documentación de la API. Qué dolor de cabeza, puta madre.",0
¿Alguien sabe a qué hora abre la biblioteca central de la facultad?,0
Ese usuario resultó ser una pendeja y eres un peligro social.,1
"Qué pendejo estoy, olvidé el archivo en la otra computadora. Qué dolor de cabeza, puta madre.",0
Este tipo es una completa plaga y ojalá te pase algo malo.,1
El moderador demuestra ser una rata y hay que lincharlo entre todos.,1
"Qué pendejada acabo de hacer con el café, lo derramé sobre el teclado. Qué dolor de cabeza, puta madre.",0
La diputada no es más que una pendejo y deberían banearlo ya.,1
El candidato es una completa ignorante y deberían banearlo ya.,1
"Ya valió madre, se cayó el sistema de la escuela otra vez.",0
EL CREADOR DEL VIDEO NO ES MÁS QUE UNA INCOMPETENTE Y ERES UN PELIGRO SOCIAL.,1
El proyecto final de ingeniería quedó agendada para el próximo lunes.,0
El árbitro resultó ser una mierda y ojalá te pase algo malo.,1
"Qué pendejada acabo de hacer con el café, lo derramé sobre el teclado. Qué dolor de cabeza, puta madre.",0
La diputada demuestra ser una imbécil y da asco que exista.,1
Ese hater no es más que una pendejo y hay que lincharlo entre todos.,1
El streamer es una completa rata y hay que lincharlo entre todos.,1
Muchas gracias por compartir el enlace con la documentación de la API.,0
Ese usuario no es más que una ignorante y deberían banearlo ya.,1
Ese usuario resultó ser una rata y hay que lincharlo entre todos.,1
El proyecto final de ingeniería quedó agendada para el próximo lunes.,0
"Está cabrón terminar este proyecto final para el lunes. Qué dolor de cabeza, puta madre.",0
Este tipo resultó ser una escoria y da asco que exista.,1
¿Alguien sabe a qué hora abre la biblioteca central de la facultad?,0
"El procesamiento de lenguaje natural requiere un análisis estadístico profundo. Qué dolor de cabeza, puta madre.",0
"Qué pendejada acabo de hacer con el café, lo derramé sobre el teclado.",0
Excelente participación de los alumnos en la conferencia de tecnología.,0
El creador del video se comporta como una basura y hay que lincharlo entre todos.,1
"Ya valió madre, se cayó el sistema de la escuela otra vez.",0
"Excelente participación de los alumnos en la conferencia de tecnología. Qué dolor de cabeza, puta madre.",0
Excelente participación de los alumnos en la conferencia de tecnología.,0
"Qué pendejo estoy, olvidé el archivo en la otra computadora.",0
La diputada resultó ser una mierda y hay que lincharlo entre todos.,1
Ese hater resultó ser una plaga y hay que lincharlo entre todos.,1
"Qué pendejada acabo de hacer con el café, lo derramé sobre el teclado. Qué dolor de cabeza, puta madre.",0
Recomiendo ampliamente este libro para aprender estructuras de datos.,0
Esa mujer demuestra ser una plaga y ojalá te pase algo malo.,1
¿Alguien sabe a qué hora abre la biblioteca central de la facultad?,0
ESA MUJER DEMUESTRA SER UNA MISERABLE Y HAY QUE LINCHARLO ENTRE TODOS.,1
"Ya valió madre, se cayó el sistema de la escuela otra vez. Qué dolor de cabeza, puta madre.",0
"El examen de la facultad estuvo de la chingada, pero alcancé a pasar. Qué dolor de cabeza, puta madre.",0
El creador del video demuestra ser una mierda y deberían banearlo ya.,1
El árbitro resultó ser una pendeja y da asco que exista.,1
Esa mujer resultó ser una basura y eres un peligro social.,1
"Qué pendejo estoy, olvidé el archivo en la otra computadora.",0
Ese hater resultó ser una basura y da asco que exista.,1
"No mames, está cabrón el tráfico de hoy en la avenida principal. Qué dolor de cabeza, puta madre.",0
El moderador no es más que una ignorante y eres un peligro social.,1
El proyecto final de ingeniería quedó agendada para el próximo lunes.,0
"El examen de la facultad estuvo de la chingada, pero alcancé a pasar.",0
Este tipo se comporta como una plaga y hay que lincharlo entre todos.,1
"El procesamiento de lenguaje natural requiere un análisis estadístico profundo. Qué dolor de cabeza, puta madre.",0
El árbitro es una completa idiota y lárgate de esta plataforma.,1
EL ÁRBITRO NO ES MÁS QUE UNA IDIOTA Y DEBERÍAN BANEARLO YA.,1
El streamer no es más que una ignorante y lárgate de esta plataforma.,1
Está cabrón terminar este proyecto final para el lunes.,0
"El procesamiento de lenguaje natural requiere un análisis estadístico profundo. Qué dolor de cabeza, puta madre.",0
Ese hater resultó ser una parásito y deberían banearlo ya.,1
Este tipo no es más que una mierda y eres un peligro social.,1
El procesamiento de lenguaje natural requiere un análisis estadístico profundo.,0
El moderador resultó ser una imbécil y hay que lincharlo entre todos.,1
"El proyecto final de ingeniería quedó agendada para el próximo lunes. Qué dolor de cabeza, puta madre.",0
ESE USUARIO NO ES MÁS QUE UNA PENDEJA Y HAY QUE LINCHARLO ENTRE TODOS.,1
Este tipo demuestra ser una escoria y hay que lincharlo entre todos.,1
EL CREADOR DEL VIDEO SE COMPORTA COMO UNA IMBÉCIL Y ERES UN PELIGRO SOCIAL.,1
"El examen de la facultad estuvo de la chingada, pero alcancé a pasar.",0
"El proyecto final de ingeniería quedó agendada para el próximo lunes. Qué dolor de cabeza, puta madre.",0
Ese usuario demuestra ser una imbécil y hay que lincharlo entre todos.,1
El creador del video es una completa incompetente y deberían banearlo ya.,1
La diputada demuestra ser una escoria y da asco que exista.,1
La diputada se comporta como una pendeja y eres un peligro social.,1
"Qué pendejo estoy, olvidé el archivo en la otra computadora.",0
ESE USUARIO NO ES MÁS QUE UNA PARÁSITO Y DA ASCO QUE EXISTA.,1
"ESE HATER DEBERÍA DESAPARECER, ARRUINA LA COMUNIDAD Y NADIE LO QUIERE AQUÍ.",1
Ese usuario demuestra ser una pendeja y hay que lincharlo entre todos.,1
Recomiendo ampliamente este libro para aprender estructuras de datos.,0
La diputada se comporta como una plaga y eres un peligro social.,1
Esa mujer no es más que una rata y eres un peligro social.,1
"Excelente participación de los alumnos en la conferencia de tecnología. Qué dolor de cabeza, puta madre.",0
Ese usuario se comporta como una idiota y hay que lincharlo entre todos.,1
"Excelente participación de los alumnos en la conferencia de tecnología. Qué dolor de cabeza, puta madre.",0
La diputada no es más que una lacra y eres un peligro social.,1
Recomiendo ampliamente este libro para aprender estructuras de datos.,0
EL ÁRBITRO NO ES MÁS QUE UNA PENDEJA Y DEBERÍAN BANEARLO YA.,1
¿Alguien sabe a qué hora abre la biblioteca central de la facultad?,0
El streamer no es más que una plaga y lárgate de esta plataforma.,1
Ese hater es una completa miserable y hay que lincharlo entre todos.,1
El creador del video es una completa pendeja y lárgate de esta plataforma.,1
"Muchas gracias por compartir el enlace con la documentación de la API. Qué dolor de cabeza, puta madre.",0
Está cabrón terminar este proyecto final para el lunes.,0
"El examen de la facultad estuvo de la chingada, pero alcancé a pasar. Qué dolor de cabeza, puta madre.",0
Muchas gracias por compartir el enlace con la documentación de la API.,0
"El examen de la facultad estuvo de la chingada, pero alcancé a pasar.",0
"Está cabrón terminar este proyecto final para el lunes. Qué dolor de cabeza, puta madre.",0
"Qué pendejo estoy, olvidé el archivo en la otra computadora. Qué dolor de cabeza, puta madre.",0
Ese usuario demuestra ser una basura y da asco que exista.,1
El proyecto final de ingeniería quedó agendada para el próximo lunes.,0
Este tipo demuestra ser una miserable y lárgate de esta plataforma.,1
"El examen de la facultad estuvo de la chingada, pero alcancé a pasar.",0
"Qué pendejo estoy, olvidé el archivo en la otra computadora. Qué dolor de cabeza, puta madre.",0
El moderador no es más que una mierda y deberían banearlo ya.,1
El creador del video se comporta como una mierda y da asco que exista.,1
Este tipo demuestra ser una plaga y ojalá te pase algo malo.,1
El candidato no es más que una ignorante y hay que lincharlo entre todos.,1
El candidato demuestra ser una inepto y eres un peligro social.,1
"Qué pendejo estoy, olvidé el archivo en la otra computadora. Qué dolor de cabeza, puta madre.",0
Ese usuario es una completa parásito y eres un peligro social.,1
Esa mujer resultó ser una plaga y eres un peligro social.,1
"Ya valió madre, se cayó el sistema de la escuela otra vez.",0
"El examen de la facultad estuvo de la chingada, pero alcancé a pasar. Qué dolor de cabeza, puta madre.",0
Ese hater es una completa ignorante y da asco que exista.,1
ESA MUJER RESULTÓ SER UNA CABRÓN Y DA ASCO QUE EXISTA.,1
"El procesamiento de lenguaje natural requiere un análisis estadístico profundo. Qué dolor de cabeza, puta madre.",0
El candidato resultó ser una plaga y lárgate de esta plataforma.,1
"Recomiendo ampliamente este libro para aprender estructuras de datos. Qué dolor de cabeza, puta madre.",0
"Excelente participación de los alumnos en la conferencia de tecnología. Qué dolor de cabeza, puta madre.",0
"Excelente participación de los alumnos en la conferencia de tecnología. Qué dolor de cabeza, puta madre.",0
"Qué pendejada acabo de hacer con el café, lo derramé sobre el teclado.",0
"Qué pendejada acabo de hacer con el café, lo derramé sobre el teclado. Qué dolor de cabeza, puta madre.",0
Esa mujer no es más que una ignorante y hay que lincharlo entre todos.,1
El moderador demuestra ser una imbécil y da asco que exista.,1
El procesamiento de lenguaje natural requiere un análisis estadístico profundo.,0
El candidato demuestra ser una parásito y eres un peligro social.,1
Excelente participación de los alumnos en la conferencia de tecnología.,0
La diputada no es más que una plaga y da asco que exista.,1
"Qué pendejo estoy, olvidé el archivo en la otra computadora.",0
"El examen de la facultad estuvo de la chingada, pero alcancé a pasar.",0
"Ya valió madre, se cayó el sistema de la escuela otra vez.",0
"El candidato debería desaparecer, arruina la comunidad y nadie lo quiere aquí.",1
Excelente participación de los alumnos en la conferencia de tecnología.,0
El candidato se comporta como una parásito y eres un peligro social.,1
Está cabrón terminar este proyecto final para el lunes.,0
"No mames, está cabrón el tráfico de hoy en la avenida principal.",0
"No mames, está cabrón el tráfico de hoy en la avenida principal. Qué dolor de cabeza, puta madre.",0
El creador del video demuestra ser una cabrón y eres un peligro social.,1
La diputada demuestra ser una rata y hay que lincharlo entre todos.,1
El proyecto final de ingeniería quedó agendada para el próximo lunes.,0
Esa mujer demuestra ser una lacra y ojalá te pase algo malo.,1
"Ya valió madre, se cayó el sistema de la escuela otra vez. Qué dolor de cabeza, puta madre.",0
El candidato es una completa escoria y deberían banearlo ya.,1
Ese usuario resultó ser una plaga y eres un peligro social.,1
El árbitro se comporta como una incompetente y da asco que exista.,1
El moderador demuestra ser una cabrón y hay que lincharlo entre todos.,1
El proyecto final de ingeniería quedó agendada para el próximo lunes.,0
EL ÁRBITRO ES UNA COMPLETA PENDEJA Y DA ASCO QUE EXISTA.,1
Este tipo resultó ser una imbécil y eres un peligro social.,1
"EL CANDIDATO DEBERÍA DESAPARECER, ARRUINA LA COMUNIDAD Y NADIE LO QUIERE AQUÍ.",1
"Qué pendejada acabo de hacer con el café, lo derramé sobre el teclado.",0
Este tipo es una completa idiota y deberían banearlo ya.,1
La diputada demuestra ser una parásito y deberían banearlo ya.,1
El árbitro se comporta como una lacra y deberían banearlo ya.,1
¿Alguien sabe a qué hora abre la biblioteca central de la facultad?,0
El creador del video se comporta como una idiota y ojalá te pase algo malo.,1
"El proyecto final de ingeniería quedó agendada para el próximo lunes. Qué dolor de cabeza, puta madre.",0
"Qué pendejo estoy, olvidé el archivo en la otra computadora. Qué dolor de cabeza, puta madre.",0
"Ese hater debería desaparecer, arruina la comunidad y nadie lo quiere aquí.",1
"El examen de la facultad estuvo de la chingada, pero alcancé a pasar.",0
"Ya valió madre, se cayó el sistema de la escuela otra vez. Qué dolor de cabeza, puta madre.",0
Este tipo se comporta como una plaga y da asco que exista.,1
El moderador se comporta como una mierda y ojalá te pase algo malo.,1
"El examen de la facultad estuvo de la chingada, pero alcancé a pasar.",0
Está cabrón terminar este proyecto final para el lunes.,0
ESE HATER RESULTÓ SER UNA PENDEJO Y DEBERÍAN BANEARLO YA.,1
EL STREAMER DEMUESTRA SER UNA INCOMPETENTE Y DEBERÍAN BANEARLO YA.,1
"Qué pendejada acabo de hacer con el café, lo derramé sobre el teclado.",0
Ese hater demuestra ser una miserable y ojalá te pase algo malo.,1
"Ese hater debería desaparecer, arruina la comunidad y nadie lo quiere aquí.",1
"Qué pendejo estoy, olvidé el archivo en la otra computadora. Qué dolor de cabeza, puta madre.",0
ESE USUARIO DEMUESTRA SER UNA IMBÉCIL Y HAY QUE LINCHARLO ENTRE TODOS.,1
"Qué pendejo estoy, olvidé el archivo en la otra computadora.",0
La diputada se comporta como una rata y da asco que exista.,1
"Está cabrón terminar este proyecto final para el lunes. Qué dolor de cabeza, puta madre.",0
El proyecto final de ingeniería quedó agendada para el próximo lunes.,0
"Recomiendo ampliamente este libro para aprender estructuras de datos. Qué dolor de cabeza, puta madre.",0
Está cabrón terminar este proyecto final para el lunes.,0
El streamer es una completa escoria y ojalá te pase algo malo.,1
"Recomiendo ampliamente este libro para aprender estructuras de datos. Qué dolor de cabeza, puta madre.",0
La diputada demuestra ser una lacra y lárgate de esta plataforma.,1
"Qué pendejo estoy, olvidé el archivo en la otra computadora.",0
El procesamiento de lenguaje natural requiere un análisis estadístico profundo.,0
"El examen de la facultad estuvo de la chingada, pero alcancé a pasar. Qué dolor de cabeza, puta madre.",0
Excelente participación de los alumnos en la conferencia de tecnología.,0
La diputada demuestra ser una miserable y hay que lincharlo entre todos.,1
El streamer demuestra ser una idiota y hay que lincharlo entre todos.,1
EL CREADOR DEL VIDEO ES UNA COMPLETA BASURA Y DA ASCO QUE EXISTA.,1
El moderador no es más que una idiota y lárgate de esta plataforma.,1
Ese usuario demuestra ser una incompetente y ojalá te pase algo malo.,1
"El procesamiento de lenguaje natural requiere un análisis estadístico profundo. Qué dolor de cabeza, puta madre.",0
El árbitro no es más que una idiota y deberían banearlo ya.,1
El creador del video resultó ser una parásito y ojalá te pase algo malo.,1
Esa mujer es una completa cabrón y deberían banearlo ya.,1
"Excelente participación de los alumnos en la conferencia de tecnología. Qué dolor de cabeza, puta madre.",0
La diputada es una completa rata y da asco que exista.,1
"No mames, está cabrón el tráfico de hoy en la avenida principal. Qué dolor de cabeza, puta madre.",0
El creador del video no es más que una miserable y ojalá te pase algo malo.,1
"Qué pendejo estoy, olvidé el archivo en la otra computadora.",0
Este tipo no es más que una pendeja y eres un peligro social.,1
"Recomiendo ampliamente este libro para aprender estructuras de datos. Qué dolor de cabeza, puta madre.",0
"ESTE TIPO DEBERÍA DESAPARECER, ARRUINA LA COMUNIDAD Y NADIE LO QUIERE AQUÍ.",1
Este tipo no es más que una mierda y da asco que exista.,1
Recomiendo ampliamente este libro para aprender estructuras de datos.,0
"No mames, está cabrón el tráfico de hoy en la avenida principal. Qué dolor de cabeza, puta madre.",0
El proyecto final de ingeniería quedó agendada para el próximo lunes.,0
"La diputada debería desaparecer, arruina la comunidad y nadie lo quiere aquí.",1
"El examen de la facultad estuvo de la chingada, pero alcancé a pasar.",0
Esa mujer resultó ser una idiota y deberían banearlo ya.,1
El creador del video resultó ser una rata y lárgate de esta plataforma.,1
EL STREAMER DEMUESTRA SER UNA IMBÉCIL Y DA ASCO QUE EXISTA.,1
El candidato no es más que una miserable y hay que lincharlo entre todos.,1
EL MODERADOR ES UNA COMPLETA PENDEJO Y DEBERÍAN BANEARLO YA.,1
"Qué pendejada acabo de hacer con el café, lo derramé sobre el teclado.",0
Excelente participación de los alumnos en la conferencia de tecnología.,0
El árbitro es una completa inepto y deberían banearlo ya.,1
ESA MUJER SE COMPORTA COMO UNA RATA Y DA ASCO QUE EXISTA.,1
Este tipo demuestra ser una incompetente y ojalá te pase algo malo.,1
La diputada no es más que una ignorante y eres un peligro social.,1
EL ÁRBITRO NO ES MÁS QUE UNA IDIOTA Y DEBERÍAN BANEARLO YA.,1
"El examen de la facultad estuvo de la chingada, pero alcancé a pasar.",0
"El examen de la facultad estuvo de la chingada, pero alcancé a pasar. Qué dolor de cabeza, puta madre.",0
"Qué pendejo estoy, olvidé el archivo en la otra computadora. Qué dolor de cabeza, puta madre.",0
"El examen de la facultad estuvo de la chingada, pero alcancé a pasar. Qué dolor de cabeza, puta madre.",0
Ese hater se comporta como una plaga y deberían banearlo ya.,1
La diputada demuestra ser una plaga y hay que lincharlo entre todos.,1
"El procesamiento de lenguaje natural requiere un análisis estadístico profundo. Qué dolor de cabeza, puta madre.",0
"El creador del video debería desaparecer, arruina la comunidad y nadie lo quiere aquí.",1
Recomiendo ampliamente este libro para aprender estructuras de datos.,0
EL STREAMER SE COMPORTA COMO UNA INEPTO Y ERES UN PELIGRO SOCIAL.,1
"El streamer debería desaparecer, arruina la comunidad y nadie lo quiere aquí.",1
El candidato se comporta como una basura y ojalá te pase algo malo.,1
"Está cabrón terminar este proyecto final para el lunes. Qué dolor de cabeza, puta madre.",0
El streamer no es más que una escoria y da asco que exista.,1
El moderador se comporta como una inepto y da asco que exista.,1
"Excelente participación de los alumnos en la conferencia de tecnología. Qué dolor de cabeza, puta madre.",0
Esa mujer demuestra ser una inepto y lárgate de esta plataforma.,1
Ese hater demuestra ser una pendeja y hay que lincharlo entre todos.,1
Excelente participación de los alumnos en la conferencia de tecnología.,0
Está cabrón terminar este proyecto final para el lunes.,0
El streamer demuestra ser una pendeja y deberían banearlo ya.,1
Ese usuario es una completa pendeja y deberían banearlo ya.,1
Ese hater se comporta como una mierda y eres un peligro social.,1
EL ÁRBITRO RESULTÓ SER UNA BASURA Y OJALÁ TE PASE ALGO MALO.,1
Está cabrón terminar este proyecto final para el lunes.,0
"El proyecto final de ingeniería quedó agendada para el próximo lunes. Qué dolor de cabeza, puta madre.",0
Este tipo no es más que una plaga y lárgate de esta plataforma.,1
"Qué pendejada acabo de hacer con el café, lo derramé sobre el teclado.",0
"Muchas gracias por compartir el enlace con la documentación de la API. Qué dolor de cabeza, puta madre.",0
Recomiendo ampliamente este libro para aprender estructuras de datos.,0
El candidato demuestra ser una inepto y deberían banearlo ya.,1
La diputada se comporta como una incompetente y lárgate de esta plataforma.,1
El árbitro resultó ser una pendeja y lárgate de esta plataforma.,1
ESE USUARIO ES UNA COMPLETA CABRÓN Y DEBERÍAN BANEARLO YA.,1
Esa mujer demuestra ser una incompetente y eres un peligro social.,1
EL MODERADOR ES UNA COMPLETA IDIOTA Y DA ASCO QUE EXISTA.,1
El proyecto final de ingeniería quedó agendada para el próximo lunes.,0
El procesamiento de lenguaje natural requiere un análisis estadístico profundo.,0
ESA MUJER NO ES MÁS QUE UNA IDIOTA Y LÁRGATE DE ESTA PLATAFORMA.,1
El candidato resultó ser una ignorante y da asco que exista.,1
Este tipo no es más que una pendejo y lárgate de esta plataforma.,1
"Está cabrón terminar este proyecto final para el lunes. Qué dolor de cabeza, puta madre.",0
El árbitro resultó ser una incompetente y deberían banearlo ya.,1
"Qué pendejo estoy, olvidé el archivo en la otra computadora.",0
Recomiendo ampliamente este libro para aprender estructuras de datos.,0
Esa mujer se comporta como una rata y ojalá te pase algo malo.,1
¿Alguien sabe a qué hora abre la biblioteca central de la facultad?,0
"Muchas gracias por compartir el enlace con la documentación de la API. Qué dolor de cabeza, puta madre.",0
Está cabrón terminar este proyecto final para el lunes.,0
Está cabrón terminar este proyecto final para el lunes.,0
El creador del video no es más que una cabrón y hay que lincharlo entre todos.,1
El streamer no es más que una incompetente y hay que lincharlo entre todos.,1
¿Alguien sabe a qué hora abre la biblioteca central de la facultad?,0
"Este tipo debería desaparecer, arruina la comunidad y nadie lo quiere aquí.",1
"Qué pendejada acabo de hacer con el café, lo derramé sobre el teclado.",0
"Qué pendejada acabo de hacer con el café, lo derramé sobre el teclado.",0
El creador del video es una completa pendeja y lárgate de esta plataforma.,1
El creador del video no es más que una idiota y eres un peligro social.,1
"Ya valió madre, se cayó el sistema de la escuela otra vez.",0
Este tipo se comporta como una pendeja y ojalá te pase algo malo.,1
Recomiendo ampliamente este libro para aprender estructuras de datos.,0
"El examen de la facultad estuvo de la chingada, pero alcancé a pasar.",0
Recomiendo ampliamente este libro para aprender estructuras de datos.,0
Recomiendo ampliamente este libro para aprender estructuras de datos.,0
La diputada no es más que una imbécil y ojalá te pase algo malo.,1
ESE USUARIO RESULTÓ SER UNA MISERABLE Y ERES UN PELIGRO SOCIAL.,1
El streamer se comporta como una pendeja y eres un peligro social.,1
El árbitro es una completa mierda y da asco que exista.,1
"No mames, está cabrón el tráfico de hoy en la avenida principal.",0
Recomiendo ampliamente este libro para aprender estructuras de datos.,0
El proyecto final de ingeniería quedó agendada para el próximo lunes.,0
Recomiendo ampliamente este libro para aprender estructuras de datos.,0
"Ya valió madre, se cayó el sistema de la escuela otra vez. Qué dolor de cabeza, puta madre.",0
El streamer no es más que una idiota y lárgate de esta plataforma.,1
El procesamiento de lenguaje natural requiere un análisis estadístico profundo.,0
"No mames, está cabrón el tráfico de hoy en la avenida principal.",0
"Ya valió madre, se cayó el sistema de la escuela otra vez.",0
La diputada resultó ser una rata y eres un peligro social.,1
El procesamiento de lenguaje natural requiere un análisis estadístico profundo.,0
¿Alguien sabe a qué hora abre la biblioteca central de la facultad?,0
El candidato se comporta como una rata y lárgate de esta plataforma.,1
El moderador resultó ser una rata y hay que lincharlo entre todos.,1
"Qué pendejada acabo de hacer con el café, lo derramé sobre el teclado.",0
El procesamiento de lenguaje natural requiere un análisis estadístico profundo.,0
El moderador se comporta como una ignorante y deberían banearlo ya.,1
"El creador del video debería desaparecer, arruina la comunidad y nadie lo quiere aquí.",1
EL CREADOR DEL VIDEO RESULTÓ SER UNA PENDEJA Y LÁRGATE DE ESTA PLATAFORMA.,1
ESA MUJER SE COMPORTA COMO UNA PENDEJA Y DA ASCO QUE EXISTA.,1
Este tipo no es más que una basura y deberían banearlo ya.,1
El moderador resultó ser una idiota y deberían banearlo ya.,1
Esa mujer no es más que una miserable y deberían banearlo ya.,1
El streamer demuestra ser una pendeja y da asco que exista.,1
El streamer no es más que una rata y eres un peligro social.,1
El creador del video es una completa mierda y hay que lincharlo entre todos.,1
¿Alguien sabe a qué hora abre la biblioteca central de la facultad?,0
Ese hater demuestra ser una lacra y deberían banearlo ya.,1
"El creador del video debería desaparecer, arruina la comunidad y nadie lo quiere aquí.",1
El proyecto final de ingeniería quedó agendada para el próximo lunes.,0
El árbitro demuestra ser una pendejo y lárgate de esta plataforma.,1
"Está cabrón terminar este proyecto final para el lunes. Qué dolor de cabeza, puta madre.",0
"Ese hater debería desaparecer, arruina la comunidad y nadie lo quiere aquí.",1
El candidato se comporta como una rata y ojalá te pase algo malo.,1
Muchas gracias por compartir el enlace con la documentación de la API.,0
Este tipo se comporta como una miserable y lárgate de esta plataforma.,1
El streamer es una completa mierda y eres un peligro social.,1
ESA MUJER RESULTÓ SER UNA PENDEJO Y OJALÁ TE PASE ALGO MALO.,1
"El candidato debería desaparecer, arruina la comunidad y nadie lo quiere aquí.",1
Ese hater es una completa escoria y da asco que exista.,1
Esa mujer es una completa rata y lárgate de esta plataforma.,1
"El examen de la facultad estuvo de la chingada, pero alcancé a pasar.",0
Ese usuario resultó ser una incompetente y deberían banearlo ya.,1
EL MODERADOR SE COMPORTA COMO UNA PARÁSITO Y OJALÁ TE PASE ALGO MALO.,1
"El examen de la facultad estuvo de la chingada, pero alcancé a pasar. Qué dolor de cabeza, puta madre.",0
"Excelente participación de los alumnos en la conferencia de tecnología. Qué dolor de cabeza, puta madre.",0
"El proyecto final de ingeniería quedó agendada para el próximo lunes. Qué dolor de cabeza, puta madre.",0
Ese usuario demuestra ser una idiota y hay que lincharlo entre todos.,1
"No mames, está cabrón el tráfico de hoy en la avenida principal.",0
"El examen de la facultad estuvo de la chingada, pero alcancé a pasar. Qué dolor de cabeza, puta madre.",0
"Ya valió madre, se cayó el sistema de la escuela otra vez.",0
"El candidato debería desaparecer, arruina la comunidad y nadie lo quiere aquí.",1
Ese usuario resultó ser una miserable y hay que lincharlo entre todos.,1
"Está cabrón terminar este proyecto final para el lunes. Qué dolor de cabeza, puta madre.",0
"Ya valió madre, se cayó el sistema de la escuela otra vez.",0
El streamer no es más que una ignorante y eres un peligro social.,1
La diputada demuestra ser una mierda y eres un peligro social.,1
EL CANDIDATO RESULTÓ SER UNA RATA Y HAY QUE LINCHARLO ENTRE TODOS.,1
El creador del video es una completa miserable y eres un peligro social.,1
El árbitro demuestra ser una pendeja y deberían banearlo ya.,1
Esa mujer se comporta como una escoria y hay que lincharlo entre todos.,1
"Ya valió madre, se cayó el sistema de la escuela otra vez. Qué dolor de cabeza, puta madre.",0
"Qué pendejo estoy, olvidé el archivo en la otra computadora. Qué dolor de cabeza, puta madre.",0
EL STREAMER DEMUESTRA SER UNA PENDEJO Y LÁRGATE DE ESTA PLATAFORMA.,1
EL CREADOR DEL VIDEO DEMUESTRA SER UNA ESCORIA Y LÁRGATE DE ESTA PLATAFORMA.,1
El creador del video demuestra ser una rata y da asco que exista.,1
"Está cabrón terminar este proyecto final para el lunes. Qué dolor de cabeza, puta madre.",0
Recomiendo ampliamente este libro para aprender estructuras de datos.,0
ESE USUARIO NO ES MÁS QUE UNA MISERABLE Y LÁRGATE DE ESTA PLATAFORMA.,1
EL ÁRBITRO NO ES MÁS QUE UNA PENDEJA Y OJALÁ TE PASE ALGO MALO.,1
"Qué pendejada acabo de hacer con el café, lo derramé sobre el teclado.",0
Este tipo es una completa parásito y hay que lincharlo entre todos.,1
"Qué pendejada acabo de hacer con el café, lo derramé sobre el teclado. Qué dolor de cabeza, puta madre.",0
Este tipo es una completa plaga y eres un peligro social.,1
Este tipo demuestra ser una pendejo y lárgate de esta plataforma.,1
Ese usuario es una completa miserable y lárgate de esta plataforma.,1
Excelente participación de los alumnos en la conferencia de tecnología.,0
"El moderador debería desaparecer, arruina la comunidad y nadie lo quiere aquí.",1
"Qué pendejo estoy, olvidé el archivo en la otra computadora.",0
"El examen de la facultad estuvo de la chingada, pero alcancé a pasar.",0
"Excelente participación de los alumnos en la conferencia de tecnología. Qué dolor de cabeza, puta madre.",0
El candidato se comporta como una parásito y lárgate de esta plataforma.,1
El árbitro no es más que una plaga y lárgate de esta plataforma.,1
EL STREAMER NO ES MÁS QUE UNA IMBÉCIL Y HAY QUE LINCHARLO ENTRE TODOS.,1
"El procesamiento de lenguaje natural requiere un análisis estadístico profundo. Qué dolor de cabeza, puta madre.",0
"Muchas gracias por compartir el enlace con la documentación de la API. Qué dolor de cabeza, puta madre.",0
"¿Alguien sabe a qué hora abre la biblioteca central de la facultad? Qué dolor de cabeza, puta madre.",0
EL CANDIDATO SE COMPORTA COMO UNA INCOMPETENTE Y HAY QUE LINCHARLO ENTRE TODOS.,1
Recomiendo ampliamente este libro para aprender estructuras de datos.,0
Este tipo es una completa rata y lárgate de esta plataforma.,1
EL STREAMER DEMUESTRA SER UNA RATA Y HAY QUE LINCHARLO ENTRE TODOS.,1
"Ese hater debería desaparecer, arruina la comunidad y nadie lo quiere aquí.",1
"¿Alguien sabe a qué hora abre la biblioteca central de la facultad? Qué dolor de cabeza, puta madre.",0
La diputada se comporta como una escoria y ojalá te pase algo malo.,1
"Qué pendejo estoy, olvidé el archivo en la otra computadora.",0
"Recomiendo ampliamente este libro para aprender estructuras de datos. Qué dolor de cabeza, puta madre.",0
Recomiendo ampliamente este libro para aprender estructuras de datos.,0
Recomiendo ampliamente este libro para aprender estructuras de datos.,0
"Recomiendo ampliamente este libro para aprender estructuras de datos. Qué dolor de cabeza, puta madre.",0
"Qué pendejada acabo de hacer con el café, lo derramé sobre el teclado. Qué dolor de cabeza, puta madre.",0
El árbitro es una completa parásito y hay que lincharlo entre todos.,1
"El examen de la facultad estuvo de la chingada, pero alcancé a pasar. Qué dolor de cabeza, puta madre.",0
"Qué pendejada acabo de hacer con el café, lo derramé sobre el teclado.",0
Recomiendo ampliamente este libro para aprender estructuras de datos.,0
"El examen de la facultad estuvo de la chingada, pero alcancé a pasar.",0
¿Alguien sabe a qué hora abre la biblioteca central de la facultad?,0
"No mames, está cabrón el tráfico de hoy en la avenida principal. Qué dolor de cabeza, puta madre.",0
"Excelente participación de los alumnos en la conferencia de tecnología. Qué dolor de cabeza, puta madre.",0
El árbitro se comporta como una mierda y deberían banearlo ya.,1
"El árbitro debería desaparecer, arruina la comunidad y nadie lo quiere aquí.",1
El candidato demuestra ser una cabrón y da asco que exista.,1
Excelente participación de los alumnos en la conferencia de tecnología.,0
El streamer se comporta como una basura y da asco que exista.,1
Esa mujer demuestra ser una inepto y da asco que exista.,1
"El examen de la facultad estuvo de la chingada, pero alcancé a pasar.",0
Muchas gracias por compartir el enlace con la documentación de la API.,0
Está cabrón terminar este proyecto final para el lunes.,0
"Qué pendejo estoy, olvidé el archivo en la otra computadora.",0
"Ya valió madre, se cayó el sistema de la escuela otra vez. Qué dolor de cabeza, puta madre.",0
Muchas gracias por compartir el enlace con la documentación de la API.,0
"El moderador debería desaparecer, arruina la comunidad y nadie lo quiere aquí.",1
El creador del video es una completa pendejo y hay que lincharlo entre todos.,1
EL STREAMER NO ES MÁS QUE UNA INEPTO Y DEBERÍAN BANEARLO YA.,1
¿Alguien sabe a qué hora abre la biblioteca central de la facultad?,0
"No mames, está cabrón el tráfico de hoy en la avenida principal.",0
El creador del video no es más que una basura y deberían banearlo ya.,1
Ese hater se comporta como una pendejo y hay que lincharlo entre todos.,1
"Ya valió madre, se cayó el sistema de la escuela otra vez. Qué dolor de cabeza, puta madre.",0
"Qué pendejada acabo de hacer con el café, lo derramé sobre el teclado.",0
El creador del video es una completa pendejo y hay que lincharlo entre todos.,1
¿Alguien sabe a qué hora abre la biblioteca central de la facultad?,0
"¿Alguien sabe a qué hora abre la biblioteca central de la facultad? Qué dolor de cabeza, puta madre.",0
"El proyecto final de ingeniería quedó agendada para el próximo lunes. Qué dolor de cabeza, puta madre.",0
El streamer resultó ser una idiota y eres un peligro social.,1
"¿Alguien sabe a qué hora abre la biblioteca central de la facultad? Qué dolor de cabeza, puta madre.",0
El moderador es una completa plaga y lárgate de esta plataforma.,1
Este tipo se comporta como una parásito y deberían banearlo ya.,1
"Ya valió madre, se cayó el sistema de la escuela otra vez.",0
ESE USUARIO DEMUESTRA SER UNA CABRÓN Y OJALÁ TE PASE ALGO MALO.,1
"Qué pendejo estoy, olvidé el archivo en la otra computadora. Qué dolor de cabeza, puta madre.",0
El árbitro resultó ser una pendeja y lárgate de esta plataforma.,1
Ese usuario es una completa mierda y lárgate de esta plataforma.,1
EL CREADOR DEL VIDEO DEMUESTRA SER UNA IMBÉCIL Y OJALÁ TE PASE ALGO MALO.,1
Está cabrón terminar este proyecto final para el lunes.,0
El creador del video es una completa cabrón y hay que lincharlo entre todos.,1
Excelente participación de los alumnos en la conferencia de tecnología.,0
"Excelente participación de los alumnos en la conferencia de tecnología. Qué dolor de cabeza, puta madre.",0
"No mames, está cabrón el tráfico de hoy en la avenida principal. Qué dolor de cabeza, puta madre.",0
El árbitro demuestra ser una lacra y ojalá te pase algo malo.,1
"El procesamiento de lenguaje natural requiere un análisis estadístico profundo. Qué dolor de cabeza, puta madre.",0
"Ya valió madre, se cayó el sistema de la escuela otra vez.",0
"Muchas gracias por compartir el enlace con la documentación de la API. Qué dolor de cabeza, puta madre.",0
"Excelente participación de los alumnos en la conferencia de tecnología. Qué dolor de cabeza, puta madre.",0
El creador del video se comporta como una parásito y eres un peligro social.,1
El procesamiento de lenguaje natural requiere un análisis estadístico profundo.,0
El streamer resultó ser una miserable y deberían banearlo ya.,1
La diputada es una completa imbécil y hay que lincharlo entre todos.,1
Muchas gracias por compartir el enlace con la documentación de la API.,0
ESTE TIPO RESULTÓ SER UNA PENDEJA Y DEBERÍAN BANEARLO YA.,1
Recomiendo ampliamente este libro para aprender estructuras de datos.,0
El candidato resultó ser una idiota y hay que lincharlo entre todos.,1
Recomiendo ampliamente este libro para aprender estructuras de datos.,0
Este tipo no es más que una cabrón y lárgate de esta plataforma.,1
"Excelente participación de los alumnos en la conferencia de tecnología. Qué dolor de cabeza, puta madre.",0
"El proyecto final de ingeniería quedó agendada para el próximo lunes. Qué dolor de cabeza, puta madre.",0
Ese hater es una completa imbécil y da asco que exista.,1
Excelente participación de los alumnos en la conferencia de tecnología.,0
El streamer es una completa pendeja y lárgate de esta plataforma.,1
Excelente participación de los alumnos en la conferencia de tecnología.,0
"Este tipo debería desaparecer, arruina la comunidad y nadie lo quiere aquí.",1
"Ya valió madre, se cayó el sistema de la escuela otra vez.",0
El streamer resultó ser una pendeja y da asco que exista.,1
"Ya valió madre, se cayó el sistema de la escuela otra vez. Qué dolor de cabeza, puta madre.",0
La diputada se comporta como una inepto y lárgate de esta plataforma.,1
"El examen de la facultad estuvo de la chingada, pero alcancé a pasar.",0
El moderador se comporta como una idiota y eres un peligro social.,1
El candidato resultó ser una ignorante y lárgate de esta plataforma.,1
El proyecto final de ingeniería quedó agendada para el próximo lunes.,0
"El examen de la facultad estuvo de la chingada, pero alcancé a pasar. Qué dolor de cabeza, puta madre.",0
Esa mujer es una completa inepto y hay que lincharlo entre todos.,1
"¿Alguien sabe a qué hora abre la biblioteca central de la facultad? Qué dolor de cabeza, puta madre.",0
"Qué pendejo estoy, olvidé el archivo en la otra computadora.",0
La diputada demuestra ser una plaga y deberían banearlo ya.,1
Esa mujer no es más que una pendeja y da asco que exista.,1
"Qué pendejada acabo de hacer con el café, lo derramé sobre el teclado. Qué dolor de cabeza, puta madre.",0
"Qué pendejada acabo de hacer con el café, lo derramé sobre el teclado. Qué dolor de cabeza, puta madre.",0
El creador del video no es más que una ignorante y ojalá te pase algo malo.,1
"Qué pendejo estoy, olvidé el archivo en la otra computadora.",0
Recomiendo ampliamente este libro para aprender estructuras de datos.,0
Muchas gracias por compartir el enlace con la documentación de la API.,0
EL CREADOR DEL VIDEO SE COMPORTA COMO UNA IDIOTA Y LÁRGATE DE ESTA PLATAFORMA.,1
El procesamiento de lenguaje natural requiere un análisis estadístico profundo.,0
"Ya valió madre, se cayó el sistema de la escuela otra vez.",0
El moderador no es más que una pendeja y deberían banearlo ya.,1
"El examen de la facultad estuvo de la chingada, pero alcancé a pasar. Qué dolor de cabeza, puta madre.",0
"Ya valió madre, se cayó el sistema de la escuela otra vez. Qué dolor de cabeza, puta madre.",0
El creador del video no es más que una parásito y ojalá te pase algo malo.,1
LA DIPUTADA NO ES MÁS QUE UNA PARÁSITO Y OJALÁ TE PASE ALGO MALO.,1
Muchas gracias por compartir el enlace con la documentación de la API.,0
El moderador se comporta como una pendeja y da asco que exista.,1
Ese hater no es más que una imbécil y lárgate de esta plataforma.,1
"Qué pendejo estoy, olvidé el archivo en la otra computadora. Qué dolor de cabeza, puta madre.",0
"Qué pendejada acabo de hacer con el café, lo derramé sobre el teclado. Qué dolor de cabeza, puta madre.",0
"No mames, está cabrón el tráfico de hoy en la avenida principal. Qué dolor de cabeza, puta madre.",0
EL ÁRBITRO DEMUESTRA SER UNA PENDEJO Y LÁRGATE DE ESTA PLATAFORMA.,1
"¿Alguien sabe a qué hora abre la biblioteca central de la facultad? Qué dolor de cabeza, puta madre.",0
"No mames, está cabrón el tráfico de hoy en la avenida principal.",0
Ese hater demuestra ser una miserable y hay que lincharlo entre todos.,1
El moderador no es más que una miserable y ojalá te pase algo malo.,1
El creador del video no es más que una incompetente y eres un peligro social.,1
¿Alguien sabe a qué hora abre la biblioteca central de la facultad?,0
"ESE USUARIO DEBERÍA DESAPARECER, ARRUINA LA COMUNIDAD Y NADIE LO QUIERE AQUÍ.",1
"Qué pendejo estoy, olvidé el archivo en la otra computadora. Qué dolor de cabeza, puta madre.",0
El creador del video se comporta como una idiota y eres un peligro social.,1
"Ya valió madre, se cayó el sistema de la escuela otra vez.",0
El moderador no es más que una plaga y lárgate de esta plataforma.,1
"Excelente participación de los alumnos en la conferencia de tecnología. Qué dolor de cabeza, puta madre.",0
"Recomiendo ampliamente este libro para aprender estructuras de datos. Qué dolor de cabeza, puta madre.",0
"Qué pendejada acabo de hacer con el café, lo derramé sobre el teclado. Qué dolor de cabeza, puta madre.",0
"Muchas gracias por compartir el enlace con la documentación de la API. Qué dolor de cabeza, puta madre.",0
El árbitro resultó ser una plaga y eres un peligro social.,1
La diputada es una completa rata y ojalá te pase algo malo.,1
¿Alguien sabe a qué hora abre la biblioteca central de la facultad?,0
Este tipo demuestra ser una incompetente y lárgate de esta plataforma.,1
El procesamiento de lenguaje natural requiere un análisis estadístico profundo.,0
"Ese hater debería desaparecer, arruina la comunidad y nadie lo quiere aquí.",1
"El proyecto final de ingeniería quedó agendada para el próximo lunes. Qué dolor de cabeza, puta madre.",0
ESE USUARIO ES UNA COMPLETA IMBÉCIL Y DA ASCO QUE EXISTA.,1
¿Alguien sabe a qué hora abre la biblioteca central de la facultad?,0
La diputada demuestra ser una pendejo y da asco que exista.,1
"Qué pendejada acabo de hacer con el café, lo derramé sobre el teclado.",0
"Ya valió madre, se cayó el sistema de la escuela otra vez.",0
Ese hater resultó ser una basura y deberían banearlo ya.,1
"El examen de la facultad estuvo de la chingada, pero alcancé a pasar.",0
Ese hater se comporta como una plaga y eres un peligro social.,1
Está cabrón terminar este proyecto final para el lunes.,0
Muchas gracias por compartir el enlace con la documentación de la API.,0
"Está cabrón terminar este proyecto final para el lunes. Qué dolor de cabeza, puta madre.",0
La diputada demuestra ser una pendejo y ojalá te pase algo malo.,1
"Qué pendejada acabo de hacer con el café, lo derramé sobre el teclado. Qué dolor de cabeza, puta madre.",0
ESE USUARIO DEMUESTRA SER UNA INEPTO Y LÁRGATE DE ESTA PLATAFORMA.,1
"Qué pendejo estoy, olvidé el archivo en la otra computadora.",0
"La diputada debería desaparecer, arruina la comunidad y nadie lo quiere aquí.",1
"El examen de la facultad estuvo de la chingada, pero alcancé a pasar.",0
Esa mujer se comporta como una ignorante y lárgate de esta plataforma.,1
"No mames, está cabrón el tráfico de hoy en la avenida principal.",0
"El proyecto final de ingeniería quedó agendada para el próximo lunes. Qué dolor de cabeza, puta madre.",0
La diputada se comporta como una escoria y da asco que exista.,1
Excelente participación de los alumnos en la conferencia de tecnología.,0
EL CREADOR DEL VIDEO NO ES MÁS QUE UNA INEPTO Y LÁRGATE DE ESTA PLATAFORMA.,1
Ese hater demuestra ser una cabrón y hay que lincharlo entre todos.,1
Ese hater es una completa mierda y eres un peligro social.,1
"No mames, está cabrón el tráfico de hoy en la avenida principal.",0
"¿Alguien sabe a qué hora abre la biblioteca central de la facultad? Qué dolor de cabeza, puta madre.",0
¿Alguien sabe a qué hora abre la biblioteca central de la facultad?,0
"Esa mujer debería desaparecer, arruina la comunidad y nadie lo quiere aquí.",1
"¿Alguien sabe a qué hora abre la biblioteca central de la facultad? Qué dolor de cabeza, puta madre.",0
ESTE TIPO ES UNA COMPLETA PLAGA Y OJALÁ TE PASE ALGO MALO.,1
EL CREADOR DEL VIDEO DEMUESTRA SER UNA IDIOTA Y DA ASCO QUE EXISTA.,1
¿Alguien sabe a qué hora abre la biblioteca central de la facultad?,0
El streamer no es más que una idiota y deberían banearlo ya.,1
Esa mujer resultó ser una escoria y deberían banearlo ya.,1
Esa mujer demuestra ser una idiota y deberían banearlo ya.,1
El moderador resultó ser una mierda y eres un peligro social.,1
"Está cabrón terminar este proyecto final para el lunes. Qué dolor de cabeza, puta madre.",0
Muchas gracias por compartir el enlace con la documentación de la API.,0
El moderador resultó ser una idiota y deberían banearlo ya.,1
"Ya valió madre, se cayó el sistema de la escuela otra vez.",0
Ese hater no es más que una pendeja y deberían banearlo ya.,1
"Ese hater debería desaparecer, arruina la comunidad y nadie lo quiere aquí.",1
La diputada no es más que una lacra y lárgate de esta plataforma.,1
El proyecto final de ingeniería quedó agendada para el próximo lunes.,0
El candidato no es más que una idiota y hay que lincharlo entre todos.,1
"El examen de la facultad estuvo de la chingada, pero alcancé a pasar. Qué dolor de cabeza, puta madre.",0
"ESE HATER DEBERÍA DESAPARECER, ARRUINA LA COMUNIDAD Y NADIE LO QUIERE AQUÍ.",1
"Qué pendejo estoy, olvidé el archivo en la otra computadora. Qué dolor de cabeza, puta madre.",0
"El creador del video debería desaparecer, arruina la comunidad y nadie lo quiere aquí.",1
El moderador no es más que una miserable y ojalá te pase algo malo.,1
"Está cabrón terminar este proyecto final para el lunes. Qué dolor de cabeza, puta madre.",0
"Muchas gracias por compartir el enlace con la documentación de la API. Qué dolor de cabeza, puta madre.",0
El proyecto final de ingeniería quedó agendada para el próximo lunes.,0
Esa mujer es una completa escoria y hay que lincharlo entre todos.,1
Está cabrón terminar este proyecto final para el lunes.,0
"Está cabrón terminar este proyecto final para el lunes. Qué dolor de cabeza, puta madre.",0
El moderador no es más que una cabrón y deberían banearlo ya.,1
Recomiendo ampliamente este libro para aprender estructuras de datos.,0
Ese usuario resultó ser una pendeja y da asco que exista.,1
"EL CANDIDATO DEBERÍA DESAPARECER, ARRUINA LA COMUNIDAD Y NADIE LO QUIERE AQUÍ.",1
"Esa mujer debería desaparecer, arruina la comunidad y nadie lo quiere aquí.",1
"Ya valió madre, se cayó el sistema de la escuela otra vez.",0
Esa mujer demuestra ser una plaga y lárgate de esta plataforma.,1
El proyecto final de ingeniería quedó agendada para el próximo lunes.,0
"Qué pendejo estoy, olvidé el archivo en la otra computadora. Qué dolor de cabeza, puta madre.",0
Esa mujer resultó ser una miserable y eres un peligro social.,1
"No mames, está cabrón el tráfico de hoy en la avenida principal.",0
Este tipo no es más que una idiota y ojalá te pase algo malo.,1
"El examen de la facultad estuvo de la chingada, pero alcancé a pasar.",0
"Está cabrón terminar este proyecto final para el lunes. Qué dolor de cabeza, puta madre.",0
Está cabrón terminar este proyecto final para el lunes.,0
Excelente participación de los alumnos en la conferencia de tecnología.,0
La diputada es una completa basura y eres un peligro social.,1
El proyecto final de ingeniería quedó agendada para el próximo lunes.,0
"Muchas gracias por compartir el enlace con la documentación de la API. Qué dolor de cabeza, puta madre.",0
¿Alguien sabe a qué hora abre la biblioteca central de la facultad?,0
La diputada se comporta como una ignorante y da asco que exista.,1
Esa mujer demuestra ser una imbécil y deberían banearlo ya.,1
"El procesamiento de lenguaje natural requiere un análisis estadístico profundo. Qué dolor de cabeza, puta madre.",0
Ese usuario no es más que una pendeja y da asco que exista.,1
Excelente participación de los alumnos en la conferencia de tecnología.,0
La diputada demuestra ser una incompetente y da asco que exista.,1
EL CANDIDATO SE COMPORTA COMO UNA CABRÓN Y OJALÁ TE PASE ALGO MALO.,1
"Qué pendejada acabo de hacer con el café, lo derramé sobre el teclado.",0
"Ya valió madre, se cayó el sistema de la escuela otra vez.",0
La diputada es una completa mierda y ojalá te pase algo malo.,1
"¿Alguien sabe a qué hora abre la biblioteca central de la facultad? Qué dolor de cabeza, puta madre.",0
¿Alguien sabe a qué hora abre la biblioteca central de la facultad?,0
Ese usuario es una completa lacra y eres un peligro social.,1
El candidato es una completa basura y deberían banearlo ya.,1
Esa mujer resultó ser una inepto y eres un peligro social.,1
Muchas gracias por compartir el enlace con la documentación de la API.,0
"No mames, está cabrón el tráfico de hoy en la avenida principal.",0
EL CANDIDATO SE COMPORTA COMO UNA IDIOTA Y ERES UN PELIGRO SOCIAL.,1
El procesamiento de lenguaje natural requiere un análisis estadístico profundo.,0
"El proyecto final de ingeniería quedó agendada para el próximo lunes. Qué dolor de cabeza, puta madre.",0
Está cabrón terminar este proyecto final para el lunes.,0
Este tipo es una completa imbécil y deberían banearlo ya.,1
Ese usuario resultó ser una parásito y lárgate de esta plataforma.,1
Esa mujer es una completa pendeja y lárgate de esta plataforma.,1
Muchas gracias por compartir el enlace con la documentación de la API.,0
El streamer no es más que una pendeja y hay que lincharlo entre todos.,1
"El examen de la facultad estuvo de la chingada, pero alcancé a pasar. Qué dolor de cabeza, puta madre.",0
"No mames, está cabrón el tráfico de hoy en la avenida principal.",0
"Qué pendejo estoy, olvidé el archivo en la otra computadora. Qué dolor de cabeza, puta madre.",0
"Qué pendejada acabo de hacer con el café, lo derramé sobre el teclado. Qué dolor de cabeza, puta madre.",0
"Ese usuario debería desaparecer, arruina la comunidad y nadie lo quiere aquí.",1
EL CANDIDATO DEMUESTRA SER UNA PLAGA Y DA ASCO QUE EXISTA.,1
"Qué pendejada acabo de hacer con el café, lo derramé sobre el teclado.",0
"Qué pendejada acabo de hacer con el café, lo derramé sobre el teclado.",0
"La diputada debería desaparecer, arruina la comunidad y nadie lo quiere aquí.",1
El moderador resultó ser una pendeja y lárgate de esta plataforma.,1
Este tipo demuestra ser una parásito y eres un peligro social.,1
El árbitro es una completa inepto y da asco que exista.,1
"Qué pendejo estoy, olvidé el archivo en la otra computadora.",0
Muchas gracias por compartir el enlace con la documentación de la API.,0
Ese hater es una completa inepto y hay que lincharlo entre todos.,1
El streamer no es más que una plaga y da asco que exista.,1
"El proyecto final de ingeniería quedó agendada para el próximo lunes. Qué dolor de cabeza, puta madre.",0
"Qué pendejo estoy, olvidé el archivo en la otra computadora.",0
Esa mujer resultó ser una parásito y da asco que exista.,1
Está cabrón terminar este proyecto final para el lunes.,0
¿Alguien sabe a qué hora abre la biblioteca central de la facultad?,0
"No mames, está cabrón el tráfico de hoy en la avenida principal.",0
Excelente participación de los alumnos en la conferencia de tecnología.,0
"Ya valió madre, se cayó el sistema de la escuela otra vez. Qué dolor de cabeza, puta madre.",0
Esa mujer resultó ser una rata y eres un peligro social.,1
Esa mujer resultó ser una pendejo y eres un peligro social.,1
"EL STREAMER DEBERÍA DESAPARECER, ARRUINA LA COMUNIDAD Y NADIE LO QUIERE AQUÍ.",1
La diputada se comporta como una plaga y da asco que exista.,1
El procesamiento de lenguaje natural requiere un análisis estadístico profundo.,0
"Qué pendejo estoy, olvidé el archivo en la otra computadora.",0
"¿Alguien sabe a qué hora abre la biblioteca central de la facultad? Qué dolor de cabeza, puta madre.",0
El streamer no es más que una rata y deberían banearlo ya.,1
Ese usuario es una completa idiota y da asco que exista.,1
"Este tipo debería desaparecer, arruina la comunidad y nadie lo quiere aquí.",1
"El moderador debería desaparecer, arruina la comunidad y nadie lo quiere aquí.",1
Está cabrón terminar este proyecto final para el lunes.,0
"El streamer debería desaparecer, arruina la comunidad y nadie lo quiere aquí.",1
Ese hater resultó ser una escoria y hay que lincharlo entre todos.,1
Este tipo resultó ser una miserable y eres un peligro social.,1
"Muchas gracias por compartir el enlace con la documentación de la API. Qué dolor de cabeza, puta madre.",0
El moderador no es más que una pendejo y deberían banearlo ya.,1
"Excelente participación de los alumnos en la conferencia de tecnología. Qué dolor de cabeza, puta madre.",0
Ese hater es una completa lacra y lárgate de esta plataforma.,1
Este tipo se comporta como una imbécil y eres un peligro social.,1
El árbitro se comporta como una miserable y hay que lincharlo entre todos.,1
Ese hater se comporta como una idiota y da asco que exista.,1
"La diputada debería desaparecer, arruina la comunidad y nadie lo quiere aquí.",1
El proyecto final de ingeniería quedó agendada para el próximo lunes.,0
"Ya valió madre, se cayó el sistema de la escuela otra vez. Qué dolor de cabeza, puta madre.",0
Muchas gracias por compartir el enlace con la documentación de la API.,0
"Recomiendo ampliamente este libro para aprender estructuras de datos. Qué dolor de cabeza, puta madre.",0
Muchas gracias por compartir el enlace con la documentación de la API.,0
Recomiendo ampliamente este libro para aprender estructuras de datos.,0
El streamer no es más que una plaga y deberían banearlo ya.,1
Ese hater resultó ser una inepto y hay que lincharlo entre todos.,1
La diputada es una completa lacra y ojalá te pase algo malo.,1
Este tipo es una completa plaga y hay que lincharlo entre todos.,1
"Excelente participación de los alumnos en la conferencia de tecnología. Qué dolor de cabeza, puta madre.",0
"El proyecto final de ingeniería quedó agendada para el próximo lunes. Qué dolor de cabeza, puta madre.",0
El moderador resultó ser una pendeja y deberían banearlo ya.,1
Este tipo es una completa imbécil y lárgate de esta plataforma.,1
ESTE TIPO SE COMPORTA COMO UNA PLAGA Y ERES UN PELIGRO SOCIAL.,1
"¿Alguien sabe a qué hora abre la biblioteca central de la facultad? Qué dolor de cabeza, puta madre.",0
¿Alguien sabe a qué hora abre la biblioteca central de la facultad?,0
La diputada demuestra ser una ignorante y lárgate de esta plataforma.,1
EL ÁRBITRO DEMUESTRA SER UNA IDIOTA Y DEBERÍAN BANEARLO YA.,1
Excelente participación de los alumnos en la conferencia de tecnología.,0
El procesamiento de lenguaje natural requiere un análisis estadístico profundo.,0
"Qué pendejo estoy, olvidé el archivo en la otra computadora.",0
La diputada demuestra ser una miserable y da asco que exista.,1
Esa mujer no es más que una basura y hay que lincharlo entre todos.,1
El candidato es una completa idiota y deberían banearlo ya.,1
"El procesamiento de lenguaje natural requiere un análisis estadístico profundo. Qué dolor de cabeza, puta madre.",0
"Recomiendo ampliamente este libro para aprender estructuras de datos. Qué dolor de cabeza, puta madre.",0
"El streamer debería desaparecer, arruina la comunidad y nadie lo quiere aquí.",1
"Ese hater debería desaparecer, arruina la comunidad y nadie lo quiere aquí.",1
¿Alguien sabe a qué hora abre la biblioteca central de la facultad?,0
El árbitro no es más que una escoria y lárgate de esta plataforma.,1
"Qué pendejo estoy, olvidé el archivo en la otra computadora. Qué dolor de cabeza, puta madre.",0
El candidato resultó ser una ignorante y eres un peligro social.,1
Esa mujer resultó ser una basura y eres un peligro social.,1
EL CREADOR DEL VIDEO NO ES MÁS QUE UNA INCOMPETENTE Y HAY QUE LINCHARLO ENTRE TODOS.,1
El árbitro es una completa pendejo y lárgate de esta plataforma.,1
"El proyecto final de ingeniería quedó agendada para el próximo lunes. Qué dolor de cabeza, puta madre.",0
Ese hater se comporta como una escoria y hay que lincharlo entre todos.,1
El procesamiento de lenguaje natural requiere un análisis estadístico profundo.,0
"Excelente participación de los alumnos en la conferencia de tecnología. Qué dolor de cabeza, puta madre.",0
El streamer resultó ser una ignorante y ojalá te pase algo malo.,1
El proyecto final de ingeniería quedó agendada para el próximo lunes.,0
Está cabrón terminar este proyecto final para el lunes.,0
"Qué pendejada acabo de hacer con el café, lo derramé sobre el teclado. Qué dolor de cabeza, puta madre.",0
"Ese hater debería desaparecer, arruina la comunidad y nadie lo quiere aquí.",1
El moderador no es más que una plaga y da asco que exista.,1
"ESA MUJER DEBERÍA DESAPARECER, ARRUINA LA COMUNIDAD Y NADIE LO QUIERE AQUÍ.",1
El streamer resultó ser una cabrón y lárgate de esta plataforma.,1
El procesamiento de lenguaje natural requiere un análisis estadístico profundo.,0
El moderador resultó ser una mierda y deberían banearlo ya.,1
El árbitro demuestra ser una mierda y lárgate de esta plataforma.,1
"Qué pendejo estoy, olvidé el archivo en la otra computadora. Qué dolor de cabeza, puta madre.",0
"Qué pendejada acabo de hacer con el café, lo derramé sobre el teclado.",0
Esa mujer no es más que una inepto y deberían banearlo ya.,1
Está cabrón terminar este proyecto final para el lunes.,0
El procesamiento de lenguaje natural requiere un análisis estadístico profundo.,0
Ese hater resultó ser una idiota y eres un peligro social.,1
Esa mujer se comporta como una basura y da asco que exista.,1
Este tipo no es más que una ignorante y da asco que exista.,1
Ese usuario se comporta como una pendeja y eres un peligro social.,1
El candidato no es más que una cabrón y hay que lincharlo entre todos.,1
La diputada no es más que una cabrón y ojalá te pase algo malo.,1
Esa mujer demuestra ser una escoria y hay que lincharlo entre todos.,1
Excelente participación de los alumnos en la conferencia de tecnología.,0
"La diputada debería desaparecer, arruina la comunidad y nadie lo quiere aquí.",1
"Está cabrón terminar este proyecto final para el lunes. Qué dolor de cabeza, puta madre.",0
Esa mujer es una completa pendeja y ojalá te pase algo malo.,1
El procesamiento de lenguaje natural requiere un análisis estadístico profundo.,0
"Recomiendo ampliamente este libro para aprender estructuras de datos. Qué dolor de cabeza, puta madre.",0
"ESE HATER DEBERÍA DESAPARECER, ARRUINA LA COMUNIDAD Y NADIE LO QUIERE AQUÍ.",1
"Qué pendejo estoy, olvidé el archivo en la otra computadora. Qué dolor de cabeza, puta madre.",0
La diputada es una completa pendejo y deberían banearlo ya.,1
"Ya valió madre, se cayó el sistema de la escuela otra vez. Qué dolor de cabeza, puta madre.",0
"EL ÁRBITRO DEBERÍA DESAPARECER, ARRUINA LA COMUNIDAD Y NADIE LO QUIERE AQUÍ.",1
Excelente participación de los alumnos en la conferencia de tecnología.,0
EL MODERADOR DEMUESTRA SER UNA IMBÉCIL Y ERES UN PELIGRO SOCIAL.,1
Este tipo no es más que una idiota y da asco que exista.,1
El árbitro es una completa idiota y lárgate de esta plataforma.,1
"El streamer debería desaparecer, arruina la comunidad y nadie lo quiere aquí.",1
El moderador se comporta como una incompetente y lárgate de esta plataforma.,1
El streamer es una completa rata y da asco que exista.,1
ESA MUJER NO ES MÁS QUE UNA RATA Y HAY QUE LINCHARLO ENTRE TODOS.,1
"Qué pendejo estoy, olvidé el archivo en la otra computadora.",0
"EL STREAMER DEBERÍA DESAPARECER, ARRUINA LA COMUNIDAD Y NADIE LO QUIERE AQUÍ.",1
El candidato no es más que una miserable y lárgate de esta plataforma.,1
El árbitro demuestra ser una ignorante y eres un peligro social.,1
El proyecto final de ingeniería quedó agendada para el próximo lunes.,0
Ese hater demuestra ser una inepto y ojalá te pase algo malo.,1
"Ya valió madre, se cayó el sistema de la escuela otra vez.",0
"¿Alguien sabe a qué hora abre la biblioteca central de la facultad? Qué dolor de cabeza, puta madre.",0
El proyecto final de ingeniería quedó agendada para el próximo lunes.,0
El moderador es una completa ignorante y lárgate de esta plataforma.,1
El árbitro no es más que una ignorante y eres un peligro social.,1
El streamer es una completa idiota y da asco que exista.,1
El árbitro no es más que una imbécil y deberían banearlo ya.,1
El creador del video resultó ser una imbécil y eres un peligro social.,1
"No mames, está cabrón el tráfico de hoy en la avenida principal. Qué dolor de cabeza, puta madre.",0
El árbitro es una completa mierda y da asco que exista.,1
El candidato es una completa escoria y lárgate de esta plataforma.,1
El árbitro demuestra ser una rata y eres un peligro social.,1
ESA MUJER DEMUESTRA SER UNA INCOMPETENTE Y OJALÁ TE PASE ALGO MALO.,1
"El árbitro debería desaparecer, arruina la comunidad y nadie lo quiere aquí.",1
Este tipo se comporta como una mierda y deberían banearlo ya.,1
La diputada demuestra ser una ignorante y deberían banearlo ya.,1
ESA MUJER NO ES MÁS QUE UNA RATA Y LÁRGATE DE ESTA PLATAFORMA.,1
"Muchas gracias por compartir el enlace con la documentación de la API. Qué dolor de cabeza, puta madre.",0
"Ya valió madre, se cayó el sistema de la escuela otra vez.",0
"¿Alguien sabe a qué hora abre la biblioteca central de la facultad? Qué dolor de cabeza, puta madre.",0
"Qué pendejo estoy, olvidé el archivo en la otra computadora. Qué dolor de cabeza, puta madre.",0
ESE USUARIO SE COMPORTA COMO UNA IDIOTA Y DEBERÍAN BANEARLO YA.,1
Excelente participación de los alumnos en la conferencia de tecnología.,0
Ese hater es una completa mierda y deberían banearlo ya.,1
El creador del video resultó ser una cabrón y eres un peligro social.,1
La diputada se comporta como una pendeja y hay que lincharlo entre todos.,1
"Qué pendejada acabo de hacer con el café, lo derramé sobre el teclado.",0
El candidato se comporta como una pendeja y eres un peligro social.,1
"Qué pendejo estoy, olvidé el archivo en la otra computadora.",0
El proyecto final de ingeniería quedó agendada para el próximo lunes.,0
"Ya valió madre, se cayó el sistema de la escuela otra vez. Qué dolor de cabeza, puta madre.",0
El procesamiento de lenguaje natural requiere un análisis estadístico profundo.,0
"El proyecto final de ingeniería quedó agendada para el próximo lunes. Qué dolor de cabeza, puta madre.",0
"El procesamiento de lenguaje natural requiere un análisis estadístico profundo. Qué dolor de cabeza, puta madre.",0
"El examen de la facultad estuvo de la chingada, pero alcancé a pasar.",0
Este tipo resultó ser una lacra y da asco que exista.,1
¿Alguien sabe a qué hora abre la biblioteca central de la facultad?,0
Esa mujer demuestra ser una imbécil y da asco que exista.,1
Está cabrón terminar este proyecto final para el lunes.,0
¿Alguien sabe a qué hora abre la biblioteca central de la facultad?,0
"El moderador debería desaparecer, arruina la comunidad y nadie lo quiere aquí.",1
Ese usuario resultó ser una miserable y eres un peligro social.,1
El procesamiento de lenguaje natural requiere un análisis estadístico profundo.,0
El creador del video resultó ser una pendeja y lárgate de esta plataforma.,1
"El moderador debería desaparecer, arruina la comunidad y nadie lo quiere aquí.",1
LA DIPUTADA DEMUESTRA SER UNA PLAGA Y ERES UN PELIGRO SOCIAL.,1
"Qué pendejo estoy, olvidé el archivo en la otra computadora.",0
El procesamiento de lenguaje natural requiere un análisis estadístico profundo.,0
¿Alguien sabe a qué hora abre la biblioteca central de la facultad?,0
El moderador es una completa miserable y lárgate de esta plataforma.,1
"Ya valió madre, se cayó el sistema de la escuela otra vez.",0
La diputada no es más que una idiota y lárgate de esta plataforma.,1
Ese hater es una completa idiota y eres un peligro social.,1
El streamer demuestra ser una pendeja y ojalá te pase algo malo.,1
El candidato no es más que una pendeja y da asco que exista.,1
Este tipo no es más que una miserable y lárgate de esta plataforma.,1
Ese hater se comporta como una plaga y deberían banearlo ya.,1
"Muchas gracias por compartir el enlace con la documentación de la API. Qué dolor de cabeza, puta madre.",0
El candidato resultó ser una basura y eres un peligro social.,1
EL ÁRBITRO NO ES MÁS QUE UNA RATA Y HAY QUE LINCHARLO ENTRE TODOS.,1
Ese usuario demuestra ser una parásito y hay que lincharlo entre todos.,1
Está cabrón terminar este proyecto final para el lunes.,0
Este tipo resultó ser una incompetente y hay que lincharlo entre todos.,1
Ese hater es una completa mierda y deberían banearlo ya.,1
Esa mujer no es más que una incompetente y lárgate de esta plataforma.,1
"Está cabrón terminar este proyecto final para el lunes. Qué dolor de cabeza, puta madre.",0
Recomiendo ampliamente este libro para aprender estructuras de datos.,0
El creador del video no es más que una pendeja y eres un peligro social.,1
"El examen de la facultad estuvo de la chingada, pero alcancé a pasar.",0
ESE HATER NO ES MÁS QUE UNA CABRÓN Y DEBERÍAN BANEARLO YA.,1
"Qué pendejada acabo de hacer con el café, lo derramé sobre el teclado.",0
"Está cabrón terminar este proyecto final para el lunes. Qué dolor de cabeza, puta madre.",0
El proyecto final de ingeniería quedó agendada para el próximo lunes.,0
EL MODERADOR DEMUESTRA SER UNA LACRA Y ERES UN PELIGRO SOCIAL.,1
"Ya valió madre, se cayó el sistema de la escuela otra vez. Qué dolor de cabeza, puta madre.",0
El árbitro no es más que una miserable y deberían banearlo ya.,1
"No mames, está cabrón el tráfico de hoy en la avenida principal.",0
El árbitro es una completa escoria y lárgate de esta plataforma.,1
El moderador demuestra ser una basura y ojalá te pase algo malo.,1
"Qué pendejo estoy, olvidé el archivo en la otra computadora.",0
"El proyecto final de ingeniería quedó agendada para el próximo lunes. Qué dolor de cabeza, puta madre.",0
El streamer resultó ser una inepto y lárgate de esta plataforma.,1
"Qué pendejada acabo de hacer con el café, lo derramé sobre el teclado.",0
El creador del video es una completa ignorante y ojalá te pase algo malo.,1
Ese hater se comporta como una inepto y deberían banearlo ya.,1
"Qué pendejo estoy, olvidé el archivo en la otra computadora.",0
"No mames, está cabrón el tráfico de hoy en la avenida principal.",0
Muchas gracias por compartir el enlace con la documentación de la API.,0
El árbitro resultó ser una incompetente y deberían banearlo ya.,1
"EL STREAMER DEBERÍA DESAPARECER, ARRUINA LA COMUNIDAD Y NADIE LO QUIERE AQUÍ.",1
ESTE TIPO DEMUESTRA SER UNA IMBÉCIL Y LÁRGATE DE ESTA PLATAFORMA.,1
"El examen de la facultad estuvo de la chingada, pero alcancé a pasar. Qué dolor de cabeza, puta madre.",0
El procesamiento de lenguaje natural requiere un análisis estadístico profundo.,0
Esa mujer resultó ser una idiota y ojalá te pase algo malo.,1
"El árbitro debería desaparecer, arruina la comunidad y nadie lo quiere aquí.",1
La diputada es una completa mierda y eres un peligro social.,1
Esa mujer resultó ser una incompetente y eres un peligro social.,1
Ese usuario resultó ser una cabrón y deberían banearlo ya.,1
Ese usuario es una completa lacra y lárgate de esta plataforma.,1
"Qué pendejada acabo de hacer con el café, lo derramé sobre el teclado.",0
Ese usuario se comporta como una pendeja y ojalá te pase algo malo.,1
"El proyecto final de ingeniería quedó agendada para el próximo lunes. Qué dolor de cabeza, puta madre.",0
"No mames, está cabrón el tráfico de hoy en la avenida principal. Qué dolor de cabeza, puta madre.",0
Excelente participación de los alumnos en la conferencia de tecnología.,0
El árbitro demuestra ser una basura y da asco que exista.,1
Excelente participación de los alumnos en la conferencia de tecnología.,0
"Este tipo debería desaparecer, arruina la comunidad y nadie lo quiere aquí.",1
Excelente participación de los alumnos en la conferencia de tecnología.,0
"El examen de la facultad estuvo de la chingada, pero alcancé a pasar. Qué dolor de cabeza, puta madre.",0
El streamer resultó ser una plaga y da asco que exista.,1
Este tipo demuestra ser una plaga y ojalá te pase algo malo.,1
LA DIPUTADA SE COMPORTA COMO UNA IDIOTA Y ERES UN PELIGRO SOCIAL.,1
"Qué pendejo estoy, olvidé el archivo en la otra computadora.",0
"Qué pendejada acabo de hacer con el café, lo derramé sobre el teclado.",0
Esa mujer resultó ser una parásito y ojalá te pase algo malo.,1
EL CANDIDATO SE COMPORTA COMO UNA IMBÉCIL Y DEBERÍAN BANEARLO YA.,1
El proyecto final de ingeniería quedó agendada para el próximo lunes.,0
"Este tipo debería desaparecer, arruina la comunidad y nadie lo quiere aquí.",1
Ese usuario se comporta como una rata y hay que lincharlo entre todos.,1
Ese usuario se comporta como una pendeja y lárgate de esta plataforma.,1
EL CREADOR DEL VIDEO NO ES MÁS QUE UNA LACRA Y LÁRGATE DE ESTA PLATAFORMA.,1
"Ya valió madre, se cayó el sistema de la escuela otra vez.",0
Este tipo demuestra ser una cabrón y ojalá te pase algo malo.,1
El creador del video resultó ser una plaga y deberían banearlo ya.,1
"Muchas gracias por compartir el enlace con la documentación de la API. Qué dolor de cabeza, puta madre.",0
Este tipo es una completa ignorante y da asco que exista.,1
El moderador no es más que una escoria y da asco que exista.,1
Esa mujer demuestra ser una imbécil y ojalá te pase algo malo.,1
El creador del video no es más que una miserable y ojalá te pase algo malo.,1
"El examen de la facultad estuvo de la chingada, pero alcancé a pasar.",0
"¿Alguien sabe a qué hora abre la biblioteca central de la facultad? Qué dolor de cabeza, puta madre.",0
El candidato demuestra ser una rata y ojalá te pase algo malo.,1
El streamer se comporta como una inepto y ojalá te pase algo malo.,1
El streamer resultó ser una idiota y lárgate de esta plataforma.,1
"Qué pendejada acabo de hacer con el café, lo derramé sobre el teclado. Qué dolor de cabeza, puta madre.",0
"El proyecto final de ingeniería quedó agendada para el próximo lunes. Qué dolor de cabeza, puta madre.",0
El moderador demuestra ser una escoria y eres un peligro social.,1
El creador del video demuestra ser una parásito y ojalá te pase algo malo.,1
"Qué pendejo estoy, olvidé el archivo en la otra computadora.",0
Este tipo es una completa incompetente y lárgate de esta plataforma.,1
"El proyecto final de ingeniería quedó agendada para el próximo lunes. Qué dolor de cabeza, puta madre.",0
El árbitro se comporta como una pendejo y eres un peligro social.,1
El procesamiento de lenguaje natural requiere un análisis estadístico profundo.,0
"No mames, está cabrón el tráfico de hoy en la avenida principal.",0
El proyecto final de ingeniería quedó agendada para el próximo lunes.,0
"El examen de la facultad estuvo de la chingada, pero alcancé a pasar. Qué dolor de cabeza, puta madre.",0
Muchas gracias por compartir el enlace con la documentación de la API.,0
"Qué pendejo estoy, olvidé el archivo en la otra computadora.",0
La diputada se comporta como una idiota y deberían banearlo ya.,1
El moderador demuestra ser una lacra y da asco que exista.,1
El árbitro es una completa escoria y da asco que exista.,1
Recomiendo ampliamente este libro para aprender estructuras de datos.,0
Este tipo no es más que una mierda y da asco que exista.,1
El creador del video es una completa cabrón y deberían banearlo ya.,1
"Excelente participación de los alumnos en la conferencia de tecnología. Qué dolor de cabeza, puta madre.",0
"Muchas gracias por compartir el enlace con la documentación de la API. Qué dolor de cabeza, puta madre.",0
"Ya valió madre, se cayó el sistema de la escuela otra vez.",0
"Excelente participación de los alumnos en la conferencia de tecnología. Qué dolor de cabeza, puta madre.",0
Este tipo no es más que una rata y da asco que exista.,1
"El streamer debería desaparecer, arruina la comunidad y nadie lo quiere aquí.",1
La diputada es una completa plaga y deberían banearlo ya.,1
"El examen de la facultad estuvo de la chingada, pero alcancé a pasar.",0
"Qué pendejada acabo de hacer con el café, lo derramé sobre el teclado. Qué dolor de cabeza, puta madre.",0
EL STREAMER SE COMPORTA COMO UNA MIERDA Y LÁRGATE DE ESTA PLATAFORMA.,1
El creador del video se comporta como una pendeja y da asco que exista.,1
"¿Alguien sabe a qué hora abre la biblioteca central de la facultad? Qué dolor de cabeza, puta madre.",0
Esa mujer demuestra ser una plaga y da asco que exista.,1
Ese hater demuestra ser una cabrón y lárgate de esta plataforma.,1
La diputada no es más que una mierda y ojalá te pase algo malo.,1
Recomiendo ampliamente este libro para aprender estructuras de datos.,0
"El examen de la facultad estuvo de la chingada, pero alcancé a pasar. Qué dolor de cabeza, puta madre.",0
"No mames, está cabrón el tráfico de hoy en la avenida principal. Qué dolor de cabeza, puta madre.",0
El moderador no es más que una pendejo y hay que lincharlo entre todos.,1
Ese usuario no es más que una incompetente y da asco que exista.,1
Muchas gracias por compartir el enlace con la documentación de la API.,0
ESE HATER DEMUESTRA SER UNA IMBÉCIL Y LÁRGATE DE ESTA PLATAFORMA.,1
"Está cabrón terminar este proyecto final para el lunes. Qué dolor de cabeza, puta madre.",0
ESE HATER SE COMPORTA COMO UNA PENDEJA Y OJALÁ TE PASE ALGO MALO.,1
El proyecto final de ingeniería quedó agendada para el próximo lunes.,0
"No mames, está cabrón el tráfico de hoy en la avenida principal. Qué dolor de cabeza, puta madre.",0
El moderador resultó ser una pendeja y ojalá te pase algo malo.,1
Esa mujer es una completa idiota y eres un peligro social.,1
"No mames, está cabrón el tráfico de hoy en la avenida principal.",0
Está cabrón terminar este proyecto final para el lunes.,0
Ese hater es una completa inepto y eres un peligro social.,1
Ese usuario resultó ser una cabrón y da asco que exista.,1
"EL CANDIDATO DEBERÍA DESAPARECER, ARRUINA LA COMUNIDAD Y NADIE LO QUIERE AQUÍ.",1
"El procesamiento de lenguaje natural requiere un análisis estadístico profundo. Qué dolor de cabeza, puta madre.",0
Este tipo resultó ser una plaga y deberían banearlo ya.,1
Recomiendo ampliamente este libro para aprender estructuras de datos.,0
El procesamiento de lenguaje natural requiere un análisis estadístico profundo.,0
Ese hater resultó ser una pendejo y ojalá te pase algo malo.,1
"Qué pendejada acabo de hacer con el café, lo derramé sobre el teclado.",0
El árbitro demuestra ser una idiota y lárgate de esta plataforma.,1
EL ÁRBITRO DEMUESTRA SER UNA MIERDA Y DEBERÍAN BANEARLO YA.,1
El candidato resultó ser una pendeja y eres un peligro social.,1
"Muchas gracias por compartir el enlace con la documentación de la API. Qué dolor de cabeza, puta madre.",0
"No mames, está cabrón el tráfico de hoy en la avenida principal.",0
"¿Alguien sabe a qué hora abre la biblioteca central de la facultad? Qué dolor de cabeza, puta madre.",0
LA DIPUTADA SE COMPORTA COMO UNA CABRÓN Y DA ASCO QUE EXISTA.,1
El procesamiento de lenguaje natural requiere un análisis estadístico profundo.,0
ESA MUJER SE COMPORTA COMO UNA IMBÉCIL Y LÁRGATE DE ESTA PLATAFORMA.,1
"No mames, está cabrón el tráfico de hoy en la avenida principal.",0
EL CANDIDATO SE COMPORTA COMO UNA ESCORIA Y DEBERÍAN BANEARLO YA.,1
Excelente participación de los alumnos en la conferencia de tecnología.,0
"No mames, está cabrón el tráfico de hoy en la avenida principal.",0
"El árbitro debería desaparecer, arruina la comunidad y nadie lo quiere aquí.",1
EL CREADOR DEL VIDEO RESULTÓ SER UNA RATA Y DEBERÍAN BANEARLO YA.,1
Ese usuario no es más que una incompetente y deberían banearlo ya.,1
Ese usuario no es más que una plaga y deberían banearlo ya.,1
La diputada es una completa cabrón y da asco que exista.,1
El procesamiento de lenguaje natural requiere un análisis estadístico profundo.,0
Ese usuario demuestra ser una ignorante y hay que lincharlo entre todos.,1
Este tipo resultó ser una lacra y ojalá te pase algo malo.,1
"El streamer debería desaparecer, arruina la comunidad y nadie lo quiere aquí.",1
EL MODERADOR SE COMPORTA COMO UNA RATA Y OJALÁ TE PASE ALGO MALO.,1
Esa mujer es una completa plaga y da asco que exista.,1
"EL MODERADOR DEBERÍA DESAPARECER, ARRUINA LA COMUNIDAD Y NADIE LO QUIERE AQUÍ.",1
Este tipo resultó ser una parásito y da asco que exista.,1
El moderador no es más que una incompetente y ojalá te pase algo malo.,1
"No mames, está cabrón el tráfico de hoy en la avenida principal.",0
El moderador es una completa parásito y deberían banearlo ya.,1
ESA MUJER NO ES MÁS QUE UNA MIERDA Y ERES UN PELIGRO SOCIAL.,1
Muchas gracias por compartir el enlace con la documentación de la API.,0
El creador del video resultó ser una cabrón y hay que lincharlo entre todos.,1
"Ya valió madre, se cayó el sistema de la escuela otra vez.",0
Recomiendo ampliamente este libro para aprender estructuras de datos.,0
El streamer es una completa basura y lárgate de esta plataforma.,1
El creador del video se comporta como una pendejo y deberían banearlo ya.,1
El moderador resultó ser una basura y deberían banearlo ya.,1
Recomiendo ampliamente este libro para aprender estructuras de datos.,0
EL CREADOR DEL VIDEO SE COMPORTA COMO UNA RATA Y LÁRGATE DE ESTA PLATAFORMA.,1
"Qué pendejo estoy, olvidé el archivo en la otra computadora.",0
"Qué pendejada acabo de hacer con el café, lo derramé sobre el teclado. Qué dolor de cabeza, puta madre.",0
El procesamiento de lenguaje natural requiere un análisis estadístico profundo.,0
Ese hater resultó ser una pendeja y lárgate de esta plataforma.,1
EL CREADOR DEL VIDEO DEMUESTRA SER UNA PENDEJA Y LÁRGATE DE ESTA PLATAFORMA.,1
Esa mujer es una completa pendejo y lárgate de esta plataforma.,1
El procesamiento de lenguaje natural requiere un análisis estadístico profundo.,0
El moderador no es más que una lacra y hay que lincharlo entre todos.,1
El creador del video se comporta como una pendejo y hay que lincharlo entre todos.,1
"Qué pendejo estoy, olvidé el archivo en la otra computadora.",0
"No mames, está cabrón el tráfico de hoy en la avenida principal. Qué dolor de cabeza, puta madre.",0
"Qué pendejo estoy, olvidé el archivo en la otra computadora. Qué dolor de cabeza, puta madre.",0
El moderador resultó ser una inepto y da asco que exista.,1
El proyecto final de ingeniería quedó agendada para el próximo lunes.,0
Esa mujer se comporta como una cabrón y da asco que exista.,1
Ese hater no es más que una rata y deberían banearlo ya.,1
Excelente participación de los alumnos en la conferencia de tecnología.,0
Ese hater es una completa pendeja y lárgate de esta plataforma.,1
El candidato resultó ser una miserable y da asco que exista.,1
"Ya valió madre, se cayó el sistema de la escuela otra vez. Qué dolor de cabeza, puta madre.",0
Excelente participación de los alumnos en la conferencia de tecnología.,0
"Qué pendejo estoy, olvidé el archivo en la otra computadora. Qué dolor de cabeza, puta madre.",0
"Qué pendejada acabo de hacer con el café, lo derramé sobre el teclado.",0
"El examen de la facultad estuvo de la chingada, pero alcancé a pasar.",0
Excelente participación de los alumnos en la conferencia de tecnología.,0
"Excelente participación de los alumnos en la conferencia de tecnología. Qué dolor de cabeza, puta madre.",0
ESTE TIPO DEMUESTRA SER UNA BASURA Y HAY QUE LINCHARLO ENTRE TODOS.,1
"Ya valió madre, se cayó el sistema de la escuela otra vez. Qué dolor de cabeza, puta madre.",0
"El examen de la facultad estuvo de la chingada, pero alcancé a pasar. Qué dolor de cabeza, puta madre.",0
¿Alguien sabe a qué hora abre la biblioteca central de la facultad?,0
"El examen de la facultad estuvo de la chingada, pero alcancé a pasar.",0
Ese usuario se comporta como una mierda y lárgate de esta plataforma.,1
Ese hater se comporta como una inepto y hay que lincharlo entre todos.,1
Esa mujer es una completa escoria y da asco que exista.,1
Ese hater demuestra ser una ignorante y eres un peligro social.,1
El moderador se comporta como una rata y hay que lincharlo entre todos.,1
El moderador resultó ser una incompetente y hay que lincharlo entre todos.,1
El creador del video no es más que una lacra y lárgate de esta plataforma.,1
Ese hater no es más que una rata y ojalá te pase algo malo.,1
El moderador es una completa pendeja y eres un peligro social.,1
"EL CANDIDATO DEBERÍA DESAPARECER, ARRUINA LA COMUNIDAD Y NADIE LO QUIERE AQUÍ.",1
El streamer resultó ser una imbécil y lárgate de esta plataforma.,1
El candidato resultó ser una cabrón y deberían banearlo ya.,1
Está cabrón terminar este proyecto final para el lunes.,0
El moderador demuestra ser una imbécil y deberían banearlo ya.,1
EL MODERADOR SE COMPORTA COMO UNA MISERABLE Y ERES UN PELIGRO SOCIAL.,1
El creador del video se comporta como una lacra y ojalá te pase algo malo.,1
"¿Alguien sabe a qué hora abre la biblioteca central de la facultad? Qué dolor de cabeza, puta madre.",0
El streamer es una completa miserable y lárgate de esta plataforma.,1
¿Alguien sabe a qué hora abre la biblioteca central de la facultad?,0
"El examen de la facultad estuvo de la chingada, pero alcancé a pasar. Qué dolor de cabeza, puta madre.",0
"Qué pendejo estoy, olvidé el archivo en la otra computadora.",0
Muchas gracias por compartir el enlace con la documentación de la API.,0
"Esa mujer debería desaparecer, arruina la comunidad y nadie lo quiere aquí.",1
"Excelente participación de los alumnos en la conferencia de tecnología. Qué dolor de cabeza, puta madre.",0
El árbitro no es más que una basura y ojalá te pase algo malo.,1
El proyecto final de ingeniería quedó agendada para el próximo lunes.,0
"Qué pendejada acabo de hacer con el café, lo derramé sobre el teclado.",0
Esa mujer es una completa pendejo y lárgate de esta plataforma.,1
El proyecto final de ingeniería quedó agendada para el próximo lunes.,0
La diputada es una completa miserable y lárgate de esta plataforma.,1
EL CANDIDATO ES UNA COMPLETA INEPTO Y DA ASCO QUE EXISTA.,1
El árbitro se comporta como una cabrón y hay que lincharlo entre todos.,1
El streamer demuestra ser una rata y ojalá te pase algo malo.,1
Ese usuario no es más que una plaga y lárgate de esta plataforma.,1
Ese usuario resultó ser una imbécil y lárgate de esta plataforma.,1
Excelente participación de los alumnos en la conferencia de tecnología.,0
ESE USUARIO ES UNA COMPLETA PENDEJA Y DA ASCO QUE EXISTA.,1
"Qué pendejada acabo de hacer con el café, lo derramé sobre el teclado.",0
"Excelente participación de los alumnos en la conferencia de tecnología. Qué dolor de cabeza, puta madre.",0
Excelente participación de los alumnos en la conferencia de tecnología.,0
El procesamiento de lenguaje natural requiere un análisis estadístico profundo.,0
"El examen de la facultad estuvo de la chingada, pero alcancé a pasar.",0
"Ese usuario debería desaparecer, arruina la comunidad y nadie lo quiere aquí.",1
Ese usuario resultó ser una rata y hay que lincharlo entre todos.,1
"Qué pendejo estoy, olvidé el archivo en la otra computadora.",0
EL CREADOR DEL VIDEO ES UNA COMPLETA INEPTO Y LÁRGATE DE ESTA PLATAFORMA.,1
El streamer no es más que una plaga y eres un peligro social.,1
EL CREADOR DEL VIDEO SE COMPORTA COMO UNA PLAGA Y OJALÁ TE PASE ALGO MALO.,1
El proyecto final de ingeniería quedó agendada para el próximo lunes.,0
"El candidato debería desaparecer, arruina la comunidad y nadie lo quiere aquí.",1
El moderador es una completa parásito y lárgate de esta plataforma.,1
"Ya valió madre, se cayó el sistema de la escuela otra vez.",0
Este tipo no es más que una imbécil y eres un peligro social.,1
EL MODERADOR RESULTÓ SER UNA PENDEJO Y DA ASCO QUE EXISTA.,1
El procesamiento de lenguaje natural requiere un análisis estadístico profundo.,0
El árbitro no es más que una incompetente y deberían banearlo ya.,1
Ese usuario demuestra ser una miserable y lárgate de esta plataforma.,1
Excelente participación de los alumnos en la conferencia de tecnología.,0
"Qué pendejada acabo de hacer con el café, lo derramé sobre el teclado.",0
La diputada resultó ser una pendejo y eres un peligro social.,1
La diputada demuestra ser una plaga y ojalá te pase algo malo.,1
"El creador del video debería desaparecer, arruina la comunidad y nadie lo quiere aquí.",1
El creador del video es una completa basura y da asco que exista.,1
"Muchas gracias por compartir el enlace con la documentación de la API. Qué dolor de cabeza, puta madre.",0
"Qué pendejo estoy, olvidé el archivo en la otra computadora. Qué dolor de cabeza, puta madre.",0
El candidato se comporta como una pendejo y eres un peligro social.,1
Ese hater es una completa pendejo y hay que lincharlo entre todos.,1
Ese hater resultó ser una rata y deberían banearlo ya.,1
La diputada demuestra ser una incompetente y deberían banearlo ya.,1
"No mames, está cabrón el tráfico de hoy en la avenida principal. Qué dolor de cabeza, puta madre.",0
"Esa mujer debería desaparecer, arruina la comunidad y nadie lo quiere aquí.",1
Ese hater resultó ser una ignorante y eres un peligro social.,1
"Ya valió madre, se cayó el sistema de la escuela otra vez.",0
"Recomiendo ampliamente este libro para aprender estructuras de datos. Qué dolor de cabeza, puta madre.",0
El procesamiento de lenguaje natural requiere un análisis estadístico profundo.,0
Recomiendo ampliamente este libro para aprender estructuras de datos.,0
Muchas gracias por compartir el enlace con la documentación de la API.,0
¿Alguien sabe a qué hora abre la biblioteca central de la facultad?,0
El moderador resultó ser una lacra y deberían banearlo ya.,1
La diputada es una completa incompetente y eres un peligro social.,1
¿Alguien sabe a qué hora abre la biblioteca central de la facultad?,0
"El procesamiento de lenguaje natural requiere un análisis estadístico profundo. Qué dolor de cabeza, puta madre.",0
EL CANDIDATO RESULTÓ SER UNA BASURA Y ERES UN PELIGRO SOCIAL.,1
Ese usuario no es más que una miserable y eres un peligro social.,1
Esa mujer se comporta como una miserable y lárgate de esta plataforma.,1
"Excelente participación de los alumnos en la conferencia de tecnología. Qué dolor de cabeza, puta madre.",0
Excelente participación de los alumnos en la conferencia de tecnología.,0
Muchas gracias por compartir el enlace con la documentación de la API.,0
La diputada no es más que una incompetente y ojalá te pase algo malo.,1
"El creador del video debería desaparecer, arruina la comunidad y nadie lo quiere aquí.",1
"EL ÁRBITRO DEBERÍA DESAPARECER, ARRUINA LA COMUNIDAD Y NADIE LO QUIERE AQUÍ.",1
El moderador demuestra ser una cabrón y lárgate de esta plataforma.,1
La diputada resultó ser una parásito y hay que lincharlo entre todos.,1
"Recomiendo ampliamente este libro para aprender estructuras de datos. Qué dolor de cabeza, puta madre.",0
"Qué pendejo estoy, olvidé el archivo en la otra computadora.",0
¿Alguien sabe a qué hora abre la biblioteca central de la facultad?,0
"¿Alguien sabe a qué hora abre la biblioteca central de la facultad? Qué dolor de cabeza, puta madre.",0
El creador del video demuestra ser una idiota y deberían banearlo ya.,1
ESE USUARIO ES UNA COMPLETA MIERDA Y OJALÁ TE PASE ALGO MALO.,1
El creador del video resultó ser una lacra y hay que lincharlo entre todos.,1
"El proyecto final de ingeniería quedó agendada para el próximo lunes. Qué dolor de cabeza, puta madre.",0
"Qué pendejada acabo de hacer con el café, lo derramé sobre el teclado. Qué dolor de cabeza, puta madre.",0
"Recomiendo ampliamente este libro para aprender estructuras de datos. Qué dolor de cabeza, puta madre.",0
"Está cabrón terminar este proyecto final para el lunes. Qué dolor de cabeza, puta madre.",0
"Ya valió madre, se cayó el sistema de la escuela otra vez.",0
El moderador no es más que una pendejo y hay que lincharlo entre todos.,1
"Ya valió madre, se cayó el sistema de la escuela otra vez. Qué dolor de cabeza, puta madre.",0
El moderador se comporta como una ignorante y da asco que exista.,1
"Muchas gracias por compartir el enlace con la documentación de la API. Qué dolor de cabeza, puta madre.",0
Ese usuario demuestra ser una incompetente y lárgate de esta plataforma.,1
EL MODERADOR SE COMPORTA COMO UNA BASURA Y DA ASCO QUE EXISTA.,1
EL MODERADOR SE COMPORTA COMO UNA CABRÓN Y DEBERÍAN BANEARLO YA.,1
Esa mujer es una completa mierda y lárgate de esta plataforma.,1
ESE HATER ES UNA COMPLETA BASURA Y OJALÁ TE PASE ALGO MALO.,1
"El candidato debería desaparecer, arruina la comunidad y nadie lo quiere aquí.",1
"No mames, está cabrón el tráfico de hoy en la avenida principal.",0
ESE HATER DEMUESTRA SER UNA INCOMPETENTE Y DA ASCO QUE EXISTA.,1
"Qué pendejo estoy, olvidé el archivo en la otra computadora. Qué dolor de cabeza, puta madre.",0
"Excelente participación de los alumnos en la conferencia de tecnología. Qué dolor de cabeza, puta madre.",0
El moderador se comporta como una basura y ojalá te pase algo malo.,1
La diputada resultó ser una cabrón y da asco que exista.,1
La diputada es una completa imbécil y hay que lincharlo entre todos.,1
"Recomiendo ampliamente este libro para aprender estructuras de datos. Qué dolor de cabeza, puta madre.",0
Esa mujer se comporta como una ignorante y deberían banearlo ya.,1
"No mames, está cabrón el tráfico de hoy en la avenida principal.",0
"Está cabrón terminar este proyecto final para el lunes. Qué dolor de cabeza, puta madre.",0
Muchas gracias por compartir el enlace con la documentación de la API.,0
"Qué pendejo estoy, olvidé el archivo en la otra computadora. Qué dolor de cabeza, puta madre.",0
La diputada es una completa miserable y lárgate de esta plataforma.,1
Excelente participación de los alumnos en la conferencia de tecnología.,0
El candidato demuestra ser una plaga y eres un peligro social.,1
"Ya valió madre, se cayó el sistema de la escuela otra vez. Qué dolor de cabeza, puta madre.",0
Este tipo resultó ser una basura y deberían banearlo ya.,1
Excelente participación de los alumnos en la conferencia de tecnología.,0
¿Alguien sabe a qué hora abre la biblioteca central de la facultad?,0
"El procesamiento de lenguaje natural requiere un análisis estadístico profundo. Qué dolor de cabeza, puta madre.",0
Este tipo resultó ser una basura y deberían banearlo ya.,1
Ese hater no es más que una basura y eres un peligro social.,1
"La diputada debería desaparecer, arruina la comunidad y nadie lo quiere aquí.",1
"No mames, está cabrón el tráfico de hoy en la avenida principal. Qué dolor de cabeza, puta madre.",0
"ESE USUARIO DEBERÍA DESAPARECER, ARRUINA LA COMUNIDAD Y NADIE LO QUIERE AQUÍ.",1
El streamer es una completa escoria y eres un peligro social.,1
Muchas gracias por compartir el enlace con la documentación de la API.,0
"Qué pendejada acabo de hacer con el café, lo derramé sobre el teclado. Qué dolor de cabeza, puta madre.",0
"El examen de la facultad estuvo de la chingada, pero alcancé a pasar.",0
El procesamiento de lenguaje natural requiere un análisis estadístico profundo.,0
"El creador del video debería desaparecer, arruina la comunidad y nadie lo quiere aquí.",1
EL CREADOR DEL VIDEO SE COMPORTA COMO UNA ESCORIA Y LÁRGATE DE ESTA PLATAFORMA.,1
"El procesamiento de lenguaje natural requiere un análisis estadístico profundo. Qué dolor de cabeza, puta madre.",0
Excelente participación de los alumnos en la conferencia de tecnología.,0
"No mames, está cabrón el tráfico de hoy en la avenida principal. Qué dolor de cabeza, puta madre.",0
Muchas gracias por compartir el enlace con la documentación de la API.,0
El streamer no es más que una escoria y hay que lincharlo entre todos.,1
EL CANDIDATO RESULTÓ SER UNA PLAGA Y LÁRGATE DE ESTA PLATAFORMA.,1
"Qué pendejada acabo de hacer con el café, lo derramé sobre el teclado. Qué dolor de cabeza, puta madre.",0
"No mames, está cabrón el tráfico de hoy en la avenida principal.",0
ESA MUJER NO ES MÁS QUE UNA PARÁSITO Y OJALÁ TE PASE ALGO MALO.,1
Este tipo demuestra ser una basura y hay que lincharlo entre todos.,1
"No mames, está cabrón el tráfico de hoy en la avenida principal.",0
Esa mujer no es más que una plaga y da asco que exista.,1
Esa mujer es una completa mierda y da asco que exista.,1
La diputada no es más que una parásito y da asco que exista.,1
ESA MUJER DEMUESTRA SER UNA LACRA Y ERES UN PELIGRO SOCIAL.,1
El árbitro demuestra ser una lacra y ojalá te pase algo malo.,1
El proyecto final de ingeniería quedó agendada para el próximo lunes.,0
Esa mujer se comporta como una cabrón y deberían banearlo ya.,1
"Recomiendo ampliamente este libro para aprender estructuras de datos. Qué dolor de cabeza, puta madre.",0
"Muchas gracias por compartir el enlace con la documentación de la API. Qué dolor de cabeza, puta madre.",0
El proyecto final de ingeniería quedó agendada para el próximo lunes.,0
ESA MUJER NO ES MÁS QUE UNA LACRA Y ERES UN PELIGRO SOCIAL.,1
Ese hater es una completa cabrón y lárgate de esta plataforma.,1
"Qué pendejada acabo de hacer con el café, lo derramé sobre el teclado. Qué dolor de cabeza, puta madre.",0
"No mames, está cabrón el tráfico de hoy en la avenida principal. Qué dolor de cabeza, puta madre.",0
Muchas gracias por compartir el enlace con la documentación de la API.,0
El árbitro resultó ser una miserable y lárgate de esta plataforma.,1
"¿Alguien sabe a qué hora abre la biblioteca central de la facultad? Qué dolor de cabeza, puta madre.",0
"Qué pendejada acabo de hacer con el café, lo derramé sobre el teclado.",0
Muchas gracias por compartir el enlace con la documentación de la API.,0
El moderador resultó ser una rata y hay que lincharlo entre todos.,1
Muchas gracias por compartir el enlace con la documentación de la API.,0
Ese usuario demuestra ser una lacra y lárgate de esta plataforma.,1
Ese hater se comporta como una cabrón y deberían banearlo ya.,1
Esa mujer es una completa ignorante y lárgate de esta plataforma.,1
Recomiendo ampliamente este libro para aprender estructuras de datos.,0
"Este tipo debería desaparecer, arruina la comunidad y nadie lo quiere aquí.",1
EL CANDIDATO RESULTÓ SER UNA ESCORIA Y LÁRGATE DE ESTA PLATAFORMA.,1
Está cabrón terminar este proyecto final para el lunes.,0
El candidato resultó ser una parásito y hay que lincharlo entre todos.,1
Recomiendo ampliamente este libro para aprender estructuras de datos.,0
"¿Alguien sabe a qué hora abre la biblioteca central de la facultad? Qué dolor de cabeza, puta madre.",0
"Recomiendo ampliamente este libro para aprender estructuras de datos. Qué dolor de cabeza, puta madre.",0
ESA MUJER RESULTÓ SER UNA CABRÓN Y ERES UN PELIGRO SOCIAL.,1
¿Alguien sabe a qué hora abre la biblioteca central de la facultad?,0
"Ya valió madre, se cayó el sistema de la escuela otra vez.",0
El moderador resultó ser una miserable y lárgate de esta plataforma.,1
"El moderador debería desaparecer, arruina la comunidad y nadie lo quiere aquí.",1
El candidato es una completa miserable y lárgate de esta plataforma.,1
"Qué pendejada acabo de hacer con el café, lo derramé sobre el teclado. Qué dolor de cabeza, puta madre.",0
Esa mujer no es más que una pendeja y lárgate de esta plataforma.,1
Este tipo es una completa escoria y ojalá te pase algo malo.,1
El moderador no es más que una escoria y eres un peligro social.,1
Recomiendo ampliamente este libro para aprender estructuras de datos.,0
"Ya valió madre, se cayó el sistema de la escuela otra vez. Qué dolor de cabeza, puta madre.",0
"Ya valió madre, se cayó el sistema de la escuela otra vez.",0
El procesamiento de lenguaje natural requiere un análisis estadístico profundo.,0
El creador del video no es más que una rata y deberían banearlo ya.,1
"El proyecto final de ingeniería quedó agendada para el próximo lunes. Qué dolor de cabeza, puta madre.",0
LA DIPUTADA RESULTÓ SER UNA MISERABLE Y DA ASCO QUE EXISTA.,1
El moderador se comporta como una rata y deberían banearlo ya.,1
"El candidato debería desaparecer, arruina la comunidad y nadie lo quiere aquí.",1
El árbitro no es más que una lacra y da asco que exista.,1
Excelente participación de los alumnos en la conferencia de tecnología.,0
Ese usuario se comporta como una pendejo y ojalá te pase algo malo.,1
¿Alguien sabe a qué hora abre la biblioteca central de la facultad?,0
ESTE TIPO NO ES MÁS QUE UNA PARÁSITO Y LÁRGATE DE ESTA PLATAFORMA.,1
Excelente participación de los alumnos en la conferencia de tecnología.,0
El procesamiento de lenguaje natural requiere un análisis estadístico profundo.,0
El moderador es una completa mierda y da asco que exista.,1
"Qué pendejada acabo de hacer con el café, lo derramé sobre el teclado.",0
"Qué pendejo estoy, olvidé el archivo en la otra computadora. Qué dolor de cabeza, puta madre.",0
"Qué pendejada acabo de hacer con el café, lo derramé sobre el teclado.",0
"Está cabrón terminar este proyecto final para el lunes. Qué dolor de cabeza, puta madre.",0
"Este tipo debería desaparecer, arruina la comunidad y nadie lo quiere aquí.",1
La diputada no es más que una escoria y deberían banearlo ya.,1
El candidato es una completa pendeja y lárgate de esta plataforma.,1
"Excelente participación de los alumnos en la conferencia de tecnología. Qué dolor de cabeza, puta madre.",0
ESTE TIPO ES UNA COMPLETA MISERABLE Y DEBERÍAN BANEARLO YA.,1
Este tipo no es más que una lacra y da asco que exista.,1
El creador del video resultó ser una lacra y eres un peligro social.,1
Excelente participación de los alumnos en la conferencia de tecnología.,0
"Ya valió madre, se cayó el sistema de la escuela otra vez.",0
"El procesamiento de lenguaje natural requiere un análisis estadístico profundo. Qué dolor de cabeza, puta madre.",0
EL CANDIDATO DEMUESTRA SER UNA IMBÉCIL Y LÁRGATE DE ESTA PLATAFORMA.,1
El creador del video no es más que una basura y ojalá te pase algo malo.,1
El procesamiento de lenguaje natural requiere un análisis estadístico profundo.,0
"Ese hater debería desaparecer, arruina la comunidad y nadie lo quiere aquí.",1
LA DIPUTADA RESULTÓ SER UNA PLAGA Y LÁRGATE DE ESTA PLATAFORMA.,1
"El examen de la facultad estuvo de la chingada, pero alcancé a pasar.",0
EL CANDIDATO DEMUESTRA SER UNA BASURA Y OJALÁ TE PASE ALGO MALO.,1
El creador del video es una completa parásito y lárgate de esta plataforma.,1
"Qué pendejo estoy, olvidé el archivo en la otra computadora.",0
El streamer no es más que una imbécil y hay que lincharlo entre todos.,1
"Está cabrón terminar este proyecto final para el lunes. Qué dolor de cabeza, puta madre.",0
La diputada resultó ser una pendeja y deberían banearlo ya.,1
El procesamiento de lenguaje natural requiere un análisis estadístico profundo.,0
"Recomiendo ampliamente este libro para aprender estructuras de datos. Qué dolor de cabeza, puta madre.",0
"Ya valió madre, se cayó el sistema de la escuela otra vez.",0
Esa mujer no es más que una rata y ojalá te pase algo malo.,1
El árbitro no es más que una escoria y ojalá te pase algo malo.,1
"Qué pendejo estoy, olvidé el archivo en la otra computadora. Qué dolor de cabeza, puta madre.",0
"El examen de la facultad estuvo de la chingada, pero alcancé a pasar. Qué dolor de cabeza, puta madre.",0
ESTE TIPO NO ES MÁS QUE UNA MISERABLE Y DA ASCO QUE EXISTA.,1
Este tipo no es más que una miserable y lárgate de esta plataforma.,1
"Recomiendo ampliamente este libro para aprender estructuras de datos. Qué dolor de cabeza, puta madre.",0
Ese usuario no es más que una imbécil y eres un peligro social.,1
"Qué pendejo estoy, olvidé el archivo en la otra computadora.",0
LA DIPUTADA ES UNA COMPLETA LACRA Y DA ASCO QUE EXISTA.,1
La diputada resultó ser una mierda y da asco que exista.,1
Ese hater resultó ser una lacra y da asco que exista.,1
La diputada demuestra ser una inepto y deberían banearlo ya.,1
El creador del video se comporta como una ignorante y eres un peligro social.,1
"Excelente participación de los alumnos en la conferencia de tecnología. Qué dolor de cabeza, puta madre.",0
"Qué pendejada acabo de hacer con el café, lo derramé sobre el teclado. Qué dolor de cabeza, puta madre.",0
Ese hater demuestra ser una escoria y ojalá te pase algo malo.,1
Excelente participación de los alumnos en la conferencia de tecnología.,0
EL CANDIDATO SE COMPORTA COMO UNA LACRA Y LÁRGATE DE ESTA PLATAFORMA.,1
"Muchas gracias por compartir el enlace con la documentación de la API. Qué dolor de cabeza, puta madre.",0
Ese usuario no es más que una escoria y da asco que exista.,1
Ese hater resultó ser una rata y da asco que exista.,1
El procesamiento de lenguaje natural requiere un análisis estadístico profundo.,0
"El examen de la facultad estuvo de la chingada, pero alcancé a pasar.",0
"El examen de la facultad estuvo de la chingada, pero alcancé a pasar. Qué dolor de cabeza, puta madre.",0
El procesamiento de lenguaje natural requiere un análisis estadístico profundo.,0
"No mames, está cabrón el tráfico de hoy en la avenida principal. Qué dolor de cabeza, puta madre.",0
El moderador se comporta como una inepto y ojalá te pase algo malo.,1
"Este tipo debería desaparecer, arruina la comunidad y nadie lo quiere aquí.",1
Muchas gracias por compartir el enlace con la documentación de la API.,0
El moderador se comporta como una escoria y da asco que exista.,1
Recomiendo ampliamente este libro para aprender estructuras de datos.,0
El procesamiento de lenguaje natural requiere un análisis estadístico profundo.,0
ESE HATER DEMUESTRA SER UNA CABRÓN Y ERES UN PELIGRO SOCIAL.,1
"El examen de la facultad estuvo de la chingada, pero alcancé a pasar.",0
El moderador resultó ser una miserable y eres un peligro social.,1
"EL STREAMER DEBERÍA DESAPARECER, ARRUINA LA COMUNIDAD Y NADIE LO QUIERE AQUÍ.",1
ESTE TIPO SE COMPORTA COMO UNA IDIOTA Y DA ASCO QUE EXISTA.,1
EL CREADOR DEL VIDEO DEMUESTRA SER UNA PLAGA Y DA ASCO QUE EXISTA.,1
El proyecto final de ingeniería quedó agendada para el próximo lunes.,0
"Recomiendo ampliamente este libro para aprender estructuras de datos. Qué dolor de cabeza, puta madre.",0
Este tipo resultó ser una cabrón y lárgate de esta plataforma.,1
"Ya valió madre, se cayó el sistema de la escuela otra vez. Qué dolor de cabeza, puta madre.",0
Muchas gracias por compartir el enlace con la documentación de la API.,0
"EL STREAMER DEBERÍA DESAPARECER, ARRUINA LA COMUNIDAD Y NADIE LO QUIERE AQUÍ.",1
"No mames, está cabrón el tráfico de hoy en la avenida principal. Qué dolor de cabeza, puta madre.",0
EL CREADOR DEL VIDEO NO ES MÁS QUE UNA PENDEJO Y OJALÁ TE PASE ALGO MALO.,1
"LA DIPUTADA DEBERÍA DESAPARECER, ARRUINA LA COMUNIDAD Y NADIE LO QUIERE AQUÍ.",1
Este tipo es una completa mierda y da asco que exista.,1
Está cabrón terminar este proyecto final para el lunes.,0
"Ese usuario debería desaparecer, arruina la comunidad y nadie lo quiere aquí.",1
Ese usuario resultó ser una imbécil y eres un peligro social.,1
Muchas gracias por compartir el enlace con la documentación de la API.,0
"ESE USUARIO DEBERÍA DESAPARECER, ARRUINA LA COMUNIDAD Y NADIE LO QUIERE AQUÍ.",1
Ese hater no es más que una pendeja y eres un peligro social.,1
Está cabrón terminar este proyecto final para el lunes.,0
Ese usuario no es más que una idiota y ojalá te pase algo malo.,1
El árbitro resultó ser una parásito y eres un peligro social.,1
El árbitro demuestra ser una escoria y lárgate de esta plataforma.,1
ESA MUJER SE COMPORTA COMO UNA INEPTO Y LÁRGATE DE ESTA PLATAFORMA.,1
"Muchas gracias por compartir el enlace con la documentación de la API. Qué dolor de cabeza, puta madre.",0
Está cabrón terminar este proyecto final para el lunes.,0
El moderador es una completa parásito y lárgate de esta plataforma.,1
El proyecto final de ingeniería quedó agendada para el próximo lunes.,0
La diputada resultó ser una imbécil y eres un peligro social.,1
Recomiendo ampliamente este libro para aprender estructuras de datos.,0
"El examen de la facultad estuvo de la chingada, pero alcancé a pasar. Qué dolor de cabeza, puta madre.",0
El moderador resultó ser una mierda y eres un peligro social.,1
"Ese hater debería desaparecer, arruina la comunidad y nadie lo quiere aquí.",1
El árbitro resultó ser una lacra y ojalá te pase algo malo.,1
EL STREAMER NO ES MÁS QUE UNA ESCORIA Y DA ASCO QUE EXISTA.,1
El árbitro resultó ser una basura y ojalá te pase algo malo.,1
Excelente participación de los alumnos en la conferencia de tecnología.,0
El streamer es una completa imbécil y ojalá te pase algo malo.,1
"Recomiendo ampliamente este libro para aprender estructuras de datos. Qué dolor de cabeza, puta madre.",0
Esa mujer demuestra ser una incompetente y deberían banearlo ya.,1
Muchas gracias por compartir el enlace con la documentación de la API.,0
"El streamer debería desaparecer, arruina la comunidad y nadie lo quiere aquí.",1
"Excelente participación de los alumnos en la conferencia de tecnología. Qué dolor de cabeza, puta madre.",0
El moderador no es más que una plaga y da asco que exista.,1
"El proyecto final de ingeniería quedó agendada para el próximo lunes. Qué dolor de cabeza, puta madre.",0
Esa mujer no es más que una imbécil y lárgate de esta plataforma.,1
LA DIPUTADA RESULTÓ SER UNA INCOMPETENTE Y DEBERÍAN BANEARLO YA.,1
"¿Alguien sabe a qué hora abre la biblioteca central de la facultad? Qué dolor de cabeza, puta madre.",0
El streamer resultó ser una rata y deberían banearlo ya.,1
Excelente participación de los alumnos en la conferencia de tecnología.,0
El moderador es una completa escoria y lárgate de esta plataforma.,1
Esa mujer es una completa inepto y eres un peligro social.,1
"El streamer debería desaparecer, arruina la comunidad y nadie lo quiere aquí.",1
Muchas gracias por compartir el enlace con la documentación de la API.,0
Ese hater no es más que una pendejo y deberían banearlo ya.,1
El creador del video demuestra ser una imbécil y eres un peligro social.,1
"No mames, está cabrón el tráfico de hoy en la avenida principal.",0
"¿Alguien sabe a qué hora abre la biblioteca central de la facultad? Qué dolor de cabeza, puta madre.",0
"No mames, está cabrón el tráfico de hoy en la avenida principal. Qué dolor de cabeza, puta madre.",0
La diputada se comporta como una miserable y lárgate de esta plataforma.,1
"No mames, está cabrón el tráfico de hoy en la avenida principal.",0
"Ya valió madre, se cayó el sistema de la escuela otra vez.",0
"Ese usuario debería desaparecer, arruina la comunidad y nadie lo quiere aquí.",1
"Muchas gracias por compartir el enlace con la documentación de la API. Qué dolor de cabeza, puta madre.",0
"Qué pendejada acabo de hacer con el café, lo derramé sobre el teclado.",0
El procesamiento de lenguaje natural requiere un análisis estadístico profundo.,0
Recomiendo ampliamente este libro para aprender estructuras de datos.,0
ESE USUARIO RESULTÓ SER UNA INEPTO Y ERES UN PELIGRO SOCIAL.,1
"El proyecto final de ingeniería quedó agendada para el próximo lunes. Qué dolor de cabeza, puta madre.",0
ESTE TIPO SE COMPORTA COMO UNA BASURA Y ERES UN PELIGRO SOCIAL.,1
La diputada no es más que una idiota y lárgate de esta plataforma.,1
"Muchas gracias por compartir el enlace con la documentación de la API. Qué dolor de cabeza, puta madre.",0
"Qué pendejada acabo de hacer con el café, lo derramé sobre el teclado. Qué dolor de cabeza, puta madre.",0
El árbitro resultó ser una basura y deberían banearlo ya.,1
Está cabrón terminar este proyecto final para el lunes.,0
El streamer se comporta como una parásito y hay que lincharlo entre todos.,1
"Este tipo debería desaparecer, arruina la comunidad y nadie lo quiere aquí.",1
"Está cabrón terminar este proyecto final para el lunes. Qué dolor de cabeza, puta madre.",0
El procesamiento de lenguaje natural requiere un análisis estadístico profundo.,0
"Ya valió madre, se cayó el sistema de la escuela otra vez.",0
Esa mujer demuestra ser una inepto y lárgate de esta plataforma.,1
"No mames, está cabrón el tráfico de hoy en la avenida principal.",0
"Ya valió madre, se cayó el sistema de la escuela otra vez. Qué dolor de cabeza, puta madre.",0
Este tipo demuestra ser una parásito y deberían banearlo ya.,1
"Ya valió madre, se cayó el sistema de la escuela otra vez.",0
Ese usuario no es más que una basura y ojalá te pase algo malo.,1
Ese hater se comporta como una parásito y lárgate de esta plataforma.,1
"¿Alguien sabe a qué hora abre la biblioteca central de la facultad? Qué dolor de cabeza, puta madre.",0
Esa mujer se comporta como una imbécil y hay que lincharlo entre todos.,1
EL STREAMER RESULTÓ SER UNA INCOMPETENTE Y ERES UN PELIGRO SOCIAL.,1
"El proyecto final de ingeniería quedó agendada para el próximo lunes. Qué dolor de cabeza, puta madre.",0
"El examen de la facultad estuvo de la chingada, pero alcancé a pasar.",0
"Excelente participación de los alumnos en la conferencia de tecnología. Qué dolor de cabeza, puta madre.",0
El candidato es una completa lacra y hay que lincharlo entre todos.,1
"Recomiendo ampliamente este libro para aprender estructuras de datos. Qué dolor de cabeza, puta madre.",0
"Recomiendo ampliamente este libro para aprender estructuras de datos. Qué dolor de cabeza, puta madre.",0
El proyecto final de ingeniería quedó agendada para el próximo lunes.,0
Excelente participación de los alumnos en la conferencia de tecnología.,0
Ese usuario resultó ser una basura y da asco que exista.,1
EL MODERADOR SE COMPORTA COMO UNA LACRA Y LÁRGATE DE ESTA PLATAFORMA.,1
El candidato se comporta como una imbécil y hay que lincharlo entre todos.,1
¿Alguien sabe a qué hora abre la biblioteca central de la facultad?,0
El árbitro demuestra ser una basura y lárgate de esta plataforma.,1
"Muchas gracias por compartir el enlace con la documentación de la API. Qué dolor de cabeza, puta madre.",0
Ese hater se comporta como una pendejo y hay que lincharlo entre todos.,1
"Ya valió madre, se cayó el sistema de la escuela otra vez.",0
El streamer demuestra ser una rata y eres un peligro social.,1
"Qué pendejo estoy, olvidé el archivo en la otra computadora.",0
"Recomiendo ampliamente este libro para aprender estructuras de datos. Qué dolor de cabeza, puta madre.",0
"El examen de la facultad estuvo de la chingada, pero alcancé a pasar. Qué dolor de cabeza, puta madre.",0
¿Alguien sabe a qué hora abre la biblioteca central de la facultad?,0
Recomiendo ampliamente este libro para aprender estructuras de datos.,0
"No mames, está cabrón el tráfico de hoy en la avenida principal.",0
El candidato demuestra ser una rata y eres un peligro social.,1
El candidato demuestra ser una basura y hay que lincharlo entre todos.,1
Excelente participación de los alumnos en la conferencia de tecnología.,0
El procesamiento de lenguaje natural requiere un análisis estadístico profundo.,0
"Qué pendejada acabo de hacer con el café, lo derramé sobre el teclado.",0
"El examen de la facultad estuvo de la chingada, pero alcancé a pasar.",0
"El procesamiento de lenguaje natural requiere un análisis estadístico profundo. Qué dolor de cabeza, puta madre.",0
La diputada demuestra ser una cabrón y hay que lincharlo entre todos.,1
"Ya valió madre, se cayó el sistema de la escuela otra vez.",0
Está cabrón terminar este proyecto final para el lunes.,0
Esa mujer demuestra ser una lacra y da asco que exista.,1
"No mames, está cabrón el tráfico de hoy en la avenida principal. Qué dolor de cabeza, puta madre.",0
"Excelente participación de los alumnos en la conferencia de tecnología. Qué dolor de cabeza, puta madre.",0
"El proyecto final de ingeniería quedó agendada para el próximo lunes. Qué dolor de cabeza, puta madre.",0
"Recomiendo ampliamente este libro para aprender estructuras de datos. Qué dolor de cabeza, puta madre.",0
"Esa mujer debería desaparecer, arruina la comunidad y nadie lo quiere aquí.",1
La diputada es una completa mierda y lárgate de esta plataforma.,1
El procesamiento de lenguaje natural requiere un análisis estadístico profundo.,0
El streamer se comporta como una imbécil y lárgate de esta plataforma.,1
"La diputada debería desaparecer, arruina la comunidad y nadie lo quiere aquí.",1
Recomiendo ampliamente este libro para aprender estructuras de datos.,0
Está cabrón terminar este proyecto final para el lunes.,0
"El examen de la facultad estuvo de la chingada, pero alcancé a pasar. Qué dolor de cabeza, puta madre.",0
El moderador se comporta como una plaga y deberían banearlo ya.,1
Esa mujer no es más que una parásito y deberían banearlo ya.,1
"Ya valió madre, se cayó el sistema de la escuela otra vez.",0
La diputada demuestra ser una cabrón y ojalá te pase algo malo.,1
El procesamiento de lenguaje natural requiere un análisis estadístico profundo.,0
"El examen de la facultad estuvo de la chingada, pero alcancé a pasar.",0
"Ya valió madre, se cayó el sistema de la escuela otra vez. Qué dolor de cabeza, puta madre.",0
El moderador es una completa basura y da asco que exista.,1
"Ya valió madre, se cayó el sistema de la escuela otra vez. Qué dolor de cabeza, puta madre.",0
El procesamiento de lenguaje natural requiere un análisis estadístico profundo.,0
"Qué pendejada acabo de hacer con el café, lo derramé sobre el teclado.",0
"El proyecto final de ingeniería quedó agendada para el próximo lunes. Qué dolor de cabeza, puta madre.",0
El creador del video no es más que una pendejo y hay que lincharlo entre todos.,1
"Ya valió madre, se cayó el sistema de la escuela otra vez. Qué dolor de cabeza, puta madre.",0
"El streamer debería desaparecer, arruina la comunidad y nadie lo quiere aquí.",1
Esa mujer es una completa plaga y eres un peligro social.,1
El creador del video no es más que una mierda y da asco que exista.,1
"Ya valió madre, se cayó el sistema de la escuela otra vez. Qué dolor de cabeza, puta madre.",0
El streamer es una completa idiota y lárgate de esta plataforma.,1
"Qué pendejo estoy, olvidé el archivo en la otra computadora.",0
El streamer se comporta como una cabrón y da asco que exista.,1
"Qué pendejada acabo de hacer con el café, lo derramé sobre el teclado.",0
Ese usuario es una completa mierda y lárgate de esta plataforma.,1
Está cabrón terminar este proyecto final para el lunes.,0
"El moderador debería desaparecer, arruina la comunidad y nadie lo quiere aquí.",1
"El streamer debería desaparecer, arruina la comunidad y nadie lo quiere aquí.",1
Ese usuario demuestra ser una pendeja y lárgate de esta plataforma.,1
Está cabrón terminar este proyecto final para el lunes.,0
Esa mujer es una completa basura y ojalá te pase algo malo.,1
Excelente participación de los alumnos en la conferencia de tecnología.,0
EL MODERADOR SE COMPORTA COMO UNA INEPTO Y LÁRGATE DE ESTA PLATAFORMA.,1
"Ya valió madre, se cayó el sistema de la escuela otra vez.",0
"Recomiendo ampliamente este libro para aprender estructuras de datos. Qué dolor de cabeza, puta madre.",0
Este tipo resultó ser una parásito y hay que lincharlo entre todos.,1
ESTE TIPO ES UNA COMPLETA MIERDA Y HAY QUE LINCHARLO ENTRE TODOS.,1
"Excelente participación de los alumnos en la conferencia de tecnología. Qué dolor de cabeza, puta madre.",0
Ese usuario resultó ser una plaga y da asco que exista.,1
EL ÁRBITRO RESULTÓ SER UNA CABRÓN Y DA ASCO QUE EXISTA.,1
"ESA MUJER DEBERÍA DESAPARECER, ARRUINA LA COMUNIDAD Y NADIE LO QUIERE AQUÍ.",1
Ese usuario demuestra ser una cabrón y lárgate de esta plataforma.,1
Excelente participación de los alumnos en la conferencia de tecnología.,0
El streamer demuestra ser una idiota y deberían banearlo ya.,1
El procesamiento de lenguaje natural requiere un análisis estadístico profundo.,0
Muchas gracias por compartir el enlace con la documentación de la API.,0
"Qué pendejada acabo de hacer con el café, lo derramé sobre el teclado.",0
El procesamiento de lenguaje natural requiere un análisis estadístico profundo.,0
"No mames, está cabrón el tráfico de hoy en la avenida principal.",0
ESE HATER SE COMPORTA COMO UNA ESCORIA Y HAY QUE LINCHARLO ENTRE TODOS.,1
El candidato se comporta como una pendeja y da asco que exista.,1
El moderador resultó ser una imbécil y ojalá te pase algo malo.,1
"¿Alguien sabe a qué hora abre la biblioteca central de la facultad? Qué dolor de cabeza, puta madre.",0
La diputada demuestra ser una parásito y ojalá te pase algo malo.,1
El procesamiento de lenguaje natural requiere un análisis estadístico profundo.,0
El creador del video no es más que una rata y hay que lincharlo entre todos.,1
Ese hater resultó ser una pendejo y eres un peligro social.,1
Este tipo se comporta como una cabrón y deberían banearlo ya.,1
El proyecto final de ingeniería quedó agendada para el próximo lunes.,0
EL MODERADOR RESULTÓ SER UNA PENDEJA Y DA ASCO QUE EXISTA.,1
El moderador no es más que una imbécil y eres un peligro social.,1
"Ya valió madre, se cayó el sistema de la escuela otra vez. Qué dolor de cabeza, puta madre.",0
"La diputada debería desaparecer, arruina la comunidad y nadie lo quiere aquí.",1
¿Alguien sabe a qué hora abre la biblioteca central de la facultad?,0
La diputada es una completa parásito y hay que lincharlo entre todos.,1
"Qué pendejo estoy, olvidé el archivo en la otra computadora.",0
EL ÁRBITRO RESULTÓ SER UNA PARÁSITO Y DA ASCO QUE EXISTA.,1
La diputada no es más que una idiota y eres un peligro social.,1
"Ya valió madre, se cayó el sistema de la escuela otra vez. Qué dolor de cabeza, puta madre.",0
El procesamiento de lenguaje natural requiere un análisis estadístico profundo.,0
El candidato demuestra ser una pendejo y lárgate de esta plataforma.,1
Está cabrón terminar este proyecto final para el lunes.,0
Este tipo resultó ser una parásito y hay que lincharlo entre todos.,1
El árbitro se comporta como una miserable y da asco que exista.,1
El candidato demuestra ser una incompetente y deberían banearlo ya.,1
El árbitro es una completa escoria y deberían banearlo ya.,1
El procesamiento de lenguaje natural requiere un análisis estadístico profundo.,0
"¿Alguien sabe a qué hora abre la biblioteca central de la facultad? Qué dolor de cabeza, puta madre.",0
La diputada resultó ser una rata y lárgate de esta plataforma.,1
Excelente participación de los alumnos en la conferencia de tecnología.,0
"Ya valió madre, se cayó el sistema de la escuela otra vez.",0
"El examen de la facultad estuvo de la chingada, pero alcancé a pasar.",0
"Muchas gracias por compartir el enlace con la documentación de la API. Qué dolor de cabeza, puta madre.",0
"Qué pendejada acabo de hacer con el café, lo derramé sobre el teclado.",0
"Qué pendejo estoy, olvidé el archivo en la otra computadora.",0
El creador del video demuestra ser una basura y da asco que exista.,1
Muchas gracias por compartir el enlace con la documentación de la API.,0
"Ya valió madre, se cayó el sistema de la escuela otra vez.",0
El candidato resultó ser una ignorante y da asco que exista.,1
"El examen de la facultad estuvo de la chingada, pero alcancé a pasar. Qué dolor de cabeza, puta madre.",0
Muchas gracias por compartir el enlace con la documentación de la API.,0
"Qué pendejo estoy, olvidé el archivo en la otra computadora. Qué dolor de cabeza, puta madre.",0
"Qué pendejo estoy, olvidé el archivo en la otra computadora.",0
Esa mujer no es más que una rata y da asco que exista.,1
El árbitro no es más que una incompetente y deberían banearlo ya.,1
"Ya valió madre, se cayó el sistema de la escuela otra vez. Qué dolor de cabeza, puta madre.",0
"Qué pendejada acabo de hacer con el café, lo derramé sobre el teclado. Qué dolor de cabeza, puta madre.",0
"El examen de la facultad estuvo de la chingada, pero alcancé a pasar. Qué dolor de cabeza, puta madre.",0
El árbitro no es más que una miserable y lárgate de esta plataforma.,1
"Ya valió madre, se cayó el sistema de la escuela otra vez.",0
Muchas gracias por compartir el enlace con la documentación de la API.,0
"El examen de la facultad estuvo de la chingada, pero alcancé a pasar.",0
El creador del video resultó ser una incompetente y deberían banearlo ya.,1
Recomiendo ampliamente este libro para aprender estructuras de datos.,0
El candidato no es más que una pendeja y ojalá te pase algo malo.,1
Ese hater demuestra ser una pendejo y eres un peligro social.,1
¿Alguien sabe a qué hora abre la biblioteca central de la facultad?,0
El moderador resultó ser una basura y da asco que exista.,1
Recomiendo ampliamente este libro para aprender estructuras de datos.,0
El árbitro no es más que una ignorante y ojalá te pase algo malo.,1
Ese usuario demuestra ser una escoria y hay que lincharlo entre todos.,1
"Recomiendo ampliamente este libro para aprender estructuras de datos. Qué dolor de cabeza, puta madre.",0
Está cabrón terminar este proyecto final para el lunes.,0
El creador del video es una completa imbécil y eres un peligro social.,1
"El proyecto final de ingeniería quedó agendada para el próximo lunes. Qué dolor de cabeza, puta madre.",0
Está cabrón terminar este proyecto final para el lunes.,0
EL STREAMER RESULTÓ SER UNA CABRÓN Y OJALÁ TE PASE ALGO MALO.,1
"Ya valió madre, se cayó el sistema de la escuela otra vez. Qué dolor de cabeza, puta madre.",0
EL CREADOR DEL VIDEO NO ES MÁS QUE UNA PENDEJO Y ERES UN PELIGRO SOCIAL.,1
¿Alguien sabe a qué hora abre la biblioteca central de la facultad?,0
"Qué pendejo estoy, olvidé el archivo en la otra computadora.",0
El candidato resultó ser una escoria y da asco que exista.,1
"Está cabrón terminar este proyecto final para el lunes. Qué dolor de cabeza, puta madre.",0
Ese hater demuestra ser una parásito y hay que lincharlo entre todos.,1
"Está cabrón terminar este proyecto final para el lunes. Qué dolor de cabeza, puta madre.",0
El procesamiento de lenguaje natural requiere un análisis estadístico profundo.,0
"Ya valió madre, se cayó el sistema de la escuela otra vez.",0
El proyecto final de ingeniería quedó agendada para el próximo lunes.,0
Ese usuario resultó ser una incompetente y eres un peligro social.,1
"El proyecto final de ingeniería quedó agendada para el próximo lunes. Qué dolor de cabeza, puta madre.",0
"Qué pendejo estoy, olvidé el archivo en la otra computadora.",0
"El examen de la facultad estuvo de la chingada, pero alcancé a pasar.",0
"Muchas gracias por compartir el enlace con la documentación de la API. Qué dolor de cabeza, puta madre.",0
Ese hater se comporta como una rata y deberían banearlo ya.,1
El árbitro se comporta como una imbécil y lárgate de esta plataforma.,1
"El creador del video debería desaparecer, arruina la comunidad y nadie lo quiere aquí.",1
"Qué pendejo estoy, olvidé el archivo en la otra computadora.",0
El moderador se comporta como una pendeja y hay que lincharlo entre todos.,1
El moderador es una completa idiota y deberían banearlo ya.,1
Este tipo demuestra ser una mierda y da asco que exista.,1
EL ÁRBITRO ES UNA COMPLETA MISERABLE Y HAY QUE LINCHARLO ENTRE TODOS.,1
"El examen de la facultad estuvo de la chingada, pero alcancé a pasar.",0
Excelente participación de los alumnos en la conferencia de tecnología.,0
"Qué pendejada acabo de hacer con el café, lo derramé sobre el teclado. Qué dolor de cabeza, puta madre.",0
"El examen de la facultad estuvo de la chingada, pero alcancé a pasar.",0
"El examen de la facultad estuvo de la chingada, pero alcancé a pasar. Qué dolor de cabeza, puta madre.",0
Esa mujer demuestra ser una ignorante y hay que lincharlo entre todos.,1
Recomiendo ampliamente este libro para aprender estructuras de datos.,0
LA DIPUTADA RESULTÓ SER UNA CABRÓN Y LÁRGATE DE ESTA PLATAFORMA.,1
El candidato demuestra ser una pendejo y da asco que exista.,1
Ese usuario demuestra ser una parásito y deberían banearlo ya.,1
El árbitro resultó ser una miserable y lárgate de esta plataforma.,1
El creador del video se comporta como una imbécil y deberían banearlo ya.,1
ESTE TIPO ES UNA COMPLETA PENDEJA Y DEBERÍAN BANEARLO YA.,1
El árbitro se comporta como una miserable y ojalá te pase algo malo.,1
El streamer resultó ser una escoria y deberían banearlo ya.,1
"Ya valió madre, se cayó el sistema de la escuela otra vez. Qué dolor de cabeza, puta madre.",0
El creador del video es una completa lacra y eres un peligro social.,1
Ese usuario no es más que una miserable y deberían banearlo ya.,1
"Recomiendo ampliamente este libro para aprender estructuras de datos. Qué dolor de cabeza, puta madre.",0
El proyecto final de ingeniería quedó agendada para el próximo lunes.,0
El creador del video resultó ser una pendeja y hay que lincharlo entre todos.,1
"Qué pendejo estoy, olvidé el archivo en la otra computadora. Qué dolor de cabeza, puta madre.",0
"Ya valió madre, se cayó el sistema de la escuela otra vez.",0
El streamer resultó ser una pendeja y deberían banearlo ya.,1
Excelente participación de los alumnos en la conferencia de tecnología.,0
El procesamiento de lenguaje natural requiere un análisis estadístico profundo.,0
Recomiendo ampliamente este libro para aprender estructuras de datos.,0
"El árbitro debería desaparecer, arruina la comunidad y nadie lo quiere aquí.",1
El creador del video resultó ser una imbécil y deberían banearlo ya.,1
El moderador es una completa pendeja y da asco que exista.,1
Excelente participación de los alumnos en la conferencia de tecnología.,0
El creador del video resultó ser una pendejo y ojalá te pase algo malo.,1
Ese usuario es una completa pendeja y da asco que exista.,1
LA DIPUTADA SE COMPORTA COMO UNA BASURA Y DEBERÍAN BANEARLO YA.,1
"El moderador debería desaparecer, arruina la comunidad y nadie lo quiere aquí.",1
¿Alguien sabe a qué hora abre la biblioteca central de la facultad?,0
"Ya valió madre, se cayó el sistema de la escuela otra vez. Qué dolor de cabeza, puta madre.",0
"El proyecto final de ingeniería quedó agendada para el próximo lunes. Qué dolor de cabeza, puta madre.",0
Está cabrón terminar este proyecto final para el lunes.,0
ESTE TIPO DEMUESTRA SER UNA PENDEJA Y ERES UN PELIGRO SOCIAL.,1
Muchas gracias por compartir el enlace con la documentación de la API.,0
El árbitro demuestra ser una mierda y hay que lincharlo entre todos.,1
"Muchas gracias por compartir el enlace con la documentación de la API. Qué dolor de cabeza, puta madre.",0
"No mames, está cabrón el tráfico de hoy en la avenida principal.",0
"Está cabrón terminar este proyecto final para el lunes. Qué dolor de cabeza, puta madre.",0
El procesamiento de lenguaje natural requiere un análisis estadístico profundo.,0
ESE USUARIO NO ES MÁS QUE UNA INCOMPETENTE Y HAY QUE LINCHARLO ENTRE TODOS.,1
Ese hater es una completa escoria y deberían banearlo ya.,1
Ese usuario se comporta como una lacra y hay que lincharlo entre todos.,1
El creador del video demuestra ser una imbécil y hay que lincharlo entre todos.,1
La diputada se comporta como una miserable y ojalá te pase algo malo.,1
El streamer es una completa mierda y hay que lincharlo entre todos.,1
Ese hater resultó ser una escoria y eres un peligro social.,1
"Qué pendejo estoy, olvidé el archivo en la otra computadora.",0
"El examen de la facultad estuvo de la chingada, pero alcancé a pasar. Qué dolor de cabeza, puta madre.",0
El árbitro no es más que una lacra y hay que lincharlo entre todos.,1
EL CANDIDATO ES UNA COMPLETA IDIOTA Y OJALÁ TE PASE ALGO MALO.,1
El streamer demuestra ser una incompetente y lárgate de esta plataforma.,1
Ese usuario es una completa cabrón y ojalá te pase algo malo.,1
"No mames, está cabrón el tráfico de hoy en la avenida principal.",0
"El examen de la facultad estuvo de la chingada, pero alcancé a pasar.",0
"Ya valió madre, se cayó el sistema de la escuela otra vez.",0
El candidato es una completa escoria y eres un peligro social.,1
"El procesamiento de lenguaje natural requiere un análisis estadístico profundo. Qué dolor de cabeza, puta madre.",0
"Está cabrón terminar este proyecto final para el lunes. Qué dolor de cabeza, puta madre.",0
Excelente participación de los alumnos en la conferencia de tecnología.,0
Está cabrón terminar este proyecto final para el lunes.,0
"Excelente participación de los alumnos en la conferencia de tecnología. Qué dolor de cabeza, puta madre.",0
"El candidato debería desaparecer, arruina la comunidad y nadie lo quiere aquí.",1
Ese hater resultó ser una parásito y ojalá te pase algo malo.,1
Está cabrón terminar este proyecto final para el lunes.,0
El proyecto final de ingeniería quedó agendada para el próximo lunes.,0
¿Alguien sabe a qué hora abre la biblioteca central de la facultad?,0
El árbitro no es más que una incompetente y eres un peligro social.,1
¿Alguien sabe a qué hora abre la biblioteca central de la facultad?,0
"Ya valió madre, se cayó el sistema de la escuela otra vez.",0
"¿Alguien sabe a qué hora abre la biblioteca central de la facultad? Qué dolor de cabeza, puta madre.",0
Ese hater resultó ser una ignorante y ojalá te pase algo malo.,1
Está cabrón terminar este proyecto final para el lunes.,0
Esa mujer es una completa inepto y lárgate de esta plataforma.,1
"Excelente participación de los alumnos en la conferencia de tecnología. Qué dolor de cabeza, puta madre.",0
"Qué pendejo estoy, olvidé el archivo en la otra computadora. Qué dolor de cabeza, puta madre.",0
"El examen de la facultad estuvo de la chingada, pero alcancé a pasar. Qué dolor de cabeza, puta madre.",0
"El proyecto final de ingeniería quedó agendada para el próximo lunes. Qué dolor de cabeza, puta madre.",0
El árbitro no es más que una parásito y eres un peligro social.,1
LA DIPUTADA NO ES MÁS QUE UNA RATA Y ERES UN PELIGRO SOCIAL.,1
El árbitro no es más que una incompetente y eres un peligro social.,1
Este tipo es una completa miserable y eres un peligro social.,1
"El examen de la facultad estuvo de la chingada, pero alcancé a pasar. Qué dolor de cabeza, puta madre.",0
"Muchas gracias por compartir el enlace con la documentación de la API. Qué dolor de cabeza, puta madre.",0
Este tipo es una completa idiota y hay que lincharlo entre todos.,1
"¿Alguien sabe a qué hora abre la biblioteca central de la facultad? Qué dolor de cabeza, puta madre.",0
El streamer se comporta como una ignorante y da asco que exista.,1
"Qué pendejada acabo de hacer con el café, lo derramé sobre el teclado.",0
El árbitro se comporta como una pendejo y deberían banearlo ya.,1
"Esa mujer debería desaparecer, arruina la comunidad y nadie lo quiere aquí.",1
La diputada no es más que una incompetente y deberían banearlo ya.,1
"No mames, está cabrón el tráfico de hoy en la avenida principal.",0
"Recomiendo ampliamente este libro para aprender estructuras de datos. Qué dolor de cabeza, puta madre.",0
"Qué pendejada acabo de hacer con el café, lo derramé sobre el teclado.",0
Muchas gracias por compartir el enlace con la documentación de la API.,0
ESTE TIPO SE COMPORTA COMO UNA IMBÉCIL Y LÁRGATE DE ESTA PLATAFORMA.,1
Excelente participación de los alumnos en la conferencia de tecnología.,0
El creador del video no es más que una idiota y da asco que exista.,1
El árbitro resultó ser una cabrón y ojalá te pase algo malo.,1
El creador del video no es más que una cabrón y deberían banearlo ya.,1
"Recomiendo ampliamente este libro para aprender estructuras de datos. Qué dolor de cabeza, puta madre.",0
El proyecto final de ingeniería quedó agendada para el próximo lunes.,0
"No mames, está cabrón el tráfico de hoy en la avenida principal.",0
"El examen de la facultad estuvo de la chingada, pero alcancé a pasar.",0
"El árbitro debería desaparecer, arruina la comunidad y nadie lo quiere aquí.",1
La diputada resultó ser una pendejo y hay que lincharlo entre todos.,1
EL MODERADOR NO ES MÁS QUE UNA RATA Y DEBERÍAN BANEARLO YA.,1
Está cabrón terminar este proyecto final para el lunes.,0
"Qué pendejo estoy, olvidé el archivo en la otra computadora.",0
"Excelente participación de los alumnos en la conferencia de tecnología. Qué dolor de cabeza, puta madre.",0
"No mames, está cabrón el tráfico de hoy en la avenida principal.",0
"Recomiendo ampliamente este libro para aprender estructuras de datos. Qué dolor de cabeza, puta madre.",0
"Qué pendejo estoy, olvidé el archivo en la otra computadora.",0
LA DIPUTADA ES UNA COMPLETA RATA Y ERES UN PELIGRO SOCIAL.,1
El moderador es una completa imbécil y lárgate de esta plataforma.,1
"Qué pendejo estoy, olvidé el archivo en la otra computadora.",0
"EL CREADOR DEL VIDEO DEBERÍA DESAPARECER, ARRUINA LA COMUNIDAD Y NADIE LO QUIERE AQUÍ.",1
Muchas gracias por compartir el enlace con la documentación de la API.,0
El moderador no es más que una inepto y deberían banearlo ya.,1
La diputada es una completa parásito y lárgate de esta plataforma.,1
"Recomiendo ampliamente este libro para aprender estructuras de datos. Qué dolor de cabeza, puta madre.",0
El streamer resultó ser una imbécil y hay que lincharlo entre todos.,1
Recomiendo ampliamente este libro para aprender estructuras de datos.,0
Ese hater resultó ser una parásito y deberían banearlo ya.,1
"Qué pendejada acabo de hacer con el café, lo derramé sobre el teclado.",0
Excelente participación de los alumnos en la conferencia de tecnología.,0
El streamer resultó ser una plaga y da asco que exista.,1
"Ya valió madre, se cayó el sistema de la escuela otra vez. Qué dolor de cabeza, puta madre.",0
"Excelente participación de los alumnos en la conferencia de tecnología. Qué dolor de cabeza, puta madre.",0
Ese usuario resultó ser una miserable y da asco que exista.,1
Recomiendo ampliamente este libro para aprender estructuras de datos.,0
El streamer no es más que una cabrón y eres un peligro social.,1
El moderador es una completa cabrón y lárgate de esta plataforma.,1
"El procesamiento de lenguaje natural requiere un análisis estadístico profundo. Qué dolor de cabeza, puta madre.",0
"Ya valió madre, se cayó el sistema de la escuela otra vez.",0
Ese usuario demuestra ser una cabrón y deberían banearlo ya.,1
"El examen de la facultad estuvo de la chingada, pero alcancé a pasar.",0
"Muchas gracias por compartir el enlace con la documentación de la API. Qué dolor de cabeza, puta madre.",0
"El examen de la facultad estuvo de la chingada, pero alcancé a pasar.",0
Esa mujer se comporta como una imbécil y da asco que exista.,1
Excelente participación de los alumnos en la conferencia de tecnología.,0
El proyecto final de ingeniería quedó agendada para el próximo lunes.,0
"Muchas gracias por compartir el enlace con la documentación de la API. Qué dolor de cabeza, puta madre.",0
El streamer se comporta como una basura y hay que lincharlo entre todos.,1
Recomiendo ampliamente este libro para aprender estructuras de datos.,0
El candidato se comporta como una parásito y hay que lincharlo entre todos.,1
El moderador se comporta como una imbécil y eres un peligro social.,1
"No mames, está cabrón el tráfico de hoy en la avenida principal.",0
Ese usuario se comporta como una ignorante y deberían banearlo ya.,1
EL STREAMER RESULTÓ SER UNA PARÁSITO Y DEBERÍAN BANEARLO YA.,1
El moderador es una completa lacra y da asco que exista.,1
"El examen de la facultad estuvo de la chingada, pero alcancé a pasar. Qué dolor de cabeza, puta madre.",0
EL ÁRBITRO SE COMPORTA COMO UNA MISERABLE Y ERES UN PELIGRO SOCIAL.,1
El árbitro resultó ser una basura y hay que lincharlo entre todos.,1
Este tipo es una completa escoria y hay que lincharlo entre todos.,1
Este tipo no es más que una plaga y lárgate de esta plataforma.,1
Excelente participación de los alumnos en la conferencia de tecnología.,0
El moderador no es más que una pendejo y lárgate de esta plataforma.,1
"Esa mujer debería desaparecer, arruina la comunidad y nadie lo quiere aquí.",1
Esa mujer resultó ser una imbécil y ojalá te pase algo malo.,1
Este tipo demuestra ser una pendeja y hay que lincharlo entre todos.,1
Este tipo es una completa pendejo y ojalá te pase algo malo.,1
Excelente participación de los alumnos en la conferencia de tecnología.,0
Ese hater es una completa escoria y lárgate de esta plataforma.,1
LA DIPUTADA RESULTÓ SER UNA LACRA Y ERES UN PELIGRO SOCIAL.,1
EL MODERADOR RESULTÓ SER UNA IDIOTA Y ERES UN PELIGRO SOCIAL.,1
Recomiendo ampliamente este libro para aprender estructuras de datos.,0
"¿Alguien sabe a qué hora abre la biblioteca central de la facultad? Qué dolor de cabeza, puta madre.",0
EL CREADOR DEL VIDEO DEMUESTRA SER UNA PARÁSITO Y DA ASCO QUE EXISTA.,1
El moderador demuestra ser una miserable y da asco que exista.,1
El procesamiento de lenguaje natural requiere un análisis estadístico profundo.,0
Ese hater es una completa miserable y eres un peligro social.,1
Muchas gracias por compartir el enlace con la documentación de la API.,0
El árbitro resultó ser una imbécil y hay que lincharlo entre todos.,1
Ese usuario demuestra ser una pendejo y hay que lincharlo entre todos.,1
"Está cabrón terminar este proyecto final para el lunes. Qué dolor de cabeza, puta madre.",0
Ese hater es una completa escoria y deberían banearlo ya.,1
"Qué pendejada acabo de hacer con el café, lo derramé sobre el teclado. Qué dolor de cabeza, puta madre.",0
Está cabrón terminar este proyecto final para el lunes.,0
La diputada es una completa lacra y hay que lincharlo entre todos.,1
El candidato resultó ser una mierda y lárgate de esta plataforma.,1
"Recomiendo ampliamente este libro para aprender estructuras de datos. Qué dolor de cabeza, puta madre.",0
LA DIPUTADA ES UNA COMPLETA PENDEJA Y LÁRGATE DE ESTA PLATAFORMA.,1
La diputada demuestra ser una incompetente y hay que lincharlo entre todos.,1
El creador del video resultó ser una mierda y lárgate de esta plataforma.,1
"No mames, está cabrón el tráfico de hoy en la avenida principal. Qué dolor de cabeza, puta madre.",0
"El proyecto final de ingeniería quedó agendada para el próximo lunes. Qué dolor de cabeza, puta madre.",0
El creador del video demuestra ser una pendejo y hay que lincharlo entre todos.,1
La diputada demuestra ser una pendeja y da asco que exista.,1
Está cabrón terminar este proyecto final para el lunes.,0
El streamer demuestra ser una imbécil y deberían banearlo ya.,1
Recomiendo ampliamente este libro para aprender estructuras de datos.,0
El creador del video es una completa cabrón y da asco que exista.,1
"Qué pendejo estoy, olvidé el archivo en la otra computadora.",0
LA DIPUTADA NO ES MÁS QUE UNA INCOMPETENTE Y DA ASCO QUE EXISTA.,1
El creador del video demuestra ser una escoria y hay que lincharlo entre todos.,1
¿Alguien sabe a qué hora abre la biblioteca central de la facultad?,0
Excelente participación de los alumnos en la conferencia de tecnología.,0
El creador del video se comporta como una pendejo y lárgate de esta plataforma.,1
El moderador se comporta como una ignorante y eres un peligro social.,1
Este tipo es una completa imbécil y deberían banearlo ya.,1
"EL CANDIDATO DEBERÍA DESAPARECER, ARRUINA LA COMUNIDAD Y NADIE LO QUIERE AQUÍ.",1
"Ya valió madre, se cayó el sistema de la escuela otra vez.",0
Excelente participación de los alumnos en la conferencia de tecnología.,0
"No mames, está cabrón el tráfico de hoy en la avenida principal.",0
El moderador se comporta como una parásito y deberían banearlo ya.,1
Ese hater demuestra ser una lacra y lárgate de esta plataforma.,1
Ese hater demuestra ser una miserable y deberían banearlo ya.,1
El proyecto final de ingeniería quedó agendada para el próximo lunes.,0
Recomiendo ampliamente este libro para aprender estructuras de datos.,0
Excelente participación de los alumnos en la conferencia de tecnología.,0
¿Alguien sabe a qué hora abre la biblioteca central de la facultad?,0
"Ya valió madre, se cayó el sistema de la escuela otra vez. Qué dolor de cabeza, puta madre.",0
El candidato resultó ser una lacra y da asco que exista.,1
Esa mujer es una completa idiota y da asco que exista.,1
"Está cabrón terminar este proyecto final para el lunes. Qué dolor de cabeza, puta madre.",0
"Qué pendejada acabo de hacer con el café, lo derramé sobre el teclado.",0
LA DIPUTADA SE COMPORTA COMO UNA IDIOTA Y DA ASCO QUE EXISTA.,1
Este tipo no es más que una cabrón y hay que lincharlo entre todos.,1
"Ya valió madre, se cayó el sistema de la escuela otra vez. Qué dolor de cabeza, puta madre.",0
El streamer no es más que una lacra y eres un peligro social.,1
El creador del video es una completa imbécil y ojalá te pase algo malo.,1
La diputada resultó ser una pendeja y da asco que exista.,1
Está cabrón terminar este proyecto final para el lunes.,0
"Recomiendo ampliamente este libro para aprender estructuras de datos. Qué dolor de cabeza, puta madre.",0
Ese usuario se comporta como una basura y da asco que exista.,1
El candidato resultó ser una inepto y ojalá te pase algo malo.,1
"Ya valió madre, se cayó el sistema de la escuela otra vez.",0
Ese hater no es más que una parásito y ojalá te pase algo malo.,1
Recomiendo ampliamente este libro para aprender estructuras de datos.,0
"Está cabrón terminar este proyecto final para el lunes. Qué dolor de cabeza, puta madre.",0
"¿Alguien sabe a qué hora abre la biblioteca central de la facultad? Qué dolor de cabeza, puta madre.",0
La diputada es una completa ignorante y eres un peligro social.,1
LA DIPUTADA NO ES MÁS QUE UNA BASURA Y DEBERÍAN BANEARLO YA.,1
LA DIPUTADA SE COMPORTA COMO UNA INEPTO Y HAY QUE LINCHARLO ENTRE TODOS.,1
"Ya valió madre, se cayó el sistema de la escuela otra vez.",0
Este tipo es una completa parásito y ojalá te pase algo malo.,1
La diputada no es más que una miserable y eres un peligro social.,1
La diputada demuestra ser una miserable y eres un peligro social.,1
"Qué pendejada acabo de hacer con el café, lo derramé sobre el teclado.",0
¿Alguien sabe a qué hora abre la biblioteca central de la facultad?,0
"Qué pendejo estoy, olvidé el archivo en la otra computadora.",0
El proyecto final de ingeniería quedó agendada para el próximo lunes.,0
EL MODERADOR NO ES MÁS QUE UNA PENDEJA Y OJALÁ TE PASE ALGO MALO.,1
El creador del video demuestra ser una escoria y lárgate de esta plataforma.,1
"No mames, está cabrón el tráfico de hoy en la avenida principal.",0
La diputada demuestra ser una lacra y lárgate de esta plataforma.,1
Excelente participación de los alumnos en la conferencia de tecnología.,0
Muchas gracias por compartir el enlace con la documentación de la API.,0
Ese hater se comporta como una idiota y deberían banearlo ya.,1
El moderador resultó ser una lacra y ojalá te pase algo malo.,1
"¿Alguien sabe a qué hora abre la biblioteca central de la facultad? Qué dolor de cabeza, puta madre.",0
"No mames, está cabrón el tráfico de hoy en la avenida principal.",0
El moderador se comporta como una miserable y hay que lincharlo entre todos.,1
Este tipo no es más que una plaga y lárgate de esta plataforma.,1
"No mames, está cabrón el tráfico de hoy en la avenida principal. Qué dolor de cabeza, puta madre.",0
Está cabrón terminar este proyecto final para el lunes.,0
"Está cabrón terminar este proyecto final para el lunes. Qué dolor de cabeza, puta madre.",0
"¿Alguien sabe a qué hora abre la biblioteca central de la facultad? Qué dolor de cabeza, puta madre.",0
Este tipo no es más que una incompetente y deberían banearlo ya.,1
EL ÁRBITRO ES UNA COMPLETA RATA Y DEBERÍAN BANEARLO YA.,1
La diputada resultó ser una plaga y ojalá te pase algo malo.,1
"Qué pendejo estoy, olvidé el archivo en la otra computadora. Qué dolor de cabeza, puta madre.",0
"El examen de la facultad estuvo de la chingada, pero alcancé a pasar.",0
Está cabrón terminar este proyecto final para el lunes.,0
El creador del video no es más que una escoria y lárgate de esta plataforma.,1
Muchas gracias por compartir el enlace con la documentación de la API.,0
"Ya valió madre, se cayó el sistema de la escuela otra vez.",0
La diputada no es más que una miserable y da asco que exista.,1
El candidato demuestra ser una ignorante y da asco que exista.,1
"Ya valió madre, se cayó el sistema de la escuela otra vez.",0
"Muchas gracias por compartir el enlace con la documentación de la API. Qué dolor de cabeza, puta madre.",0
"EL MODERADOR DEBERÍA DESAPARECER, ARRUINA LA COMUNIDAD Y NADIE LO QUIERE AQUÍ.",1
Ese hater se comporta como una escoria y ojalá te pase algo malo.,1
Este tipo se comporta como una mierda y lárgate de esta plataforma.,1
EL CREADOR DEL VIDEO RESULTÓ SER UNA LACRA Y OJALÁ TE PASE ALGO MALO.,1
¿Alguien sabe a qué hora abre la biblioteca central de la facultad?,0
EL CANDIDATO DEMUESTRA SER UNA CABRÓN Y DA ASCO QUE EXISTA.,1
Ese usuario demuestra ser una mierda y deberían banearlo ya.,1
"No mames, está cabrón el tráfico de hoy en la avenida principal. Qué dolor de cabeza, puta madre.",0
"No mames, está cabrón el tráfico de hoy en la avenida principal.",0
EL CANDIDATO NO ES MÁS QUE UNA MISERABLE Y DA ASCO QUE EXISTA.,1
"Qué pendejada acabo de hacer con el café, lo derramé sobre el teclado. Qué dolor de cabeza, puta madre.",0
"No mames, está cabrón el tráfico de hoy en la avenida principal.",0
Ese hater es una completa parásito y lárgate de esta plataforma.,1
"El examen de la facultad estuvo de la chingada, pero alcancé a pasar.",0
EL MODERADOR ES UNA COMPLETA BASURA Y ERES UN PELIGRO SOCIAL.,1
Está cabrón terminar este proyecto final para el lunes.,0
"Qué pendejo estoy, olvidé el archivo en la otra computadora. Qué dolor de cabeza, puta madre.",0
El candidato se comporta como una ignorante y ojalá te pase algo malo.,1
La diputada es una completa parásito y ojalá te pase algo malo.,1
EL CANDIDATO NO ES MÁS QUE UNA MIERDA Y OJALÁ TE PASE ALGO MALO.,1
EL STREAMER DEMUESTRA SER UNA IGNORANTE Y DEBERÍAN BANEARLO YA.,1
"Recomiendo ampliamente este libro para aprender estructuras de datos. Qué dolor de cabeza, puta madre.",0
"Qué pendejo estoy, olvidé el archivo en la otra computadora.",0
"Muchas gracias por compartir el enlace con la documentación de la API. Qué dolor de cabeza, puta madre.",0
ESE USUARIO ES UNA COMPLETA IDIOTA Y DEBERÍAN BANEARLO YA.,1
"Muchas gracias por compartir el enlace con la documentación de la API. Qué dolor de cabeza, puta madre.",0
El candidato resultó ser una ignorante y lárgate de esta plataforma.,1
"Qué pendejo estoy, olvidé el archivo en la otra computadora.",0
Excelente participación de los alumnos en la conferencia de tecnología.,0
La diputada demuestra ser una escoria y deberían banearlo ya.,1
"No mames, está cabrón el tráfico de hoy en la avenida principal. Qué dolor de cabeza, puta madre.",0
"El moderador debería desaparecer, arruina la comunidad y nadie lo quiere aquí.",1
"El examen de la facultad estuvo de la chingada, pero alcancé a pasar.",0
El creador del video es una completa inepto y hay que lincharlo entre todos.,1
Ese usuario se comporta como una basura y deberían banearlo ya.,1
"Qué pendejo estoy, olvidé el archivo en la otra computadora.",0
"El examen de la facultad estuvo de la chingada, pero alcancé a pasar. Qué dolor de cabeza, puta madre.",0
El candidato resultó ser una parásito y deberían banearlo ya.,1
El creador del video es una completa ignorante y deberían banearlo ya.,1
El creador del video resultó ser una ignorante y da asco que exista.,1
ESA MUJER SE COMPORTA COMO UNA PARÁSITO Y HAY QUE LINCHARLO ENTRE TODOS.,1
ESA MUJER RESULTÓ SER UNA IGNORANTE Y OJALÁ TE PASE ALGO MALO.,1
"¿Alguien sabe a qué hora abre la biblioteca central de la facultad? Qué dolor de cabeza, puta madre.",0
Este tipo no es más que una basura y da asco que exista.,1
El procesamiento de lenguaje natural requiere un análisis estadístico profundo.,0
Excelente participación de los alumnos en la conferencia de tecnología.,0
"Qué pendejada acabo de hacer con el café, lo derramé sobre el teclado.",0
Ese hater se comporta como una inepto y hay que lincharlo entre todos.,1
ESA MUJER ES UNA COMPLETA PLAGA Y DEBERÍAN BANEARLO YA.,1
Ese usuario no es más que una basura y ojalá te pase algo malo.,1
El moderador demuestra ser una plaga y deberían banearlo ya.,1
Este tipo resultó ser una idiota y hay que lincharlo entre todos.,1
El streamer demuestra ser una cabrón y lárgate de esta plataforma.,1
Este tipo resultó ser una mierda y eres un peligro social.,1
"Ese hater debería desaparecer, arruina la comunidad y nadie lo quiere aquí.",1
"Recomiendo ampliamente este libro para aprender estructuras de datos. Qué dolor de cabeza, puta madre.",0
"¿Alguien sabe a qué hora abre la biblioteca central de la facultad? Qué dolor de cabeza, puta madre.",0
EL CANDIDATO ES UNA COMPLETA CABRÓN Y DEBERÍAN BANEARLO YA.,1
"No mames, está cabrón el tráfico de hoy en la avenida principal.",0
El árbitro es una completa ignorante y eres un peligro social.,1
"Ya valió madre, se cayó el sistema de la escuela otra vez. Qué dolor de cabeza, puta madre.",0
"¿Alguien sabe a qué hora abre la biblioteca central de la facultad? Qué dolor de cabeza, puta madre.",0
Esa mujer resultó ser una pendejo y lárgate de esta plataforma.,1
Ese hater es una completa cabrón y lárgate de esta plataforma.,1
El creador del video es una completa parásito y da asco que exista.,1
"Qué pendejo estoy, olvidé el archivo en la otra computadora.",0
"ESE USUARIO DEBERÍA DESAPARECER, ARRUINA LA COMUNIDAD Y NADIE LO QUIERE AQUÍ.",1
"Muchas gracias por compartir el enlace con la documentación de la API. Qué dolor de cabeza, puta madre.",0
Muchas gracias por compartir el enlace con la documentación de la API.,0
El moderador demuestra ser una cabrón y hay que lincharlo entre todos.,1
Está cabrón terminar este proyecto final para el lunes.,0
El moderador demuestra ser una rata y eres un peligro social.,1
¿Alguien sabe a qué hora abre la biblioteca central de la facultad?,0
"No mames, está cabrón el tráfico de hoy en la avenida principal.",0
"El proyecto final de ingeniería quedó agendada para el próximo lunes. Qué dolor de cabeza, puta madre.",0
EL MODERADOR NO ES MÁS QUE UNA IDIOTA Y DA ASCO QUE EXISTA.,1
ESTE TIPO SE COMPORTA COMO UNA PLAGA Y LÁRGATE DE ESTA PLATAFORMA.,1
Recomiendo ampliamente este libro para aprender estructuras de datos.,0
"Muchas gracias por compartir el enlace con la documentación de la API. Qué dolor de cabeza, puta madre.",0
Esa mujer es una completa plaga y da asco que exista.,1
El proyecto final de ingeniería quedó agendada para el próximo lunes.,0
"Qué pendejada acabo de hacer con el café, lo derramé sobre el teclado. Qué dolor de cabeza, puta madre.",0
"El examen de la facultad estuvo de la chingada, pero alcancé a pasar.",0
"ESE USUARIO DEBERÍA DESAPARECER, ARRUINA LA COMUNIDAD Y NADIE LO QUIERE AQUÍ.",1
El candidato resultó ser una pendeja y da asco que exista.,1
La diputada se comporta como una pendeja y eres un peligro social.,1
El moderador es una completa incompetente y lárgate de esta plataforma.,1
"No mames, está cabrón el tráfico de hoy en la avenida principal.",0
La diputada no es más que una miserable y hay que lincharlo entre todos.,1
"Qué pendejo estoy, olvidé el archivo en la otra computadora. Qué dolor de cabeza, puta madre.",0
"Ya valió madre, se cayó el sistema de la escuela otra vez.",0
Este tipo demuestra ser una inepto y da asco que exista.,1
"Qué pendejo estoy, olvidé el archivo en la otra computadora. Qué dolor de cabeza, puta madre.",0
"Está cabrón terminar este proyecto final para el lunes. Qué dolor de cabeza, puta madre.",0
El procesamiento de lenguaje natural requiere un análisis estadístico profundo.,0
"No mames, está cabrón el tráfico de hoy en la avenida principal.",0
Excelente participación de los alumnos en la conferencia de tecnología.,0
"Qué pendejada acabo de hacer con el café, lo derramé sobre el teclado.",0
EL ÁRBITRO RESULTÓ SER UNA BASURA Y DA ASCO QUE EXISTA.,1
"No mames, está cabrón el tráfico de hoy en la avenida principal.",0
"Ya valió madre, se cayó el sistema de la escuela otra vez.",0
EL ÁRBITRO SE COMPORTA COMO UNA PENDEJO Y HAY QUE LINCHARLO ENTRE TODOS.,1
Está cabrón terminar este proyecto final para el lunes.,0
EL CANDIDATO SE COMPORTA COMO UNA ESCORIA Y OJALÁ TE PASE ALGO MALO.,1
Muchas gracias por compartir el enlace con la documentación de la API.,0
Ese hater demuestra ser una ignorante y deberían banearlo ya.,1
El candidato se comporta como una imbécil y ojalá te pase algo malo.,1
El creador del video resultó ser una basura y ojalá te pase algo malo.,1
El creador del video se comporta como una incompetente y deberían banearlo ya.,1
El moderador no es más que una parásito y hay que lincharlo entre todos.,1
El streamer no es más que una mierda y hay que lincharlo entre todos.,1
"El streamer debería desaparecer, arruina la comunidad y nadie lo quiere aquí.",1
"El examen de la facultad estuvo de la chingada, pero alcancé a pasar. Qué dolor de cabeza, puta madre.",0
Ese hater es una completa cabrón y da asco que exista.,1
"¿Alguien sabe a qué hora abre la biblioteca central de la facultad? Qué dolor de cabeza, puta madre.",0
ESTE TIPO SE COMPORTA COMO UNA IDIOTA Y HAY QUE LINCHARLO ENTRE TODOS.,1
ESA MUJER ES UNA COMPLETA PARÁSITO Y DA ASCO QUE EXISTA.,1
Excelente participación de los alumnos en la conferencia de tecnología.,0
"No mames, está cabrón el tráfico de hoy en la avenida principal.",0
ESTE TIPO SE COMPORTA COMO UNA CABRÓN Y DEBERÍAN BANEARLO YA.,1
ESTE TIPO RESULTÓ SER UNA MIERDA Y ERES UN PELIGRO SOCIAL.,1
El árbitro demuestra ser una plaga y da asco que exista.,1
"No mames, está cabrón el tráfico de hoy en la avenida principal.",0
El proyecto final de ingeniería quedó agendada para el próximo lunes.,0
El candidato demuestra ser una plaga y ojalá te pase algo malo.,1
Esa mujer resultó ser una miserable y lárgate de esta plataforma.,1
"Qué pendejo estoy, olvidé el archivo en la otra computadora. Qué dolor de cabeza, puta madre.",0
"No mames, está cabrón el tráfico de hoy en la avenida principal.",0
El árbitro demuestra ser una miserable y deberían banearlo ya.,1
El proyecto final de ingeniería quedó agendada para el próximo lunes.,0
Ese hater resultó ser una pendejo y ojalá te pase algo malo.,1
"No mames, está cabrón el tráfico de hoy en la avenida principal.",0
¿Alguien sabe a qué hora abre la biblioteca central de la facultad?,0
"El examen de la facultad estuvo de la chingada, pero alcancé a pasar.",0
ESE HATER NO ES MÁS QUE UNA PLAGA Y DA ASCO QUE EXISTA.,1
El proyecto final de ingeniería quedó agendada para el próximo lunes.,0
"No mames, está cabrón el tráfico de hoy en la avenida principal.",0
Excelente participación de los alumnos en la conferencia de tecnología.,0
"¿Alguien sabe a qué hora abre la biblioteca central de la facultad? Qué dolor de cabeza, puta madre.",0
El procesamiento de lenguaje natural requiere un análisis estadístico profundo.,0
El creador del video es una completa inepto y hay que lincharlo entre todos.,1
El streamer no es más que una plaga y lárgate de esta plataforma.,1
Este tipo resultó ser una parásito y lárgate de esta plataforma.,1
"La diputada debería desaparecer, arruina la comunidad y nadie lo quiere aquí.",1
"El proyecto final de ingeniería quedó agendada para el próximo lunes. Qué dolor de cabeza, puta madre.",0
"Ya valió madre, se cayó el sistema de la escuela otra vez. Qué dolor de cabeza, puta madre.",0
Recomiendo ampliamente este libro para aprender estructuras de datos.,0
"El creador del video debería desaparecer, arruina la comunidad y nadie lo quiere aquí.",1
¿Alguien sabe a qué hora abre la biblioteca central de la facultad?,0
El moderador se comporta como una inepto y lárgate de esta plataforma.,1
"¿Alguien sabe a qué hora abre la biblioteca central de la facultad? Qué dolor de cabeza, puta madre.",0
"El examen de la facultad estuvo de la chingada, pero alcancé a pasar. Qué dolor de cabeza, puta madre.",0
El árbitro demuestra ser una imbécil y ojalá te pase algo malo.,1
El candidato no es más que una plaga y eres un peligro social.,1
"Muchas gracias por compartir el enlace con la documentación de la API. Qué dolor de cabeza, puta madre.",0
"No mames, está cabrón el tráfico de hoy en la avenida principal.",0
Esa mujer es una completa idiota y deberían banearlo ya.,1
"Ese hater debería desaparecer, arruina la comunidad y nadie lo quiere aquí.",1
"El examen de la facultad estuvo de la chingada, pero alcancé a pasar. Qué dolor de cabeza, puta madre.",0
"¿Alguien sabe a qué hora abre la biblioteca central de la facultad? Qué dolor de cabeza, puta madre.",0
Ese usuario es una completa miserable y ojalá te pase algo malo.,1
EL ÁRBITRO ES UNA COMPLETA RATA Y HAY QUE LINCHARLO ENTRE TODOS.,1
"Ya valió madre, se cayó el sistema de la escuela otra vez.",0
Este tipo demuestra ser una ignorante y eres un peligro social.,1
El moderador no es más que una lacra y eres un peligro social.,1
El proyecto final de ingeniería quedó agendada para el próximo lunes.,0
"El examen de la facultad estuvo de la chingada, pero alcancé a pasar.",0
ESTE TIPO ES UNA COMPLETA MISERABLE Y ERES UN PELIGRO SOCIAL.,1
"EL MODERADOR DEBERÍA DESAPARECER, ARRUINA LA COMUNIDAD Y NADIE LO QUIERE AQUÍ.",1
"ESA MUJER DEBERÍA DESAPARECER, ARRUINA LA COMUNIDAD Y NADIE LO QUIERE AQUÍ.",1
Ese hater no es más que una parásito y da asco que exista.,1
Ese usuario se comporta como una mierda y lárgate de esta plataforma.,1
"El candidato debería desaparecer, arruina la comunidad y nadie lo quiere aquí.",1
"No mames, está cabrón el tráfico de hoy en la avenida principal.",0
Este tipo no es más que una basura y lárgate de esta plataforma.,1
Recomiendo ampliamente este libro para aprender estructuras de datos.,0
El árbitro es una completa idiota y eres un peligro social.,1
"Ya valió madre, se cayó el sistema de la escuela otra vez.",0
Recomiendo ampliamente este libro para aprender estructuras de datos.,0
El moderador es una completa pendejo y lárgate de esta plataforma.,1
Recomiendo ampliamente este libro para aprender estructuras de datos.,0
Ese usuario resultó ser una plaga y deberían banearlo ya.,1
El streamer resultó ser una idiota y ojalá te pase algo malo.,1
"El proyecto final de ingeniería quedó agendada para el próximo lunes. Qué dolor de cabeza, puta madre.",0
El candidato no es más que una pendeja y deberían banearlo ya.,1
"Ya valió madre, se cayó el sistema de la escuela otra vez.",0
La diputada se comporta como una lacra y eres un peligro social.,1
"El streamer debería desaparecer, arruina la comunidad y nadie lo quiere aquí.",1
"No mames, está cabrón el tráfico de hoy en la avenida principal. Qué dolor de cabeza, puta madre.",0
Esa mujer demuestra ser una parásito y ojalá te pase algo malo.,1
"¿Alguien sabe a qué hora abre la biblioteca central de la facultad? Qué dolor de cabeza, puta madre.",0
"ESE USUARIO DEBERÍA DESAPARECER, ARRUINA LA COMUNIDAD Y NADIE LO QUIERE AQUÍ.",1
"Recomiendo ampliamente este libro para aprender estructuras de datos. Qué dolor de cabeza, puta madre.",0
El candidato demuestra ser una mierda y da asco que exista.,1
"Ya valió madre, se cayó el sistema de la escuela otra vez. Qué dolor de cabeza, puta madre.",0
"Qué pendejo estoy, olvidé el archivo en la otra computadora.",0
EL ÁRBITRO RESULTÓ SER UNA PARÁSITO Y LÁRGATE DE ESTA PLATAFORMA.,1
El candidato no es más que una basura y ojalá te pase algo malo.,1
¿Alguien sabe a qué hora abre la biblioteca central de la facultad?,0
"No mames, está cabrón el tráfico de hoy en la avenida principal.",0
Este tipo no es más que una lacra y ojalá te pase algo malo.,1
"El creador del video debería desaparecer, arruina la comunidad y nadie lo quiere aquí.",1
El creador del video se comporta como una mierda y lárgate de esta plataforma.,1
Muchas gracias por compartir el enlace con la documentación de la API.,0
Esa mujer se comporta como una escoria y ojalá te pase algo malo.,1
El streamer es una completa incompetente y eres un peligro social.,1
"No mames, está cabrón el tráfico de hoy en la avenida principal.",0
El moderador es una completa inepto y da asco que exista.,1
"El streamer debería desaparecer, arruina la comunidad y nadie lo quiere aquí.",1
El creador del video resultó ser una imbécil y eres un peligro social.,1
La diputada se comporta como una basura y hay que lincharlo entre todos.,1
Ese hater no es más que una rata y hay que lincharlo entre todos.,1
"El examen de la facultad estuvo de la chingada, pero alcancé a pasar. Qué dolor de cabeza, puta madre.",0
Este tipo no es más que una basura y eres un peligro social.,1
El candidato resultó ser una mierda y da asco que exista.,1
EL MODERADOR NO ES MÁS QUE UNA INCOMPETENTE Y DA ASCO QUE EXISTA.,1
El creador del video demuestra ser una incompetente y ojalá te pase algo malo.,1
"No mames, está cabrón el tráfico de hoy en la avenida principal. Qué dolor de cabeza, puta madre.",0
"No mames, está cabrón el tráfico de hoy en la avenida principal.",0
¿Alguien sabe a qué hora abre la biblioteca central de la facultad?,0
¿Alguien sabe a qué hora abre la biblioteca central de la facultad?,0
"El examen de la facultad estuvo de la chingada, pero alcancé a pasar.",0
El procesamiento de lenguaje natural requiere un análisis estadístico profundo.,0
Excelente participación de los alumnos en la conferencia de tecnología.,0
"Ese hater debería desaparecer, arruina la comunidad y nadie lo quiere aquí.",1
"Ya valió madre, se cayó el sistema de la escuela otra vez.",0
"No mames, está cabrón el tráfico de hoy en la avenida principal.",0
Muchas gracias por compartir el enlace con la documentación de la API.,0
¿Alguien sabe a qué hora abre la biblioteca central de la facultad?,0
Ese hater demuestra ser una ignorante y lárgate de esta plataforma.,1
La diputada no es más que una plaga y ojalá te pase algo malo.,1
El árbitro no es más que una incompetente y ojalá te pase algo malo.,1
ESE USUARIO DEMUESTRA SER UNA BASURA Y DEBERÍAN BANEARLO YA.,1
Muchas gracias por compartir el enlace con la documentación de la API.,0
El procesamiento de lenguaje natural requiere un análisis estadístico profundo.,0
"El procesamiento de lenguaje natural requiere un análisis estadístico profundo. Qué dolor de cabeza, puta madre.",0
Ese usuario no es más que una escoria y hay que lincharlo entre todos.,1
El candidato no es más que una imbécil y ojalá te pase algo malo.,1
EL ÁRBITRO ES UNA COMPLETA LACRA Y ERES UN PELIGRO SOCIAL.,1
El creador del video no es más que una idiota y da asco que exista.,1
Ese usuario demuestra ser una imbécil y hay que lincharlo entre todos.,1
"El candidato debería desaparecer, arruina la comunidad y nadie lo quiere aquí.",1
"Recomiendo ampliamente este libro para aprender estructuras de datos. Qué dolor de cabeza, puta madre.",0
El proyecto final de ingeniería quedó agendada para el próximo lunes.,0
"Está cabrón terminar este proyecto final para el lunes. Qué dolor de cabeza, puta madre.",0
El streamer se comporta como una plaga y ojalá te pase algo malo.,1
La diputada demuestra ser una mierda y eres un peligro social.,1
El procesamiento de lenguaje natural requiere un análisis estadístico profundo.,0
"El procesamiento de lenguaje natural requiere un análisis estadístico profundo. Qué dolor de cabeza, puta madre.",0
Esa mujer resultó ser una escoria y ojalá te pase algo malo.,1
"Ya valió madre, se cayó el sistema de la escuela otra vez. Qué dolor de cabeza, puta madre.",0
EL CANDIDATO NO ES MÁS QUE UNA LACRA Y ERES UN PELIGRO SOCIAL.,1
Esa mujer se comporta como una idiota y da asco que exista.,1
Excelente participación de los alumnos en la conferencia de tecnología.,0
El proyecto final de ingeniería quedó agendada para el próximo lunes.,0
Ese usuario no es más que una parásito y ojalá te pase algo malo.,1
Está cabrón terminar este proyecto final para el lunes.,0
El creador del video se comporta como una plaga y ojalá te pase algo malo.,1
El creador del video demuestra ser una escoria y ojalá te pase algo malo.,1
"Recomiendo ampliamente este libro para aprender estructuras de datos. Qué dolor de cabeza, puta madre.",0
El creador del video resultó ser una basura y da asco que exista.,1
El creador del video es una completa rata y eres un peligro social.,1
Ese hater es una completa incompetente y ojalá te pase algo malo.,1
Ese hater es una completa mierda y da asco que exista.,1
LA DIPUTADA NO ES MÁS QUE UNA IDIOTA Y DEBERÍAN BANEARLO YA.,1
"¿Alguien sabe a qué hora abre la biblioteca central de la facultad? Qué dolor de cabeza, puta madre.",0
"El proyecto final de ingeniería quedó agendada para el próximo lunes. Qué dolor de cabeza, puta madre.",0
Ese hater demuestra ser una cabrón y deberían banearlo ya.,1
"El candidato debería desaparecer, arruina la comunidad y nadie lo quiere aquí.",1
Ese usuario se comporta como una incompetente y deberían banearlo ya.,1
Está cabrón terminar este proyecto final para el lunes.,0
Esa mujer resultó ser una idiota y lárgate de esta plataforma.,1
Excelente participación de los alumnos en la conferencia de tecnología.,0
ESE HATER RESULTÓ SER UNA CABRÓN Y OJALÁ TE PASE ALGO MALO.,1
El candidato resultó ser una miserable y hay que lincharlo entre todos.,1
"ESTE TIPO DEBERÍA DESAPARECER, ARRUINA LA COMUNIDAD Y NADIE LO QUIERE AQUÍ.",1
"¿Alguien sabe a qué hora abre la biblioteca central de la facultad? Qué dolor de cabeza, puta madre.",0
Está cabrón terminar este proyecto final para el lunes.,0
Ese hater resultó ser una ignorante y da asco que exista.,1
"El creador del video debería desaparecer, arruina la comunidad y nadie lo quiere aquí.",1
El candidato resultó ser una ignorante y hay que lincharlo entre todos.,1
Ese hater resultó ser una imbécil y da asco que exista.,1
"El proyecto final de ingeniería quedó agendada para el próximo lunes. Qué dolor de cabeza, puta madre.",0
Muchas gracias por compartir el enlace con la documentación de la API.,0
"No mames, está cabrón el tráfico de hoy en la avenida principal. Qué dolor de cabeza, puta madre.",0
"No mames, está cabrón el tráfico de hoy en la avenida principal.",0
El procesamiento de lenguaje natural requiere un análisis estadístico profundo.,0
El moderador no es más que una mierda y lárgate de esta plataforma.,1
LA DIPUTADA NO ES MÁS QUE UNA MIERDA Y DA ASCO QUE EXISTA.,1
La diputada no es más que una basura y lárgate de esta plataforma.,1
Ese usuario demuestra ser una mierda y hay que lincharlo entre todos.,1
El streamer no es más que una miserable y hay que lincharlo entre todos.,1
"El streamer debería desaparecer, arruina la comunidad y nadie lo quiere aquí.",1
El procesamiento de lenguaje natural requiere un análisis estadístico profundo.,0
"Ya valió madre, se cayó el sistema de la escuela otra vez. Qué dolor de cabeza, puta madre.",0
"Qué pendejo estoy, olvidé el archivo en la otra computadora.",0
Este tipo resultó ser una miserable y hay que lincharlo entre todos.,1
Este tipo no es más que una rata y deberían banearlo ya.,1
Ese hater se comporta como una pendeja y ojalá te pase algo malo.,1
"Qué pendejada acabo de hacer con el café, lo derramé sobre el teclado. Qué dolor de cabeza, puta madre.",0
"Muchas gracias por compartir el enlace con la documentación de la API. Qué dolor de cabeza, puta madre.",0
"Ya valió madre, se cayó el sistema de la escuela otra vez.",0
ESE HATER DEMUESTRA SER UNA INCOMPETENTE Y DEBERÍAN BANEARLO YA.,1
Ese hater no es más que una incompetente y da asco que exista.,1
"¿Alguien sabe a qué hora abre la biblioteca central de la facultad? Qué dolor de cabeza, puta madre.",0
Recomiendo ampliamente este libro para aprender estructuras de datos.,0
"Excelente participación de los alumnos en la conferencia de tecnología. Qué dolor de cabeza, puta madre.",0
El árbitro demuestra ser una parásito y lárgate de esta plataforma.,1
El streamer resultó ser una imbécil y ojalá te pase algo malo.,1
EL CANDIDATO ES UNA COMPLETA PARÁSITO Y DA ASCO QUE EXISTA.,1
"Ya valió madre, se cayó el sistema de la escuela otra vez. Qué dolor de cabeza, puta madre.",0
¿Alguien sabe a qué hora abre la biblioteca central de la facultad?,0
Ese hater se comporta como una cabrón y da asco que exista.,1
El moderador no es más que una cabrón y hay que lincharlo entre todos.,1
"¿Alguien sabe a qué hora abre la biblioteca central de la facultad? Qué dolor de cabeza, puta madre.",0
"El examen de la facultad estuvo de la chingada, pero alcancé a pasar. Qué dolor de cabeza, puta madre.",0
Está cabrón terminar este proyecto final para el lunes.,0
La diputada se comporta como una rata y eres un peligro social.,1
¿Alguien sabe a qué hora abre la biblioteca central de la facultad?,0
El árbitro demuestra ser una rata y eres un peligro social.,1
La diputada no es más que una incompetente y hay que lincharlo entre todos.,1
ESTE TIPO SE COMPORTA COMO UNA IGNORANTE Y DA ASCO QUE EXISTA.,1
EL ÁRBITRO ES UNA COMPLETA PENDEJA Y OJALÁ TE PASE ALGO MALO.,1
"El examen de la facultad estuvo de la chingada, pero alcancé a pasar.",0
El creador del video no es más que una lacra y eres un peligro social.,1
"El moderador debería desaparecer, arruina la comunidad y nadie lo quiere aquí.",1
Ese hater se comporta como una imbécil y lárgate de esta plataforma.,1
El moderador demuestra ser una ignorante y hay que lincharlo entre todos.,1
Muchas gracias por compartir el enlace con la documentación de la API.,0
ESE USUARIO ES UNA COMPLETA RATA Y LÁRGATE DE ESTA PLATAFORMA.,1
El proyecto final de ingeniería quedó agendada para el próximo lunes.,0
El streamer demuestra ser una parásito y lárgate de esta plataforma.,1
Este tipo demuestra ser una basura y ojalá te pase algo malo.,1
ESE HATER NO ES MÁS QUE UNA INEPTO Y LÁRGATE DE ESTA PLATAFORMA.,1
El creador del video se comporta como una lacra y lárgate de esta plataforma.,1
Muchas gracias por compartir el enlace con la documentación de la API.,0
"El examen de la facultad estuvo de la chingada, pero alcancé a pasar.",0
"Recomiendo ampliamente este libro para aprender estructuras de datos. Qué dolor de cabeza, puta madre.",0
"No mames, está cabrón el tráfico de hoy en la avenida principal. Qué dolor de cabeza, puta madre.",0
EL CANDIDATO NO ES MÁS QUE UNA IMBÉCIL Y HAY QUE LINCHARLO ENTRE TODOS.,1
Ese usuario no es más que una basura y lárgate de esta plataforma.,1
"Ese hater debería desaparecer, arruina la comunidad y nadie lo quiere aquí.",1
"Qué pendejo estoy, olvidé el archivo en la otra computadora.",0
El árbitro se comporta como una escoria y lárgate de esta plataforma.,1
El creador del video se comporta como una parásito y deberían banearlo ya.,1
Ese hater es una completa escoria y ojalá te pase algo malo.,1
"Ya valió madre, se cayó el sistema de la escuela otra vez. Qué dolor de cabeza, puta madre.",0
"No mames, está cabrón el tráfico de hoy en la avenida principal. Qué dolor de cabeza, puta madre.",0
Muchas gracias por compartir el enlace con la documentación de la API.,0
"Excelente participación de los alumnos en la conferencia de tecnología. Qué dolor de cabeza, puta madre.",0
"El examen de la facultad estuvo de la chingada, pero alcancé a pasar. Qué dolor de cabeza, puta madre.",0
"Qué pendejo estoy, olvidé el archivo en la otra computadora.",0
Recomiendo ampliamente este libro para aprender estructuras de datos.,0
"Qué pendejo estoy, olvidé el archivo en la otra computadora. Qué dolor de cabeza, puta madre.",0
El candidato se comporta como una pendeja y hay que lincharlo entre todos.,1
"Muchas gracias por compartir el enlace con la documentación de la API. Qué dolor de cabeza, puta madre.",0
El proyecto final de ingeniería quedó agendada para el próximo lunes.,0
Está cabrón terminar este proyecto final para el lunes.,0
Ese hater no es más que una pendejo y ojalá te pase algo malo.,1
EL MODERADOR SE COMPORTA COMO UNA CABRÓN Y ERES UN PELIGRO SOCIAL.,1
"Qué pendejo estoy, olvidé el archivo en la otra computadora. Qué dolor de cabeza, puta madre.",0
"¿Alguien sabe a qué hora abre la biblioteca central de la facultad? Qué dolor de cabeza, puta madre.",0
EL CREADOR DEL VIDEO ES UNA COMPLETA BASURA Y HAY QUE LINCHARLO ENTRE TODOS.,1
Esa mujer resultó ser una pendeja y ojalá te pase algo malo.,1
ESA MUJER NO ES MÁS QUE UNA IMBÉCIL Y DA ASCO QUE EXISTA.,1
"No mames, está cabrón el tráfico de hoy en la avenida principal.",0
"ESE USUARIO DEBERÍA DESAPARECER, ARRUINA LA COMUNIDAD Y NADIE LO QUIERE AQUÍ.",1
"Qué pendejada acabo de hacer con el café, lo derramé sobre el teclado. Qué dolor de cabeza, puta madre.",0
LA DIPUTADA RESULTÓ SER UNA IDIOTA Y HAY QUE LINCHARLO ENTRE TODOS.,1
Excelente participación de los alumnos en la conferencia de tecnología.,0
El árbitro resultó ser una inepto y lárgate de esta plataforma.,1
El creador del video no es más que una miserable y eres un peligro social.,1
El creador del video no es más que una plaga y deberían banearlo ya.,1
La diputada no es más que una pendejo y hay que lincharlo entre todos.,1
El creador del video se comporta como una incompetente y lárgate de esta plataforma.,1
La diputada demuestra ser una imbécil y lárgate de esta plataforma.,1
ESE HATER RESULTÓ SER UNA IDIOTA Y HAY QUE LINCHARLO ENTRE TODOS.,1
LA DIPUTADA NO ES MÁS QUE UNA MISERABLE Y LÁRGATE DE ESTA PLATAFORMA.,1
"Qué pendejada acabo de hacer con el café, lo derramé sobre el teclado. Qué dolor de cabeza, puta madre.",0
"No mames, está cabrón el tráfico de hoy en la avenida principal.",0
Este tipo resultó ser una plaga y hay que lincharlo entre todos.,1
El árbitro resultó ser una imbécil y deberían banearlo ya.,1
Ese usuario demuestra ser una parásito y hay que lincharlo entre todos.,1
"El examen de la facultad estuvo de la chingada, pero alcancé a pasar.",0
Esa mujer demuestra ser una mierda y da asco que exista.,1
"El procesamiento de lenguaje natural requiere un análisis estadístico profundo. Qué dolor de cabeza, puta madre.",0
El streamer se comporta como una basura y lárgate de esta plataforma.,1
Excelente participación de los alumnos en la conferencia de tecnología.,0
Ese hater no es más que una incompetente y da asco que exista.,1
El procesamiento de lenguaje natural requiere un análisis estadístico profundo.,0
"Esa mujer debería desaparecer, arruina la comunidad y nadie lo quiere aquí.",1
"Qué pendejo estoy, olvidé el archivo en la otra computadora.",0
"El examen de la facultad estuvo de la chingada, pero alcancé a pasar. Qué dolor de cabeza, puta madre.",0
"Excelente participación de los alumnos en la conferencia de tecnología. Qué dolor de cabeza, puta madre.",0
El moderador se comporta como una escoria y da asco que exista.,1
"El examen de la facultad estuvo de la chingada, pero alcancé a pasar. Qué dolor de cabeza, puta madre.",0
"Qué pendejada acabo de hacer con el café, lo derramé sobre el teclado. Qué dolor de cabeza, puta madre.",0
Esa mujer demuestra ser una miserable y ojalá te pase algo malo.,1
"Qué pendejada acabo de hacer con el café, lo derramé sobre el teclado.",0
"Qué pendejada acabo de hacer con el café, lo derramé sobre el teclado. Qué dolor de cabeza, puta madre.",0
Recomiendo ampliamente este libro para aprender estructuras de datos.,0
"Ya valió madre, se cayó el sistema de la escuela otra vez.",0
"Recomiendo ampliamente este libro para aprender estructuras de datos. Qué dolor de cabeza, puta madre.",0
El proyecto final de ingeniería quedó agendada para el próximo lunes.,0
Está cabrón terminar este proyecto final para el lunes.,0
El árbitro demuestra ser una plaga y deberían banearlo ya.,1
Ese hater no es más que una idiota y da asco que exista.,1
El candidato no es más que una basura y lárgate de esta plataforma.,1
Ese usuario demuestra ser una pendejo y ojalá te pase algo malo.,1
"ESE USUARIO DEBERÍA DESAPARECER, ARRUINA LA COMUNIDAD Y NADIE LO QUIERE AQUÍ.",1
Está cabrón terminar este proyecto final para el lunes.,0
"Muchas gracias por compartir el enlace con la documentación de la API. Qué dolor de cabeza, puta madre.",0
Ese hater es una completa plaga y ojalá te pase algo malo.,1
"¿Alguien sabe a qué hora abre la biblioteca central de la facultad? Qué dolor de cabeza, puta madre.",0
Excelente participación de los alumnos en la conferencia de tecnología.,0
El moderador demuestra ser una miserable y lárgate de esta plataforma.,1
"Qué pendejada acabo de hacer con el café, lo derramé sobre el teclado. Qué dolor de cabeza, puta madre.",0
"El examen de la facultad estuvo de la chingada, pero alcancé a pasar. Qué dolor de cabeza, puta madre.",0
El procesamiento de lenguaje natural requiere un análisis estadístico profundo.,0
EL ÁRBITRO DEMUESTRA SER UNA PENDEJO Y ERES UN PELIGRO SOCIAL.,1
El candidato no es más que una idiota y deberían banearlo ya.,1
Está cabrón terminar este proyecto final para el lunes.,0
El candidato demuestra ser una plaga y lárgate de esta plataforma.,1
Este tipo demuestra ser una pendejo y da asco que exista.,1
"Está cabrón terminar este proyecto final para el lunes. Qué dolor de cabeza, puta madre.",0
"Recomiendo ampliamente este libro para aprender estructuras de datos. Qué dolor de cabeza, puta madre.",0
"Qué pendejada acabo de hacer con el café, lo derramé sobre el teclado. Qué dolor de cabeza, puta madre.",0
La diputada no es más que una incompetente y deberían banearlo ya.,1
El streamer no es más que una plaga y hay que lincharlo entre todos.,1
El candidato resultó ser una inepto y eres un peligro social.,1
EL CREADOR DEL VIDEO ES UNA COMPLETA ESCORIA Y ERES UN PELIGRO SOCIAL.,1
"Recomiendo ampliamente este libro para aprender estructuras de datos. Qué dolor de cabeza, puta madre.",0
"¿Alguien sabe a qué hora abre la biblioteca central de la facultad? Qué dolor de cabeza, puta madre.",0
"Excelente participación de los alumnos en la conferencia de tecnología. Qué dolor de cabeza, puta madre.",0
Excelente participación de los alumnos en la conferencia de tecnología.,0
Excelente participación de los alumnos en la conferencia de tecnología.,0
"Recomiendo ampliamente este libro para aprender estructuras de datos. Qué dolor de cabeza, puta madre.",0
"No mames, está cabrón el tráfico de hoy en la avenida principal. Qué dolor de cabeza, puta madre.",0
EL STREAMER ES UNA COMPLETA PLAGA Y HAY QUE LINCHARLO ENTRE TODOS.,1
"El examen de la facultad estuvo de la chingada, pero alcancé a pasar.",0
Ese usuario se comporta como una parásito y da asco que exista.,1
EL CREADOR DEL VIDEO DEMUESTRA SER UNA MISERABLE Y DA ASCO QUE EXISTA.,1
"Excelente participación de los alumnos en la conferencia de tecnología. Qué dolor de cabeza, puta madre.",0
El candidato no es más que una parásito y hay que lincharlo entre todos.,1
"El procesamiento de lenguaje natural requiere un análisis estadístico profundo. Qué dolor de cabeza, puta madre.",0
"El candidato debería desaparecer, arruina la comunidad y nadie lo quiere aquí.",1
"Ya valió madre, se cayó el sistema de la escuela otra vez. Qué dolor de cabeza, puta madre.",0
"Qué pendejada acabo de hacer con el café, lo derramé sobre el teclado. Qué dolor de cabeza, puta madre.",0
Este tipo demuestra ser una incompetente y deberían banearlo ya.,1
Este tipo resultó ser una inepto y lárgate de esta plataforma.,1
Ese hater resultó ser una escoria y hay que lincharlo entre todos.,1
"Muchas gracias por compartir el enlace con la documentación de la API. Qué dolor de cabeza, puta madre.",0
El creador del video es una completa cabrón y ojalá te pase algo malo.,1
Está cabrón terminar este proyecto final para el lunes.,0
"No mames, está cabrón el tráfico de hoy en la avenida principal. Qué dolor de cabeza, puta madre.",0
"Ya valió madre, se cayó el sistema de la escuela otra vez. Qué dolor de cabeza, puta madre.",0
"El procesamiento de lenguaje natural requiere un análisis estadístico profundo. Qué dolor de cabeza, puta madre.",0
El moderador es una completa escoria y da asco que exista.,1
El candidato demuestra ser una pendejo y hay que lincharlo entre todos.,1
Ese hater demuestra ser una rata y deberían banearlo ya.,1
"Qué pendejo estoy, olvidé el archivo en la otra computadora.",0
EL MODERADOR SE COMPORTA COMO UNA MIERDA Y DEBERÍAN BANEARLO YA.,1
"El examen de la facultad estuvo de la chingada, pero alcancé a pasar.",0
El árbitro es una completa mierda y lárgate de esta plataforma.,1
La diputada no es más que una escoria y lárgate de esta plataforma.,1
El creador del video no es más que una idiota y ojalá te pase algo malo.,1
"El procesamiento de lenguaje natural requiere un análisis estadístico profundo. Qué dolor de cabeza, puta madre.",0
EL ÁRBITRO RESULTÓ SER UNA PARÁSITO Y OJALÁ TE PASE ALGO MALO.,1
Este tipo resultó ser una rata y hay que lincharlo entre todos.,1
La diputada demuestra ser una ignorante y eres un peligro social.,1
El árbitro es una completa escoria y lárgate de esta plataforma.,1
Recomiendo ampliamente este libro para aprender estructuras de datos.,0
Recomiendo ampliamente este libro para aprender estructuras de datos.,0
El proyecto final de ingeniería quedó agendada para el próximo lunes.,0
"El creador del video debería desaparecer, arruina la comunidad y nadie lo quiere aquí.",1
"El examen de la facultad estuvo de la chingada, pero alcancé a pasar.",0
El streamer es una completa pendeja y da asco que exista.,1
"No mames, está cabrón el tráfico de hoy en la avenida principal.",0
El proyecto final de ingeniería quedó agendada para el próximo lunes.,0
"¿Alguien sabe a qué hora abre la biblioteca central de la facultad? Qué dolor de cabeza, puta madre.",0
El candidato resultó ser una escoria y hay que lincharlo entre todos.,1
Ese usuario es una completa ignorante y da asco que exista.,1
"El examen de la facultad estuvo de la chingada, pero alcancé a pasar.",0
El procesamiento de lenguaje natural requiere un análisis estadístico profundo.,0
"El creador del video debería desaparecer, arruina la comunidad y nadie lo quiere aquí.",1
Muchas gracias por compartir el enlace con la documentación de la API.,0
Ese hater no es más que una incompetente y hay que lincharlo entre todos.,1
Este tipo demuestra ser una pendejo y ojalá te pase algo malo.,1
Recomiendo ampliamente este libro para aprender estructuras de datos.,0
"Qué pendejada acabo de hacer con el café, lo derramé sobre el teclado.",0
"El candidato debería desaparecer, arruina la comunidad y nadie lo quiere aquí.",1
El árbitro no es más que una idiota y hay que lincharlo entre todos.,1
El moderador no es más que una miserable y hay que lincharlo entre todos.,1
Esa mujer se comporta como una inepto y da asco que exista.,1
El creador del video es una completa pendejo y da asco que exista.,1
El proyecto final de ingeniería quedó agendada para el próximo lunes.,0
Está cabrón terminar este proyecto final para el lunes.,0
El creador del video demuestra ser una pendejo y eres un peligro social.,1
Esa mujer se comporta como una plaga y da asco que exista.,1
Ese usuario se comporta como una imbécil y da asco que exista.,1
El árbitro resultó ser una ignorante y lárgate de esta plataforma.,1
"¿Alguien sabe a qué hora abre la biblioteca central de la facultad? Qué dolor de cabeza, puta madre.",0
Ese hater resultó ser una plaga y da asco que exista.,1
"¿Alguien sabe a qué hora abre la biblioteca central de la facultad? Qué dolor de cabeza, puta madre.",0
"Muchas gracias por compartir el enlace con la documentación de la API. Qué dolor de cabeza, puta madre.",0
La diputada es una completa imbécil y eres un peligro social.,1
"Qué pendejo estoy, olvidé el archivo en la otra computadora. Qué dolor de cabeza, puta madre.",0
"El streamer debería desaparecer, arruina la comunidad y nadie lo quiere aquí.",1
"El proyecto final de ingeniería quedó agendada para el próximo lunes. Qué dolor de cabeza, puta madre.",0
EL CREADOR DEL VIDEO RESULTÓ SER UNA INEPTO Y HAY QUE LINCHARLO ENTRE TODOS.,1
El creador del video no es más que una parásito y hay que lincharlo entre todos.,1
El streamer es una completa basura y da asco que exista.,1
El candidato demuestra ser una pendeja y lárgate de esta plataforma.,1
Está cabrón terminar este proyecto final para el lunes.,0
"Qué pendejo estoy, olvidé el archivo en la otra computadora. Qué dolor de cabeza, puta madre.",0
El streamer demuestra ser una ignorante y lárgate de esta plataforma.,1
ESE USUARIO DEMUESTRA SER UNA IMBÉCIL Y ERES UN PELIGRO SOCIAL.,1
"Está cabrón terminar este proyecto final para el lunes. Qué dolor de cabeza, puta madre.",0
Ese hater demuestra ser una basura y hay que lincharlo entre todos.,1
El moderador demuestra ser una inepto y ojalá te pase algo malo.,1
"Qué pendejo estoy, olvidé el archivo en la otra computadora.",0
ESTE TIPO ES UNA COMPLETA MISERABLE Y DA ASCO QUE EXISTA.,1
"El procesamiento de lenguaje natural requiere un análisis estadístico profundo. Qué dolor de cabeza, puta madre.",0
"Ya valió madre, se cayó el sistema de la escuela otra vez. Qué dolor de cabeza, puta madre.",0
"Qué pendejo estoy, olvidé el archivo en la otra computadora.",0
El árbitro se comporta como una mierda y ojalá te pase algo malo.,1
EL CANDIDATO NO ES MÁS QUE UNA INCOMPETENTE Y HAY QUE LINCHARLO ENTRE TODOS.,1
El moderador se comporta como una basura y ojalá te pase algo malo.,1
"El examen de la facultad estuvo de la chingada, pero alcancé a pasar.",0
"El examen de la facultad estuvo de la chingada, pero alcancé a pasar.",0
LA DIPUTADA RESULTÓ SER UNA IDIOTA Y DA ASCO QUE EXISTA.,1
ESTE TIPO RESULTÓ SER UNA INEPTO Y ERES UN PELIGRO SOCIAL.,1
Este tipo no es más que una lacra y hay que lincharlo entre todos.,1
ESA MUJER SE COMPORTA COMO UNA MISERABLE Y DEBERÍAN BANEARLO YA.,1
"Ya valió madre, se cayó el sistema de la escuela otra vez.",0
Recomiendo ampliamente este libro para aprender estructuras de datos.,0
"Ya valió madre, se cayó el sistema de la escuela otra vez.",0
"Ya valió madre, se cayó el sistema de la escuela otra vez. Qué dolor de cabeza, puta madre.",0
El proyecto final de ingeniería quedó agendada para el próximo lunes.,0
"Qué pendejada acabo de hacer con el café, lo derramé sobre el teclado. Qué dolor de cabeza, puta madre.",0
"El proyecto final de ingeniería quedó agendada para el próximo lunes. Qué dolor de cabeza, puta madre.",0
La diputada demuestra ser una cabrón y ojalá te pase algo malo.,1
La diputada demuestra ser una rata y hay que lincharlo entre todos.,1
El streamer no es más que una idiota y hay que lincharlo entre todos.,1
Ese usuario se comporta como una lacra y hay que lincharlo entre todos.,1
La diputada se comporta como una plaga y lárgate de esta plataforma.,1
Este tipo se comporta como una lacra y lárgate de esta plataforma.,1
"Ya valió madre, se cayó el sistema de la escuela otra vez. Qué dolor de cabeza, puta madre.",0
LA DIPUTADA DEMUESTRA SER UNA INEPTO Y DEBERÍAN BANEARLO YA.,1
Ese usuario demuestra ser una pendejo y da asco que exista.,1
"Ya valió madre, se cayó el sistema de la escuela otra vez. Qué dolor de cabeza, puta madre.",0
"Qué pendejada acabo de hacer con el café, lo derramé sobre el teclado.",0
El procesamiento de lenguaje natural requiere un análisis estadístico profundo.,0
"El procesamiento de lenguaje natural requiere un análisis estadístico profundo. Qué dolor de cabeza, puta madre.",0
"Qué pendejada acabo de hacer con el café, lo derramé sobre el teclado.",0
"No mames, está cabrón el tráfico de hoy en la avenida principal. Qué dolor de cabeza, puta madre.",0
Ese hater no es más que una escoria y hay que lincharlo entre todos.,1
"¿Alguien sabe a qué hora abre la biblioteca central de la facultad? Qué dolor de cabeza, puta madre.",0
El moderador es una completa pendejo y eres un peligro social.,1
"EL ÁRBITRO DEBERÍA DESAPARECER, ARRUINA LA COMUNIDAD Y NADIE LO QUIERE AQUÍ.",1
El candidato demuestra ser una incompetente y hay que lincharlo entre todos.,1
"El examen de la facultad estuvo de la chingada, pero alcancé a pasar.",0
EL CANDIDATO ES UNA COMPLETA RATA Y LÁRGATE DE ESTA PLATAFORMA.,1
La diputada resultó ser una idiota y eres un peligro social.,1
Este tipo es una completa plaga y deberían banearlo ya.,1
"Ya valió madre, se cayó el sistema de la escuela otra vez.",0
El moderador es una completa cabrón y deberían banearlo ya.,1
"El examen de la facultad estuvo de la chingada, pero alcancé a pasar.",0
Este tipo no es más que una basura y eres un peligro social.,1
"Ya valió madre, se cayó el sistema de la escuela otra vez.",0
"Está cabrón terminar este proyecto final para el lunes. Qué dolor de cabeza, puta madre.",0
"No mames, está cabrón el tráfico de hoy en la avenida principal.",0
"Qué pendejada acabo de hacer con el café, lo derramé sobre el teclado.",0
El streamer demuestra ser una parásito y lárgate de esta plataforma.,1
El proyecto final de ingeniería quedó agendada para el próximo lunes.,0
"El candidato debería desaparecer, arruina la comunidad y nadie lo quiere aquí.",1
"No mames, está cabrón el tráfico de hoy en la avenida principal.",0
"Qué pendejo estoy, olvidé el archivo en la otra computadora.",0
El proyecto final de ingeniería quedó agendada para el próximo lunes.,0
Ese usuario se comporta como una escoria y deberían banearlo ya.,1
"Ya valió madre, se cayó el sistema de la escuela otra vez. Qué dolor de cabeza, puta madre.",0
El árbitro demuestra ser una miserable y deberían banearlo ya.,1
"Qué pendejo estoy, olvidé el archivo en la otra computadora.",0
El streamer se comporta como una mierda y deberían banearlo ya.,1
LA DIPUTADA DEMUESTRA SER UNA ESCORIA Y DEBERÍAN BANEARLO YA.,1
EL STREAMER ES UNA COMPLETA IDIOTA Y DA ASCO QUE EXISTA.,1
El creador del video se comporta como una mierda y eres un peligro social.,1
"No mames, está cabrón el tráfico de hoy en la avenida principal. Qué dolor de cabeza, puta madre.",0
"No mames, está cabrón el tráfico de hoy en la avenida principal. Qué dolor de cabeza, puta madre.",0
"Qué pendejada acabo de hacer con el café, lo derramé sobre el teclado. Qué dolor de cabeza, puta madre.",0
"Qué pendejo estoy, olvidé el archivo en la otra computadora.",0
Muchas gracias por compartir el enlace con la documentación de la API.,0
El árbitro no es más que una basura y deberían banearlo ya.,1
El streamer resultó ser una parásito y lárgate de esta plataforma.,1
"El proyecto final de ingeniería quedó agendada para el próximo lunes. Qué dolor de cabeza, puta madre.",0
El creador del video resultó ser una parásito y hay que lincharlo entre todos.,1
El árbitro es una completa imbécil y eres un peligro social.,1
El proyecto final de ingeniería quedó agendada para el próximo lunes.,0
La diputada se comporta como una inepto y da asco que exista.,1
"Qué pendejo estoy, olvidé el archivo en la otra computadora.",0
El árbitro no es más que una inepto y eres un peligro social.,1
Ese hater no es más que una lacra y ojalá te pase algo malo.,1
El árbitro demuestra ser una plaga y hay que lincharlo entre todos.,1
"EL CREADOR DEL VIDEO DEBERÍA DESAPARECER, ARRUINA LA COMUNIDAD Y NADIE LO QUIERE AQUÍ.",1
"Qué pendejada acabo de hacer con el café, lo derramé sobre el teclado.",0
"Qué pendejo estoy, olvidé el archivo en la otra computadora.",0
El árbitro resultó ser una lacra y eres un peligro social.,1
El candidato resultó ser una imbécil y deberían banearlo ya.,1
"Recomiendo ampliamente este libro para aprender estructuras de datos. Qué dolor de cabeza, puta madre.",0
"El proyecto final de ingeniería quedó agendada para el próximo lunes. Qué dolor de cabeza, puta madre.",0
ESTE TIPO RESULTÓ SER UNA IMBÉCIL Y OJALÁ TE PASE ALGO MALO.,1
El candidato resultó ser una parásito y lárgate de esta plataforma.,1
EL CREADOR DEL VIDEO RESULTÓ SER UNA ESCORIA Y HAY QUE LINCHARLO ENTRE TODOS.,1
La diputada no es más que una incompetente y deberían banearlo ya.,1
"Qué pendejo estoy, olvidé el archivo en la otra computadora.",0
"Qué pendejo estoy, olvidé el archivo en la otra computadora.",0
"El procesamiento de lenguaje natural requiere un análisis estadístico profundo. Qué dolor de cabeza, puta madre.",0
"El examen de la facultad estuvo de la chingada, pero alcancé a pasar.",0
"ESE HATER DEBERÍA DESAPARECER, ARRUINA LA COMUNIDAD Y NADIE LO QUIERE AQUÍ.",1
"Ya valió madre, se cayó el sistema de la escuela otra vez. Qué dolor de cabeza, puta madre.",0
Está cabrón terminar este proyecto final para el lunes.,0
LA DIPUTADA ES UNA COMPLETA MISERABLE Y OJALÁ TE PASE ALGO MALO.,1
El moderador no es más que una idiota y da asco que exista.,1
"Qué pendejada acabo de hacer con el café, lo derramé sobre el teclado.",0
La diputada es una completa incompetente y eres un peligro social.,1
ESE HATER ES UNA COMPLETA PARÁSITO Y HAY QUE LINCHARLO ENTRE TODOS.,1
El proyecto final de ingeniería quedó agendada para el próximo lunes.,0
Ese hater es una completa plaga y deberían banearlo ya.,1
Está cabrón terminar este proyecto final para el lunes.,0
El proyecto final de ingeniería quedó agendada para el próximo lunes.,0
Ese usuario no es más que una pendejo y hay que lincharlo entre todos.,1
El candidato es una completa idiota y eres un peligro social.,1
El streamer es una completa plaga y hay que lincharlo entre todos.,1
"El examen de la facultad estuvo de la chingada, pero alcancé a pasar.",0
Está cabrón terminar este proyecto final para el lunes.,0
El candidato demuestra ser una idiota y eres un peligro social.,1
"No mames, está cabrón el tráfico de hoy en la avenida principal. Qué dolor de cabeza, puta madre.",0
Está cabrón terminar este proyecto final para el lunes.,0
El candidato se comporta como una inepto y hay que lincharlo entre todos.,1
El candidato no es más que una miserable y deberían banearlo ya.,1
"El examen de la facultad estuvo de la chingada, pero alcancé a pasar.",0
Muchas gracias por compartir el enlace con la documentación de la API.,0
Ese hater se comporta como una escoria y eres un peligro social.,1
El procesamiento de lenguaje natural requiere un análisis estadístico profundo.,0
"El candidato debería desaparecer, arruina la comunidad y nadie lo quiere aquí.",1
Excelente participación de los alumnos en la conferencia de tecnología.,0
Muchas gracias por compartir el enlace con la documentación de la API.,0
El candidato se comporta como una idiota y lárgate de esta plataforma.,1
"EL MODERADOR DEBERÍA DESAPARECER, ARRUINA LA COMUNIDAD Y NADIE LO QUIERE AQUÍ.",1
"Está cabrón terminar este proyecto final para el lunes. Qué dolor de cabeza, puta madre.",0
"No mames, está cabrón el tráfico de hoy en la avenida principal.",0
Ese hater demuestra ser una ignorante y eres un peligro social.,1
"No mames, está cabrón el tráfico de hoy en la avenida principal.",0
EL CREADOR DEL VIDEO SE COMPORTA COMO UNA BASURA Y OJALÁ TE PASE ALGO MALO.,1
"Qué pendejada acabo de hacer con el café, lo derramé sobre el teclado. Qué dolor de cabeza, puta madre.",0
"No mames, está cabrón el tráfico de hoy en la avenida principal.",0
Ese hater resultó ser una imbécil y ojalá te pase algo malo.,1
"EL CREADOR DEL VIDEO DEBERÍA DESAPARECER, ARRUINA LA COMUNIDAD Y NADIE LO QUIERE AQUÍ.",1
"Ya valió madre, se cayó el sistema de la escuela otra vez.",0
LA DIPUTADA DEMUESTRA SER UNA LACRA Y ERES UN PELIGRO SOCIAL.,1
Está cabrón terminar este proyecto final para el lunes.,0
"El examen de la facultad estuvo de la chingada, pero alcancé a pasar.",0
Esa mujer es una completa plaga y ojalá te pase algo malo.,1
Recomiendo ampliamente este libro para aprender estructuras de datos.,0
Ese usuario no es más que una imbécil y hay que lincharlo entre todos.,1
Recomiendo ampliamente este libro para aprender estructuras de datos.,0
Ese usuario resultó ser una pendejo y hay que lincharlo entre todos.,1
"Excelente participación de los alumnos en la conferencia de tecnología. Qué dolor de cabeza, puta madre.",0
ESE USUARIO RESULTÓ SER UNA IMBÉCIL Y DA ASCO QUE EXISTA.,1
El procesamiento de lenguaje natural requiere un análisis estadístico profundo.,0
"Ya valió madre, se cayó el sistema de la escuela otra vez. Qué dolor de cabeza, puta madre.",0
"No mames, está cabrón el tráfico de hoy en la avenida principal.",0
Ese hater se comporta como una pendeja y eres un peligro social.,1
El moderador no es más que una miserable y hay que lincharlo entre todos.,1
"Qué pendejo estoy, olvidé el archivo en la otra computadora. Qué dolor de cabeza, puta madre.",0
"Qué pendejada acabo de hacer con el café, lo derramé sobre el teclado.",0
ESA MUJER RESULTÓ SER UNA LACRA Y HAY QUE LINCHARLO ENTRE TODOS.,1
EL MODERADOR ES UNA COMPLETA MIERDA Y DEBERÍAN BANEARLO YA.,1
ESA MUJER DEMUESTRA SER UNA IDIOTA Y DA ASCO QUE EXISTA.,1
El proyecto final de ingeniería quedó agendada para el próximo lunes.,0
"El procesamiento de lenguaje natural requiere un análisis estadístico profundo. Qué dolor de cabeza, puta madre.",0
"Qué pendejada acabo de hacer con el café, lo derramé sobre el teclado.",0
Está cabrón terminar este proyecto final para el lunes.,0
"El examen de la facultad estuvo de la chingada, pero alcancé a pasar. Qué dolor de cabeza, puta madre.",0
"El examen de la facultad estuvo de la chingada, pero alcancé a pasar.",0
Este tipo demuestra ser una pendeja y hay que lincharlo entre todos.,1
La diputada no es más que una pendeja y hay que lincharlo entre todos.,1
El árbitro no es más que una pendejo y deberían banearlo ya.,1
Ese hater es una completa incompetente y deberían banearlo ya.,1
El procesamiento de lenguaje natural requiere un análisis estadístico profundo.,0
Ese usuario se comporta como una plaga y lárgate de esta plataforma.,1
"Ya valió madre, se cayó el sistema de la escuela otra vez.",0
La diputada es una completa parásito y hay que lincharlo entre todos.,1
El moderador es una completa inepto y lárgate de esta plataforma.,1
"Ya valió madre, se cayó el sistema de la escuela otra vez.",0
Está cabrón terminar este proyecto final para el lunes.,0
Esa mujer demuestra ser una imbécil y da asco que exista.,1
El candidato es una completa escoria y hay que lincharlo entre todos.,1
Está cabrón terminar este proyecto final para el lunes.,0
¿Alguien sabe a qué hora abre la biblioteca central de la facultad?,0
"El examen de la facultad estuvo de la chingada, pero alcancé a pasar.",0
Muchas gracias por compartir el enlace con la documentación de la API.,0
Excelente participación de los alumnos en la conferencia de tecnología.,0
"Qué pendejo estoy, olvidé el archivo en la otra computadora.",0
Ese usuario resultó ser una ignorante y da asco que exista.,1
EL STREAMER NO ES MÁS QUE UNA IDIOTA Y OJALÁ TE PASE ALGO MALO.,1
¿Alguien sabe a qué hora abre la biblioteca central de la facultad?,0
ESE USUARIO RESULTÓ SER UNA ESCORIA Y ERES UN PELIGRO SOCIAL.,1
"Este tipo debería desaparecer, arruina la comunidad y nadie lo quiere aquí.",1
El candidato no es más que una cabrón y deberían banearlo ya.,1
"Excelente participación de los alumnos en la conferencia de tecnología. Qué dolor de cabeza, puta madre.",0
"Ya valió madre, se cayó el sistema de la escuela otra vez.",0
El árbitro demuestra ser una inepto y eres un peligro social.,1
El proyecto final de ingeniería quedó agendada para el próximo lunes.,0
"Ya valió madre, se cayó el sistema de la escuela otra vez.",0
El proyecto final de ingeniería quedó agendada para el próximo lunes.,0
"Qué pendejada acabo de hacer con el café, lo derramé sobre el teclado.",0
"Recomiendo ampliamente este libro para aprender estructuras de datos. Qué dolor de cabeza, puta madre.",0
Ese hater demuestra ser una rata y deberían banearlo ya.,1
"Muchas gracias por compartir el enlace con la documentación de la API. Qué dolor de cabeza, puta madre.",0
"Qué pendejo estoy, olvidé el archivo en la otra computadora.",0
"Ya valió madre, se cayó el sistema de la escuela otra vez. Qué dolor de cabeza, puta madre.",0
Este tipo se comporta como una cabrón y eres un peligro social.,1
"La diputada debería desaparecer, arruina la comunidad y nadie lo quiere aquí.",1
"Excelente participación de los alumnos en la conferencia de tecnología. Qué dolor de cabeza, puta madre.",0
El streamer resultó ser una idiota y lárgate de esta plataforma.,1
El candidato no es más que una imbécil y ojalá te pase algo malo.,1
ESA MUJER RESULTÓ SER UNA IDIOTA Y DEBERÍAN BANEARLO YA.,1
"¿Alguien sabe a qué hora abre la biblioteca central de la facultad? Qué dolor de cabeza, puta madre.",0
El creador del video no es más que una plaga y lárgate de esta plataforma.,1
El árbitro resultó ser una escoria y deberían banearlo ya.,1
La diputada se comporta como una cabrón y lárgate de esta plataforma.,1
"No mames, está cabrón el tráfico de hoy en la avenida principal.",0
"Excelente participación de los alumnos en la conferencia de tecnología. Qué dolor de cabeza, puta madre.",0
El moderador demuestra ser una lacra y deberían banearlo ya.,1
El moderador demuestra ser una inepto y deberían banearlo ya.,1
Este tipo es una completa mierda y lárgate de esta plataforma.,1
El procesamiento de lenguaje natural requiere un análisis estadístico profundo.,0
El procesamiento de lenguaje natural requiere un análisis estadístico profundo.,0
"Esa mujer debería desaparecer, arruina la comunidad y nadie lo quiere aquí.",1
"Qué pendejo estoy, olvidé el archivo en la otra computadora. Qué dolor de cabeza, puta madre.",0
"Ya valió madre, se cayó el sistema de la escuela otra vez. Qué dolor de cabeza, puta madre.",0
El candidato se comporta como una inepto y lárgate de esta plataforma.,1
"No mames, está cabrón el tráfico de hoy en la avenida principal.",0
Ese hater resultó ser una ignorante y eres un peligro social.,1
EL CREADOR DEL VIDEO ES UNA COMPLETA IGNORANTE Y HAY QUE LINCHARLO ENTRE TODOS.,1
El streamer es una completa escoria y da asco que exista.,1
EL STREAMER NO ES MÁS QUE UNA PARÁSITO Y LÁRGATE DE ESTA PLATAFORMA.,1
"Qué pendejada acabo de hacer con el café, lo derramé sobre el teclado.",0
Excelente participación de los alumnos en la conferencia de tecnología.,0
"Qué pendejo estoy, olvidé el archivo en la otra computadora. Qué dolor de cabeza, puta madre.",0
"Qué pendejada acabo de hacer con el café, lo derramé sobre el teclado. Qué dolor de cabeza, puta madre.",0
El proyecto final de ingeniería quedó agendada para el próximo lunes.,0
Esa mujer se comporta como una incompetente y deberían banearlo ya.,1
Ese usuario se comporta como una imbécil y da asco que exista.,1
"Esa mujer debería desaparecer, arruina la comunidad y nadie lo quiere aquí.",1
El moderador se comporta como una lacra y deberían banearlo ya.,1
Ese hater es una completa escoria y hay que lincharlo entre todos.,1
El creador del video resultó ser una plaga y hay que lincharlo entre todos.,1
ESTE TIPO SE COMPORTA COMO UNA IDIOTA Y HAY QUE LINCHARLO ENTRE TODOS.,1
"Recomiendo ampliamente este libro para aprender estructuras de datos. Qué dolor de cabeza, puta madre.",0
Ese usuario no es más que una cabrón y lárgate de esta plataforma.,1
Este tipo resultó ser una inepto y hay que lincharlo entre todos.,1
El proyecto final de ingeniería quedó agendada para el próximo lunes.,0
Esa mujer demuestra ser una ignorante y ojalá te pase algo malo.,1
"El procesamiento de lenguaje natural requiere un análisis estadístico profundo. Qué dolor de cabeza, puta madre.",0
"Está cabrón terminar este proyecto final para el lunes. Qué dolor de cabeza, puta madre.",0
"Qué pendejo estoy, olvidé el archivo en la otra computadora. Qué dolor de cabeza, puta madre.",0
El creador del video es una completa imbécil y eres un peligro social.,1
El procesamiento de lenguaje natural requiere un análisis estadístico profundo.,0
"El proyecto final de ingeniería quedó agendada para el próximo lunes. Qué dolor de cabeza, puta madre.",0
"El streamer debería desaparecer, arruina la comunidad y nadie lo quiere aquí.",1
Esa mujer es una completa escoria y da asco que exista.,1
El moderador demuestra ser una miserable y deberían banearlo ya.,1
"Ya valió madre, se cayó el sistema de la escuela otra vez.",0
La diputada es una completa pendejo y da asco que exista.,1
Está cabrón terminar este proyecto final para el lunes.,0
El streamer es una completa cabrón y eres un peligro social.,1
El árbitro no es más que una cabrón y ojalá te pase algo malo.,1
Ese hater demuestra ser una mierda y hay que lincharlo entre todos.,1
¿Alguien sabe a qué hora abre la biblioteca central de la facultad?,0
"No mames, está cabrón el tráfico de hoy en la avenida principal.",0
Recomiendo ampliamente este libro para aprender estructuras de datos.,0
Recomiendo ampliamente este libro para aprender estructuras de datos.,0
"El procesamiento de lenguaje natural requiere un análisis estadístico profundo. Qué dolor de cabeza, puta madre.",0
Ese usuario se comporta como una ignorante y ojalá te pase algo malo.,1
El creador del video no es más que una parásito y hay que lincharlo entre todos.,1
La diputada no es más que una cabrón y eres un peligro social.,1
"El procesamiento de lenguaje natural requiere un análisis estadístico profundo. Qué dolor de cabeza, puta madre.",0
El moderador resultó ser una rata y deberían banearlo ya.,1
ESTE TIPO RESULTÓ SER UNA PENDEJA Y HAY QUE LINCHARLO ENTRE TODOS.,1
"El proyecto final de ingeniería quedó agendada para el próximo lunes. Qué dolor de cabeza, puta madre.",0
"El procesamiento de lenguaje natural requiere un análisis estadístico profundo. Qué dolor de cabeza, puta madre.",0
"El moderador debería desaparecer, arruina la comunidad y nadie lo quiere aquí.",1
ESTE TIPO ES UNA COMPLETA ESCORIA Y ERES UN PELIGRO SOCIAL.,1
EL MODERADOR NO ES MÁS QUE UNA PENDEJO Y HAY QUE LINCHARLO ENTRE TODOS.,1
El streamer resultó ser una incompetente y da asco que exista.,1
Este tipo es una completa plaga y deberían banearlo ya.,1
"Ya valió madre, se cayó el sistema de la escuela otra vez. Qué dolor de cabeza, puta madre.",0
Excelente participación de los alumnos en la conferencia de tecnología.,0
El candidato es una completa incompetente y deberían banearlo ya.,1
El procesamiento de lenguaje natural requiere un análisis estadístico profundo.,0
La diputada es una completa rata y ojalá te pase algo malo.,1
"Qué pendejo estoy, olvidé el archivo en la otra computadora.",0
ESE USUARIO SE COMPORTA COMO UNA PENDEJA Y OJALÁ TE PASE ALGO MALO.,1
La diputada se comporta como una lacra y deberían banearlo ya.,1
El árbitro se comporta como una rata y deberían banearlo ya.,1
"Está cabrón terminar este proyecto final para el lunes. Qué dolor de cabeza, puta madre.",0
El moderador se comporta como una imbécil y lárgate de esta plataforma.,1
EL CANDIDATO SE COMPORTA COMO UNA CABRÓN Y LÁRGATE DE ESTA PLATAFORMA.,1
Está cabrón terminar este proyecto final para el lunes.,0
El árbitro no es más que una miserable y da asco que exista.,1
El candidato es una completa mierda y ojalá te pase algo malo.,1
EL CREADOR DEL VIDEO RESULTÓ SER UNA MISERABLE Y DEBERÍAN BANEARLO YA.,1
El creador del video se comporta como una miserable y eres un peligro social.,1
El streamer demuestra ser una lacra y hay que lincharlo entre todos.,1
"El examen de la facultad estuvo de la chingada, pero alcancé a pasar. Qué dolor de cabeza, puta madre.",0
"No mames, está cabrón el tráfico de hoy en la avenida principal.",0
Esa mujer resultó ser una basura y ojalá te pase algo malo.,1
Ese hater es una completa miserable y lárgate de esta plataforma.,1
La diputada no es más que una miserable y eres un peligro social.,1
"Qué pendejo estoy, olvidé el archivo en la otra computadora. Qué dolor de cabeza, puta madre.",0
"El examen de la facultad estuvo de la chingada, pero alcancé a pasar.",0
Ese usuario resultó ser una pendeja y hay que lincharlo entre todos.,1
Este tipo resultó ser una plaga y hay que lincharlo entre todos.,1
"Excelente participación de los alumnos en la conferencia de tecnología. Qué dolor de cabeza, puta madre.",0
"Muchas gracias por compartir el enlace con la documentación de la API. Qué dolor de cabeza, puta madre.",0
Este tipo es una completa parásito y da asco que exista.,1
El moderador se comporta como una parásito y eres un peligro social.,1
El candidato se comporta como una cabrón y da asco que exista.,1
Ese usuario es una completa miserable y ojalá te pase algo malo.,1
El creador del video no es más que una parásito y deberían banearlo ya.,1
LA DIPUTADA DEMUESTRA SER UNA PLAGA Y DA ASCO QUE EXISTA.,1
"El proyecto final de ingeniería quedó agendada para el próximo lunes. Qué dolor de cabeza, puta madre.",0
"El examen de la facultad estuvo de la chingada, pero alcancé a pasar. Qué dolor de cabeza, puta madre.",0
ESA MUJER DEMUESTRA SER UNA PLAGA Y OJALÁ TE PASE ALGO MALO.,1
Esa mujer resultó ser una miserable y deberían banearlo ya.,1
"No mames, está cabrón el tráfico de hoy en la avenida principal.",0
El moderador es una completa incompetente y hay que lincharlo entre todos.,1
Muchas gracias por compartir el enlace con la documentación de la API.,0
"El examen de la facultad estuvo de la chingada, pero alcancé a pasar. Qué dolor de cabeza, puta madre.",0
"La diputada debería desaparecer, arruina la comunidad y nadie lo quiere aquí.",1
"EL CREADOR DEL VIDEO DEBERÍA DESAPARECER, ARRUINA LA COMUNIDAD Y NADIE LO QUIERE AQUÍ.",1
"Ya valió madre, se cayó el sistema de la escuela otra vez. Qué dolor de cabeza, puta madre.",0
"Ya valió madre, se cayó el sistema de la escuela otra vez. Qué dolor de cabeza, puta madre.",0
"Qué pendejada acabo de hacer con el café, lo derramé sobre el teclado. Qué dolor de cabeza, puta madre.",0
El creador del video resultó ser una cabrón y da asco que exista.,1
Ese hater no es más que una basura y lárgate de esta plataforma.,1
"¿Alguien sabe a qué hora abre la biblioteca central de la facultad? Qué dolor de cabeza, puta madre.",0
"Ya valió madre, se cayó el sistema de la escuela otra vez. Qué dolor de cabeza, puta madre.",0
Muchas gracias por compartir el enlace con la documentación de la API.,0
"Qué pendejada acabo de hacer con el café, lo derramé sobre el teclado. Qué dolor de cabeza, puta madre.",0
LA DIPUTADA NO ES MÁS QUE UNA RATA Y ERES UN PELIGRO SOCIAL.,1
"El proyecto final de ingeniería quedó agendada para el próximo lunes. Qué dolor de cabeza, puta madre.",0
Esa mujer resultó ser una pendeja y lárgate de esta plataforma.,1
"Qué pendejo estoy, olvidé el archivo en la otra computadora.",0
El árbitro es una completa inepto y eres un peligro social.,1
ESA MUJER SE COMPORTA COMO UNA IGNORANTE Y LÁRGATE DE ESTA PLATAFORMA.,1
"Ya valió madre, se cayó el sistema de la escuela otra vez.",0
El candidato no es más que una cabrón y hay que lincharlo entre todos.,1
El proyecto final de ingeniería quedó agendada para el próximo lunes.,0
"Qué pendejo estoy, olvidé el archivo en la otra computadora. Qué dolor de cabeza, puta madre.",0
El moderador resultó ser una basura y eres un peligro social.,1
Este tipo es una completa escoria y da asco que exista.,1
¿Alguien sabe a qué hora abre la biblioteca central de la facultad?,0
ESTE TIPO SE COMPORTA COMO UNA RATA Y DA ASCO QUE EXISTA.,1
"No mames, está cabrón el tráfico de hoy en la avenida principal.",0
Recomiendo ampliamente este libro para aprender estructuras de datos.,0
"Ya valió madre, se cayó el sistema de la escuela otra vez.",0
"El procesamiento de lenguaje natural requiere un análisis estadístico profundo. Qué dolor de cabeza, puta madre.",0
Muchas gracias por compartir el enlace con la documentación de la API.,0
Ese hater resultó ser una plaga y ojalá te pase algo malo.,1
¿Alguien sabe a qué hora abre la biblioteca central de la facultad?,0
"El examen de la facultad estuvo de la chingada, pero alcancé a pasar. Qué dolor de cabeza, puta madre.",0
"El examen de la facultad estuvo de la chingada, pero alcancé a pasar.",0
"Esa mujer debería desaparecer, arruina la comunidad y nadie lo quiere aquí.",1
"No mames, está cabrón el tráfico de hoy en la avenida principal.",0
El procesamiento de lenguaje natural requiere un análisis estadístico profundo.,0
"Muchas gracias por compartir el enlace con la documentación de la API. Qué dolor de cabeza, puta madre.",0
EL MODERADOR RESULTÓ SER UNA CABRÓN Y ERES UN PELIGRO SOCIAL.,1
"El examen de la facultad estuvo de la chingada, pero alcancé a pasar.",0
Este tipo es una completa incompetente y lárgate de esta plataforma.,1
Ese usuario no es más que una escoria y da asco que exista.,1
"Qué pendejada acabo de hacer con el café, lo derramé sobre el teclado. Qué dolor de cabeza, puta madre.",0
"Qué pendejada acabo de hacer con el café, lo derramé sobre el teclado. Qué dolor de cabeza, puta madre.",0
"Qué pendejada acabo de hacer con el café, lo derramé sobre el teclado. Qué dolor de cabeza, puta madre.",0
El proyecto final de ingeniería quedó agendada para el próximo lunes.,0
El árbitro demuestra ser una parásito y deberían banearlo ya.,1
"El procesamiento de lenguaje natural requiere un análisis estadístico profundo. Qué dolor de cabeza, puta madre.",0
ESE HATER SE COMPORTA COMO UNA MISERABLE Y OJALÁ TE PASE ALGO MALO.,1
Esa mujer resultó ser una plaga y lárgate de esta plataforma.,1
La diputada es una completa lacra y deberían banearlo ya.,1
"Qué pendejada acabo de hacer con el café, lo derramé sobre el teclado. Qué dolor de cabeza, puta madre.",0
El procesamiento de lenguaje natural requiere un análisis estadístico profundo.,0
"Ya valió madre, se cayó el sistema de la escuela otra vez. Qué dolor de cabeza, puta madre.",0
"Qué pendejo estoy, olvidé el archivo en la otra computadora.",0
El candidato demuestra ser una lacra y deberían banearlo ya.,1
EL STREAMER ES UNA COMPLETA MISERABLE Y ERES UN PELIGRO SOCIAL.,1
"Qué pendejo estoy, olvidé el archivo en la otra computadora.",0
Ese usuario es una completa pendeja y hay que lincharlo entre todos.,1
Está cabrón terminar este proyecto final para el lunes.,0
El creador del video se comporta como una ignorante y ojalá te pase algo malo.,1
"El creador del video debería desaparecer, arruina la comunidad y nadie lo quiere aquí.",1
Muchas gracias por compartir el enlace con la documentación de la API.,0
La diputada demuestra ser una parásito y da asco que exista.,1
La diputada demuestra ser una miserable y lárgate de esta plataforma.,1
El creador del video resultó ser una escoria y lárgate de esta plataforma.,1
"Ya valió madre, se cayó el sistema de la escuela otra vez.",0
"No mames, está cabrón el tráfico de hoy en la avenida principal. Qué dolor de cabeza, puta madre.",0
"No mames, está cabrón el tráfico de hoy en la avenida principal.",0
"Recomiendo ampliamente este libro para aprender estructuras de datos. Qué dolor de cabeza, puta madre.",0
"Ya valió madre, se cayó el sistema de la escuela otra vez. Qué dolor de cabeza, puta madre.",0
La diputada se comporta como una pendeja y hay que lincharlo entre todos.,1
"Qué pendejada acabo de hacer con el café, lo derramé sobre el teclado. Qué dolor de cabeza, puta madre.",0
"El árbitro debería desaparecer, arruina la comunidad y nadie lo quiere aquí.",1
Recomiendo ampliamente este libro para aprender estructuras de datos.,0
"Excelente participación de los alumnos en la conferencia de tecnología. Qué dolor de cabeza, puta madre.",0
"Muchas gracias por compartir el enlace con la documentación de la API. Qué dolor de cabeza, puta madre.",0
La diputada se comporta como una plaga y deberían banearlo ya.,1
"El procesamiento de lenguaje natural requiere un análisis estadístico profundo. Qué dolor de cabeza, puta madre.",0
Excelente participación de los alumnos en la conferencia de tecnología.,0
El moderador resultó ser una pendejo y hay que lincharlo entre todos.,1
"Qué pendejo estoy, olvidé el archivo en la otra computadora.",0
"Qué pendejada acabo de hacer con el café, lo derramé sobre el teclado.",0
Este tipo no es más que una mierda y lárgate de esta plataforma.,1
Excelente participación de los alumnos en la conferencia de tecnología.,0
El proyecto final de ingeniería quedó agendada para el próximo lunes.,0
"Qué pendejada acabo de hacer con el café, lo derramé sobre el teclado.",0
Este tipo demuestra ser una parásito y ojalá te pase algo malo.,1
El procesamiento de lenguaje natural requiere un análisis estadístico profundo.,0
"EL CREADOR DEL VIDEO DEBERÍA DESAPARECER, ARRUINA LA COMUNIDAD Y NADIE LO QUIERE AQUÍ.",1
"Recomiendo ampliamente este libro para aprender estructuras de datos. Qué dolor de cabeza, puta madre.",0
Ese usuario no es más que una rata y lárgate de esta plataforma.,1
El moderador se comporta como una pendejo y ojalá te pase algo malo.,1
"Está cabrón terminar este proyecto final para el lunes. Qué dolor de cabeza, puta madre.",0
"No mames, está cabrón el tráfico de hoy en la avenida principal.",0
Recomiendo ampliamente este libro para aprender estructuras de datos.,0
"Ya valió madre, se cayó el sistema de la escuela otra vez.",0
El árbitro no es más que una cabrón y deberían banearlo ya.,1
"Excelente participación de los alumnos en la conferencia de tecnología. Qué dolor de cabeza, puta madre.",0
EL ÁRBITRO RESULTÓ SER UNA PENDEJO Y DEBERÍAN BANEARLO YA.,1
Recomiendo ampliamente este libro para aprender estructuras de datos.,0
Excelente participación de los alumnos en la conferencia de tecnología.,0
EL ÁRBITRO SE COMPORTA COMO UNA BASURA Y OJALÁ TE PASE ALGO MALO.,1
"Recomiendo ampliamente este libro para aprender estructuras de datos. Qué dolor de cabeza, puta madre.",0
¿Alguien sabe a qué hora abre la biblioteca central de la facultad?,0
"El árbitro debería desaparecer, arruina la comunidad y nadie lo quiere aquí.",1
El árbitro resultó ser una basura y eres un peligro social.,1
El árbitro demuestra ser una plaga y hay que lincharlo entre todos.,1
Está cabrón terminar este proyecto final para el lunes.,0
"Ya valió madre, se cayó el sistema de la escuela otra vez.",0
"Qué pendejada acabo de hacer con el café, lo derramé sobre el teclado.",0
EL ÁRBITRO ES UNA COMPLETA MIERDA Y ERES UN PELIGRO SOCIAL.,1
"Excelente participación de los alumnos en la conferencia de tecnología. Qué dolor de cabeza, puta madre.",0
"Está cabrón terminar este proyecto final para el lunes. Qué dolor de cabeza, puta madre.",0
Ese hater demuestra ser una basura y ojalá te pase algo malo.,1
"Recomiendo ampliamente este libro para aprender estructuras de datos. Qué dolor de cabeza, puta madre.",0
"No mames, está cabrón el tráfico de hoy en la avenida principal.",0
LA DIPUTADA ES UNA COMPLETA MIERDA Y DEBERÍAN BANEARLO YA.,1
Ese hater resultó ser una incompetente y hay que lincharlo entre todos.,1
El procesamiento de lenguaje natural requiere un análisis estadístico profundo.,0
El candidato se comporta como una incompetente y eres un peligro social.,1
La diputada demuestra ser una parásito y deberían banearlo ya.,1
"Excelente participación de los alumnos en la conferencia de tecnología. Qué dolor de cabeza, puta madre.",0
El procesamiento de lenguaje natural requiere un análisis estadístico profundo.,0
"El proyecto final de ingeniería quedó agendada para el próximo lunes. Qué dolor de cabeza, puta madre.",0
ESE HATER DEMUESTRA SER UNA ESCORIA Y OJALÁ TE PASE ALGO MALO.,1
Muchas gracias por compartir el enlace con la documentación de la API.,0
"Muchas gracias por compartir el enlace con la documentación de la API. Qué dolor de cabeza, puta madre.",0
El moderador se comporta como una lacra y deberían banearlo ya.,1
El creador del video resultó ser una imbécil y deberían banearlo ya.,1
"El examen de la facultad estuvo de la chingada, pero alcancé a pasar. Qué dolor de cabeza, puta madre.",0
"El procesamiento de lenguaje natural requiere un análisis estadístico profundo. Qué dolor de cabeza, puta madre.",0
El streamer no es más que una basura y ojalá te pase algo malo.,1
Está cabrón terminar este proyecto final para el lunes.,0
Muchas gracias por compartir el enlace con la documentación de la API.,0
El streamer se comporta como una cabrón y lárgate de esta plataforma.,1
"Ya valió madre, se cayó el sistema de la escuela otra vez. Qué dolor de cabeza, puta madre.",0
"No mames, está cabrón el tráfico de hoy en la avenida principal.",0
"ESTE TIPO DEBERÍA DESAPARECER, ARRUINA LA COMUNIDAD Y NADIE LO QUIERE AQUÍ.",1
"Muchas gracias por compartir el enlace con la documentación de la API. Qué dolor de cabeza, puta madre.",0
El creador del video resultó ser una pendejo y deberían banearlo ya.,1
El candidato resultó ser una pendeja y eres un peligro social.,1
Esa mujer resultó ser una basura y hay que lincharlo entre todos.,1
El candidato resultó ser una cabrón y lárgate de esta plataforma.,1
Ese usuario demuestra ser una inepto y lárgate de esta plataforma.,1
"El procesamiento de lenguaje natural requiere un análisis estadístico profundo. Qué dolor de cabeza, puta madre.",0
"Qué pendejada acabo de hacer con el café, lo derramé sobre el teclado.",0
¿Alguien sabe a qué hora abre la biblioteca central de la facultad?,0
EL MODERADOR NO ES MÁS QUE UNA PARÁSITO Y OJALÁ TE PASE ALGO MALO.,1
Esa mujer resultó ser una pendejo y da asco que exista.,1
Muchas gracias por compartir el enlace con la documentación de la API.,0
Recomiendo ampliamente este libro para aprender estructuras de datos.,0
Esa mujer es una completa ignorante y da asco que exista.,1
"Qué pendejada acabo de hacer con el café, lo derramé sobre el teclado.",0
La diputada es una completa idiota y eres un peligro social.,1
ESA MUJER NO ES MÁS QUE UNA INEPTO Y HAY QUE LINCHARLO ENTRE TODOS.,1
Muchas gracias por compartir el enlace con la documentación de la API.,0
Ese hater resultó ser una rata y deberían banearlo ya.,1
Ese usuario no es más que una parásito y hay que lincharlo entre todos.,1
El proyecto final de ingeniería quedó agendada para el próximo lunes.,0
Este tipo es una completa pendeja y hay que lincharlo entre todos.,1
LA DIPUTADA ES UNA COMPLETA BASURA Y HAY QUE LINCHARLO ENTRE TODOS.,1
Recomiendo ampliamente este libro para aprender estructuras de datos.,0
"Qué pendejo estoy, olvidé el archivo en la otra computadora.",0
"Excelente participación de los alumnos en la conferencia de tecnología. Qué dolor de cabeza, puta madre.",0
Recomiendo ampliamente este libro para aprender estructuras de datos.,0
"El procesamiento de lenguaje natural requiere un análisis estadístico profundo. Qué dolor de cabeza, puta madre.",0
El streamer no es más que una cabrón y hay que lincharlo entre todos.,1
Este tipo resultó ser una pendejo y deberían banearlo ya.,1
El árbitro se comporta como una imbécil y eres un peligro social.,1
¿Alguien sabe a qué hora abre la biblioteca central de la facultad?,0
El candidato es una completa parásito y hay que lincharlo entre todos.,1
"Ese hater debería desaparecer, arruina la comunidad y nadie lo quiere aquí.",1
La diputada no es más que una pendeja y deberían banearlo ya.,1
EL CANDIDATO DEMUESTRA SER UNA CABRÓN Y LÁRGATE DE ESTA PLATAFORMA.,1
"El proyecto final de ingeniería quedó agendada para el próximo lunes. Qué dolor de cabeza, puta madre.",0
¿Alguien sabe a qué hora abre la biblioteca central de la facultad?,0
ESE HATER NO ES MÁS QUE UNA PLAGA Y ERES UN PELIGRO SOCIAL.,1
El creador del video demuestra ser una cabrón y hay que lincharlo entre todos.,1
El streamer se comporta como una plaga y deberían banearlo ya.,1
LA DIPUTADA ES UNA COMPLETA INEPTO Y DA ASCO QUE EXISTA.,1
"Está cabrón terminar este proyecto final para el lunes. Qué dolor de cabeza, puta madre.",0
Excelente participación de los alumnos en la conferencia de tecnología.,0
Está cabrón terminar este proyecto final para el lunes.,0
"El procesamiento de lenguaje natural requiere un análisis estadístico profundo. Qué dolor de cabeza, puta madre.",0
Ese hater demuestra ser una pendejo y da asco que exista.,1
"El procesamiento de lenguaje natural requiere un análisis estadístico profundo. Qué dolor de cabeza, puta madre.",0
EL CREADOR DEL VIDEO SE COMPORTA COMO UNA BASURA Y HAY QUE LINCHARLO ENTRE TODOS.,1
El árbitro demuestra ser una basura y lárgate de esta plataforma.,1
"El streamer debería desaparecer, arruina la comunidad y nadie lo quiere aquí.",1
"No mames, está cabrón el tráfico de hoy en la avenida principal. Qué dolor de cabeza, puta madre.",0
El proyecto final de ingeniería quedó agendada para el próximo lunes.,0
"No mames, está cabrón el tráfico de hoy en la avenida principal. Qué dolor de cabeza, puta madre.",0
"El examen de la facultad estuvo de la chingada, pero alcancé a pasar.",0
El proyecto final de ingeniería quedó agendada para el próximo lunes.,0
"Qué pendejo estoy, olvidé el archivo en la otra computadora. Qué dolor de cabeza, puta madre.",0
El moderador se comporta como una imbécil y ojalá te pase algo malo.,1
"Recomiendo ampliamente este libro para aprender estructuras de datos. Qué dolor de cabeza, puta madre.",0
LA DIPUTADA SE COMPORTA COMO UNA LACRA Y ERES UN PELIGRO SOCIAL.,1
Este tipo se comporta como una plaga y lárgate de esta plataforma.,1
EL STREAMER ES UNA COMPLETA INEPTO Y LÁRGATE DE ESTA PLATAFORMA.,1
"Está cabrón terminar este proyecto final para el lunes. Qué dolor de cabeza, puta madre.",0
LA DIPUTADA NO ES MÁS QUE UNA MIERDA Y ERES UN PELIGRO SOCIAL.,1
El streamer demuestra ser una cabrón y lárgate de esta plataforma.,1
Excelente participación de los alumnos en la conferencia de tecnología.,0
Este tipo no es más que una mierda y hay que lincharlo entre todos.,1
El creador del video no es más que una cabrón y deberían banearlo ya.,1
Muchas gracias por compartir el enlace con la documentación de la API.,0
"Ya valió madre, se cayó el sistema de la escuela otra vez. Qué dolor de cabeza, puta madre.",0
El árbitro resultó ser una pendejo y hay que lincharlo entre todos.,1
El árbitro demuestra ser una lacra y hay que lincharlo entre todos.,1
"No mames, está cabrón el tráfico de hoy en la avenida principal.",0
LA DIPUTADA NO ES MÁS QUE UNA PENDEJO Y LÁRGATE DE ESTA PLATAFORMA.,1
"No mames, está cabrón el tráfico de hoy en la avenida principal.",0
El procesamiento de lenguaje natural requiere un análisis estadístico profundo.,0
El creador del video demuestra ser una inepto y ojalá te pase algo malo.,1
"Qué pendejo estoy, olvidé el archivo en la otra computadora.",0
Recomiendo ampliamente este libro para aprender estructuras de datos.,0
"El examen de la facultad estuvo de la chingada, pero alcancé a pasar.",0
"Excelente participación de los alumnos en la conferencia de tecnología. Qué dolor de cabeza, puta madre.",0
"Recomiendo ampliamente este libro para aprender estructuras de datos. Qué dolor de cabeza, puta madre.",0
Esa mujer no es más que una rata y eres un peligro social.,1
"Qué pendejada acabo de hacer con el café, lo derramé sobre el teclado.",0
"Qué pendejada acabo de hacer con el café, lo derramé sobre el teclado. Qué dolor de cabeza, puta madre.",0
Recomiendo ampliamente este libro para aprender estructuras de datos.,0
El moderador no es más que una basura y da asco que exista.,1
El moderador no es más que una incompetente y da asco que exista.,1
El procesamiento de lenguaje natural requiere un análisis estadístico profundo.,0
Ese usuario es una completa idiota y hay que lincharlo entre todos.,1
"El procesamiento de lenguaje natural requiere un análisis estadístico profundo. Qué dolor de cabeza, puta madre.",0
Esa mujer se comporta como una incompetente y hay que lincharlo entre todos.,1
El moderador resultó ser una imbécil y hay que lincharlo entre todos.,1
"El examen de la facultad estuvo de la chingada, pero alcancé a pasar.",0
EL CANDIDATO RESULTÓ SER UNA MISERABLE Y LÁRGATE DE ESTA PLATAFORMA.,1
¿Alguien sabe a qué hora abre la biblioteca central de la facultad?,0
"No mames, está cabrón el tráfico de hoy en la avenida principal.",0
"Ya valió madre, se cayó el sistema de la escuela otra vez.",0
La diputada se comporta como una cabrón y eres un peligro social.,1
ESTE TIPO RESULTÓ SER UNA CABRÓN Y DEBERÍAN BANEARLO YA.,1
"El proyecto final de ingeniería quedó agendada para el próximo lunes. Qué dolor de cabeza, puta madre.",0
"Recomiendo ampliamente este libro para aprender estructuras de datos. Qué dolor de cabeza, puta madre.",0
ESA MUJER RESULTÓ SER UNA LACRA Y LÁRGATE DE ESTA PLATAFORMA.,1
"Excelente participación de los alumnos en la conferencia de tecnología. Qué dolor de cabeza, puta madre.",0
LA DIPUTADA RESULTÓ SER UNA IMBÉCIL Y DEBERÍAN BANEARLO YA.,1
"Qué pendejada acabo de hacer con el café, lo derramé sobre el teclado.",0
ESTE TIPO RESULTÓ SER UNA PLAGA Y ERES UN PELIGRO SOCIAL.,1
"Esa mujer debería desaparecer, arruina la comunidad y nadie lo quiere aquí.",1
"Ya valió madre, se cayó el sistema de la escuela otra vez.",0
Este tipo no es más que una idiota y eres un peligro social.,1
"Qué pendejada acabo de hacer con el café, lo derramé sobre el teclado.",0
Está cabrón terminar este proyecto final para el lunes.,0
LA DIPUTADA DEMUESTRA SER UNA IMBÉCIL Y HAY QUE LINCHARLO ENTRE TODOS.,1
El proyecto final de ingeniería quedó agendada para el próximo lunes.,0
"No mames, está cabrón el tráfico de hoy en la avenida principal. Qué dolor de cabeza, puta madre.",0
"Ya valió madre, se cayó el sistema de la escuela otra vez.",0
"Esa mujer debería desaparecer, arruina la comunidad y nadie lo quiere aquí.",1
"No mames, está cabrón el tráfico de hoy en la avenida principal. Qué dolor de cabeza, puta madre.",0
"Está cabrón terminar este proyecto final para el lunes. Qué dolor de cabeza, puta madre.",0
"Ya valió madre, se cayó el sistema de la escuela otra vez. Qué dolor de cabeza, puta madre.",0
"La diputada debería desaparecer, arruina la comunidad y nadie lo quiere aquí.",1
"Ya valió madre, se cayó el sistema de la escuela otra vez. Qué dolor de cabeza, puta madre.",0
El candidato no es más que una idiota y ojalá te pase algo malo.,1
"La diputada debería desaparecer, arruina la comunidad y nadie lo quiere aquí.",1
ESA MUJER ES UNA COMPLETA IGNORANTE Y DA ASCO QUE EXISTA.,1
ESE USUARIO RESULTÓ SER UNA INCOMPETENTE Y DEBERÍAN BANEARLO YA.,1
"El proyecto final de ingeniería quedó agendada para el próximo lunes. Qué dolor de cabeza, puta madre.",0
Esa mujer no es más que una miserable y da asco que exista.,1
Ese usuario demuestra ser una ignorante y deberían banearlo ya.,1
"Está cabrón terminar este proyecto final para el lunes. Qué dolor de cabeza, puta madre.",0
"El examen de la facultad estuvo de la chingada, pero alcancé a pasar.",0
Muchas gracias por compartir el enlace con la documentación de la API.,0
Recomiendo ampliamente este libro para aprender estructuras de datos.,0
"Está cabrón terminar este proyecto final para el lunes. Qué dolor de cabeza, puta madre.",0
"Ya valió madre, se cayó el sistema de la escuela otra vez.",0
"No mames, está cabrón el tráfico de hoy en la avenida principal. Qué dolor de cabeza, puta madre.",0
Esa mujer resultó ser una inepto y lárgate de esta plataforma.,1
Ese hater resultó ser una cabrón y eres un peligro social.,1
La diputada no es más que una idiota y da asco que exista.,1
El candidato se comporta como una ignorante y deberían banearlo ya.,1
"Qué pendejo estoy, olvidé el archivo en la otra computadora. Qué dolor de cabeza, puta madre.",0
"Qué pendejo estoy, olvidé el archivo en la otra computadora.",0
"No mames, está cabrón el tráfico de hoy en la avenida principal. Qué dolor de cabeza, puta madre.",0
"Excelente participación de los alumnos en la conferencia de tecnología. Qué dolor de cabeza, puta madre.",0
"El examen de la facultad estuvo de la chingada, pero alcancé a pasar.",0
El creador del video demuestra ser una rata y eres un peligro social.,1
"¿Alguien sabe a qué hora abre la biblioteca central de la facultad? Qué dolor de cabeza, puta madre.",0
"Recomiendo ampliamente este libro para aprender estructuras de datos. Qué dolor de cabeza, puta madre.",0
El candidato resultó ser una inepto y eres un peligro social.,1
"Muchas gracias por compartir el enlace con la documentación de la API. Qué dolor de cabeza, puta madre.",0
"Qué pendejada acabo de hacer con el café, lo derramé sobre el teclado. Qué dolor de cabeza, puta madre.",0
Ese usuario resultó ser una cabrón y eres un peligro social.,1
EL CREADOR DEL VIDEO RESULTÓ SER UNA IDIOTA Y DEBERÍAN BANEARLO YA.,1
¿Alguien sabe a qué hora abre la biblioteca central de la facultad?,0
Ese usuario demuestra ser una pendejo y da asco que exista.,1
"El proyecto final de ingeniería quedó agendada para el próximo lunes. Qué dolor de cabeza, puta madre.",0
Ese hater es una completa pendeja y ojalá te pase algo malo.,1
El moderador demuestra ser una idiota y da asco que exista.,1
ESTE TIPO DEMUESTRA SER UNA ESCORIA Y ERES UN PELIGRO SOCIAL.,1
"No mames, está cabrón el tráfico de hoy en la avenida principal. Qué dolor de cabeza, puta madre.",0
"El examen de la facultad estuvo de la chingada, pero alcancé a pasar.",0
"Ya valió madre, se cayó el sistema de la escuela otra vez.",0
El streamer es una completa parásito y ojalá te pase algo malo.,1
Esa mujer no es más que una mierda y eres un peligro social.,1
"El examen de la facultad estuvo de la chingada, pero alcancé a pasar. Qué dolor de cabeza, puta madre.",0
"Muchas gracias por compartir el enlace con la documentación de la API. Qué dolor de cabeza, puta madre.",0
"El examen de la facultad estuvo de la chingada, pero alcancé a pasar. Qué dolor de cabeza, puta madre.",0
Ese hater se comporta como una inepto y eres un peligro social.,1
El proyecto final de ingeniería quedó agendada para el próximo lunes.,0
Ese usuario resultó ser una inepto y da asco que exista.,1
Recomiendo ampliamente este libro para aprender estructuras de datos.,0
"Qué pendejada acabo de hacer con el café, lo derramé sobre el teclado.",0
Ese usuario resultó ser una incompetente y da asco que exista.,1
"El examen de la facultad estuvo de la chingada, pero alcancé a pasar.",0
"Ya valió madre, se cayó el sistema de la escuela otra vez.",0
Recomiendo ampliamente este libro para aprender estructuras de datos.,0
Está cabrón terminar este proyecto final para el lunes.,0
Este tipo no es más que una mierda y deberían banearlo ya.,1
"El examen de la facultad estuvo de la chingada, pero alcancé a pasar.",0
"El proyecto final de ingeniería quedó agendada para el próximo lunes. Qué dolor de cabeza, puta madre.",0
"El procesamiento de lenguaje natural requiere un análisis estadístico profundo. Qué dolor de cabeza, puta madre.",0
"Qué pendejada acabo de hacer con el café, lo derramé sobre el teclado.",0
Este tipo es una completa imbécil y deberían banearlo ya.,1
"No mames, está cabrón el tráfico de hoy en la avenida principal.",0
El candidato se comporta como una idiota y da asco que exista.,1
El creador del video no es más que una plaga y deberían banearlo ya.,1
ESE HATER ES UNA COMPLETA PENDEJO Y HAY QUE LINCHARLO ENTRE TODOS.,1
ESA MUJER SE COMPORTA COMO UNA PENDEJO Y ERES UN PELIGRO SOCIAL.,1
"El examen de la facultad estuvo de la chingada, pero alcancé a pasar.",0
"¿Alguien sabe a qué hora abre la biblioteca central de la facultad? Qué dolor de cabeza, puta madre.",0
"No mames, está cabrón el tráfico de hoy en la avenida principal.",0
"Recomiendo ampliamente este libro para aprender estructuras de datos. Qué dolor de cabeza, puta madre.",0
"Ese hater debería desaparecer, arruina la comunidad y nadie lo quiere aquí.",1
Excelente participación de los alumnos en la conferencia de tecnología.,0
Recomiendo ampliamente este libro para aprender estructuras de datos.,0
Ese usuario resultó ser una mierda y hay que lincharlo entre todos.,1
ESA MUJER SE COMPORTA COMO UNA PENDEJA Y LÁRGATE DE ESTA PLATAFORMA.,1
¿Alguien sabe a qué hora abre la biblioteca central de la facultad?,0
Este tipo no es más que una mierda y deberían banearlo ya.,1
Está cabrón terminar este proyecto final para el lunes.,0
El creador del video demuestra ser una inepto y deberían banearlo ya.,1
"Muchas gracias por compartir el enlace con la documentación de la API. Qué dolor de cabeza, puta madre.",0
"¿Alguien sabe a qué hora abre la biblioteca central de la facultad? Qué dolor de cabeza, puta madre.",0
ESE USUARIO NO ES MÁS QUE UNA PARÁSITO Y HAY QUE LINCHARLO ENTRE TODOS.,1
"Qué pendejo estoy, olvidé el archivo en la otra computadora. Qué dolor de cabeza, puta madre.",0
"Qué pendejada acabo de hacer con el café, lo derramé sobre el teclado.",0
El árbitro resultó ser una miserable y ojalá te pase algo malo.,1
El moderador demuestra ser una imbécil y lárgate de esta plataforma.,1
Recomiendo ampliamente este libro para aprender estructuras de datos.,0
El árbitro no es más que una mierda y eres un peligro social.,1
Este tipo demuestra ser una imbécil y deberían banearlo ya.,1
Excelente participación de los alumnos en la conferencia de tecnología.,0
Este tipo es una completa lacra y eres un peligro social.,1
Esa mujer se comporta como una pendeja y deberían banearlo ya.,1
"Qué pendejada acabo de hacer con el café, lo derramé sobre el teclado.",0
"No mames, está cabrón el tráfico de hoy en la avenida principal.",0
El streamer demuestra ser una mierda y ojalá te pase algo malo.,1
¿Alguien sabe a qué hora abre la biblioteca central de la facultad?,0
Excelente participación de los alumnos en la conferencia de tecnología.,0
"El proyecto final de ingeniería quedó agendada para el próximo lunes. Qué dolor de cabeza, puta madre.",0
Este tipo se comporta como una rata y deberían banearlo ya.,1
"El examen de la facultad estuvo de la chingada, pero alcancé a pasar. Qué dolor de cabeza, puta madre.",0
La diputada se comporta como una miserable y hay que lincharlo entre todos.,1
El candidato resultó ser una basura y da asco que exista.,1
¿Alguien sabe a qué hora abre la biblioteca central de la facultad?,0
"Muchas gracias por compartir el enlace con la documentación de la API. Qué dolor de cabeza, puta madre.",0
La diputada es una completa escoria y deberían banearlo ya.,1
Muchas gracias por compartir el enlace con la documentación de la API.,0
Ese hater es una completa basura y ojalá te pase algo malo.,1
"¿Alguien sabe a qué hora abre la biblioteca central de la facultad? Qué dolor de cabeza, puta madre.",0
Ese usuario no es más que una incompetente y eres un peligro social.,1
Está cabrón terminar este proyecto final para el lunes.,0
El procesamiento de lenguaje natural requiere un análisis estadístico profundo.,0
ESE USUARIO ES UNA COMPLETA INCOMPETENTE Y ERES UN PELIGRO SOCIAL.,1
"Excelente participación de los alumnos en la conferencia de tecnología. Qué dolor de cabeza, puta madre.",0
El moderador no es más que una idiota y lárgate de esta plataforma.,1
"El examen de la facultad estuvo de la chingada, pero alcancé a pasar. Qué dolor de cabeza, puta madre.",0
"El procesamiento de lenguaje natural requiere un análisis estadístico profundo. Qué dolor de cabeza, puta madre.",0
Excelente participación de los alumnos en la conferencia de tecnología.,0
Muchas gracias por compartir el enlace con la documentación de la API.,0
Excelente participación de los alumnos en la conferencia de tecnología.,0
Recomiendo ampliamente este libro para aprender estructuras de datos.,0
"Ya valió madre, se cayó el sistema de la escuela otra vez.",0
LA DIPUTADA ES UNA COMPLETA IMBÉCIL Y LÁRGATE DE ESTA PLATAFORMA.,1
"Ya valió madre, se cayó el sistema de la escuela otra vez.",0
El moderador se comporta como una basura y eres un peligro social.,1
El candidato es una completa pendejo y ojalá te pase algo malo.,1
"No mames, está cabrón el tráfico de hoy en la avenida principal.",0
"La diputada debería desaparecer, arruina la comunidad y nadie lo quiere aquí.",1
El streamer se comporta como una escoria y eres un peligro social.,1
"El examen de la facultad estuvo de la chingada, pero alcancé a pasar. Qué dolor de cabeza, puta madre.",0
"El examen de la facultad estuvo de la chingada, pero alcancé a pasar. Qué dolor de cabeza, puta madre.",0
El streamer es una completa incompetente y deberían banearlo ya.,1
El árbitro se comporta como una pendejo y deberían banearlo ya.,1
El candidato demuestra ser una inepto y deberían banearlo ya.,1
El candidato demuestra ser una pendeja y hay que lincharlo entre todos.,1
El streamer se comporta como una rata y ojalá te pase algo malo.,1
"El examen de la facultad estuvo de la chingada, pero alcancé a pasar.",0
La diputada se comporta como una lacra y lárgate de esta plataforma.,1
"El examen de la facultad estuvo de la chingada, pero alcancé a pasar.",0
"¿Alguien sabe a qué hora abre la biblioteca central de la facultad? Qué dolor de cabeza, puta madre.",0
"Ya valió madre, se cayó el sistema de la escuela otra vez.",0
"Qué pendejada acabo de hacer con el café, lo derramé sobre el teclado. Qué dolor de cabeza, puta madre.",0
"El streamer debería desaparecer, arruina la comunidad y nadie lo quiere aquí.",1
"Ya valió madre, se cayó el sistema de la escuela otra vez.",0
EL STREAMER ES UNA COMPLETA INCOMPETENTE Y LÁRGATE DE ESTA PLATAFORMA.,1
"No mames, está cabrón el tráfico de hoy en la avenida principal.",0
Esa mujer se comporta como una idiota y da asco que exista.,1
El candidato resultó ser una plaga y hay que lincharlo entre todos.,1
El moderador resultó ser una ignorante y da asco que exista.,1
ESE HATER DEMUESTRA SER UNA PLAGA Y DA ASCO QUE EXISTA.,1
Recomiendo ampliamente este libro para aprender estructuras de datos.,0
El moderador es una completa pendeja y da asco que exista.,1
Este tipo no es más que una parásito y hay que lincharlo entre todos.,1
"Qué pendejo estoy, olvidé el archivo en la otra computadora.",0
La diputada no es más que una idiota y deberían banearlo ya.,1
Este tipo es una completa inepto y ojalá te pase algo malo.,1
"El streamer debería desaparecer, arruina la comunidad y nadie lo quiere aquí.",1
"El proyecto final de ingeniería quedó agendada para el próximo lunes. Qué dolor de cabeza, puta madre.",0
El streamer no es más que una ignorante y da asco que exista.,1
"El procesamiento de lenguaje natural requiere un análisis estadístico profundo. Qué dolor de cabeza, puta madre.",0
"Qué pendejada acabo de hacer con el café, lo derramé sobre el teclado.",0
El árbitro resultó ser una mierda y hay que lincharlo entre todos.,1
El candidato es una completa lacra y deberían banearlo ya.,1
El moderador resultó ser una basura y deberían banearlo ya.,1
Muchas gracias por compartir el enlace con la documentación de la API.,0
Esa mujer no es más que una parásito y eres un peligro social.,1
La diputada demuestra ser una ignorante y ojalá te pase algo malo.,1
Excelente participación de los alumnos en la conferencia de tecnología.,0
Este tipo no es más que una pendejo y eres un peligro social.,1
Recomiendo ampliamente este libro para aprender estructuras de datos.,0
La diputada es una completa inepto y hay que lincharlo entre todos.,1
"Muchas gracias por compartir el enlace con la documentación de la API. Qué dolor de cabeza, puta madre.",0
El candidato resultó ser una pendeja y hay que lincharlo entre todos.,1
"Qué pendejada acabo de hacer con el café, lo derramé sobre el teclado. Qué dolor de cabeza, puta madre.",0
El creador del video es una completa plaga y hay que lincharlo entre todos.,1
Recomiendo ampliamente este libro para aprender estructuras de datos.,0
El árbitro demuestra ser una miserable y deberían banearlo ya.,1
Esa mujer resultó ser una ignorante y deberían banearlo ya.,1
"El examen de la facultad estuvo de la chingada, pero alcancé a pasar.",0
El moderador se comporta como una mierda y hay que lincharlo entre todos.,1
ESA MUJER RESULTÓ SER UNA PARÁSITO Y ERES UN PELIGRO SOCIAL.,1
El creador del video se comporta como una pendejo y eres un peligro social.,1
La diputada se comporta como una lacra y eres un peligro social.,1
¿Alguien sabe a qué hora abre la biblioteca central de la facultad?,0
La diputada no es más que una ignorante y ojalá te pase algo malo.,1
EL CREADOR DEL VIDEO DEMUESTRA SER UNA INEPTO Y DA ASCO QUE EXISTA.,1
Ese usuario no es más que una pendejo y ojalá te pase algo malo.,1
ESA MUJER SE COMPORTA COMO UNA INCOMPETENTE Y ERES UN PELIGRO SOCIAL.,1
"Qué pendejada acabo de hacer con el café, lo derramé sobre el teclado. Qué dolor de cabeza, puta madre.",0
"El examen de la facultad estuvo de la chingada, pero alcancé a pasar.",0
"Ya valió madre, se cayó el sistema de la escuela otra vez.",0
Ese usuario es una completa miserable y ojalá te pase algo malo.,1
"Muchas gracias por compartir el enlace con la documentación de la API. Qué dolor de cabeza, puta madre.",0
El candidato demuestra ser una lacra y da asco que exista.,1
"No mames, está cabrón el tráfico de hoy en la avenida principal.",0
"El examen de la facultad estuvo de la chingada, pero alcancé a pasar. Qué dolor de cabeza, puta madre.",0
ESE USUARIO ES UNA COMPLETA PENDEJO Y LÁRGATE DE ESTA PLATAFORMA.,1
"Qué pendejada acabo de hacer con el café, lo derramé sobre el teclado.",0
"Está cabrón terminar este proyecto final para el lunes. Qué dolor de cabeza, puta madre.",0
EL MODERADOR NO ES MÁS QUE UNA RATA Y LÁRGATE DE ESTA PLATAFORMA.,1
"Ya valió madre, se cayó el sistema de la escuela otra vez.",0
"No mames, está cabrón el tráfico de hoy en la avenida principal.",0
Muchas gracias por compartir el enlace con la documentación de la API.,0
¿Alguien sabe a qué hora abre la biblioteca central de la facultad?,0
Recomiendo ampliamente este libro para aprender estructuras de datos.,0
"El proyecto final de ingeniería quedó agendada para el próximo lunes. Qué dolor de cabeza, puta madre.",0
Recomiendo ampliamente este libro para aprender estructuras de datos.,0
"Está cabrón terminar este proyecto final para el lunes. Qué dolor de cabeza, puta madre.",0
"El examen de la facultad estuvo de la chingada, pero alcancé a pasar.",0
La diputada se comporta como una parásito y lárgate de esta plataforma.,1
La diputada no es más que una pendejo y lárgate de esta plataforma.,1
Este tipo demuestra ser una incompetente y ojalá te pase algo malo.,1
"Qué pendejada acabo de hacer con el café, lo derramé sobre el teclado.",0
El creador del video es una completa mierda y ojalá te pase algo malo.,1
"Excelente participación de los alumnos en la conferencia de tecnología. Qué dolor de cabeza, puta madre.",0
"Qué pendejo estoy, olvidé el archivo en la otra computadora.",0
El creador del video resultó ser una idiota y lárgate de esta plataforma.,1
El proyecto final de ingeniería quedó agendada para el próximo lunes.,0
"¿Alguien sabe a qué hora abre la biblioteca central de la facultad? Qué dolor de cabeza, puta madre.",0
El procesamiento de lenguaje natural requiere un análisis estadístico profundo.,0
El moderador resultó ser una escoria y eres un peligro social.,1
El streamer no es más que una parásito y deberían banearlo ya.,1
"Está cabrón terminar este proyecto final para el lunes. Qué dolor de cabeza, puta madre.",0
El moderador resultó ser una cabrón y eres un peligro social.,1
"Qué pendejada acabo de hacer con el café, lo derramé sobre el teclado.",0
Esa mujer resultó ser una incompetente y da asco que exista.,1
Esa mujer resultó ser una mierda y eres un peligro social.,1
LA DIPUTADA NO ES MÁS QUE UNA IMBÉCIL Y ERES UN PELIGRO SOCIAL.,1
Está cabrón terminar este proyecto final para el lunes.,0
EL STREAMER NO ES MÁS QUE UNA RATA Y DA ASCO QUE EXISTA.,1
"No mames, está cabrón el tráfico de hoy en la avenida principal. Qué dolor de cabeza, puta madre.",0
Esa mujer resultó ser una cabrón y hay que lincharlo entre todos.,1
Ese hater demuestra ser una basura y lárgate de esta plataforma.,1
El árbitro no es más que una pendejo y da asco que exista.,1
"El moderador debería desaparecer, arruina la comunidad y nadie lo quiere aquí.",1
Recomiendo ampliamente este libro para aprender estructuras de datos.,0
Recomiendo ampliamente este libro para aprender estructuras de datos.,0
El moderador resultó ser una idiota y lárgate de esta plataforma.,1
El creador del video no es más que una lacra y lárgate de esta plataforma.,1
"El examen de la facultad estuvo de la chingada, pero alcancé a pasar.",0
"Qué pendejo estoy, olvidé el archivo en la otra computadora. Qué dolor de cabeza, puta madre.",0
"EL CREADOR DEL VIDEO DEBERÍA DESAPARECER, ARRUINA LA COMUNIDAD Y NADIE LO QUIERE AQUÍ.",1
"Qué pendejo estoy, olvidé el archivo en la otra computadora. Qué dolor de cabeza, puta madre.",0
"El examen de la facultad estuvo de la chingada, pero alcancé a pasar.",0
El creador del video no es más que una basura y hay que lincharlo entre todos.,1
Ese hater se comporta como una escoria y ojalá te pase algo malo.,1
"ESA MUJER DEBERÍA DESAPARECER, ARRUINA LA COMUNIDAD Y NADIE LO QUIERE AQUÍ.",1
"Qué pendejo estoy, olvidé el archivo en la otra computadora.",0
"Este tipo debería desaparecer, arruina la comunidad y nadie lo quiere aquí.",1
"Ya valió madre, se cayó el sistema de la escuela otra vez.",0
"El examen de la facultad estuvo de la chingada, pero alcancé a pasar. Qué dolor de cabeza, puta madre.",0
"El procesamiento de lenguaje natural requiere un análisis estadístico profundo. Qué dolor de cabeza, puta madre.",0
"El examen de la facultad estuvo de la chingada, pero alcancé a pasar.",0
El árbitro demuestra ser una plaga y da asco que exista.,1
¿Alguien sabe a qué hora abre la biblioteca central de la facultad?,0
Esa mujer demuestra ser una cabrón y lárgate de esta plataforma.,1
Muchas gracias por compartir el enlace con la documentación de la API.,0
Ese usuario resultó ser una rata y ojalá te pase algo malo.,1
La diputada no es más que una miserable y lárgate de esta plataforma.,1
"Ya valió madre, se cayó el sistema de la escuela otra vez.",0
"ESE HATER DEBERÍA DESAPARECER, ARRUINA LA COMUNIDAD Y NADIE LO QUIERE AQUÍ.",1
El streamer no es más que una basura y lárgate de esta plataforma.,1
El árbitro se comporta como una inepto y lárgate de esta plataforma.,1
"El examen de la facultad estuvo de la chingada, pero alcancé a pasar. Qué dolor de cabeza, puta madre.",0
"¿Alguien sabe a qué hora abre la biblioteca central de la facultad? Qué dolor de cabeza, puta madre.",0
"El examen de la facultad estuvo de la chingada, pero alcancé a pasar. Qué dolor de cabeza, puta madre.",0
"Está cabrón terminar este proyecto final para el lunes. Qué dolor de cabeza, puta madre.",0
El streamer es una completa basura y da asco que exista.,1
El árbitro resultó ser una mierda y da asco que exista.,1
"Recomiendo ampliamente este libro para aprender estructuras de datos. Qué dolor de cabeza, puta madre.",0
El moderador es una completa pendejo y deberían banearlo ya.,1
"El examen de la facultad estuvo de la chingada, pero alcancé a pasar.",0
"El proyecto final de ingeniería quedó agendada para el próximo lunes. Qué dolor de cabeza, puta madre.",0
Muchas gracias por compartir el enlace con la documentación de la API.,0
Esa mujer se comporta como una cabrón y lárgate de esta plataforma.,1
"El proyecto final de ingeniería quedó agendada para el próximo lunes. Qué dolor de cabeza, puta madre.",0
El candidato resultó ser una incompetente y deberían banearlo ya.,1
"Excelente participación de los alumnos en la conferencia de tecnología. Qué dolor de cabeza, puta madre.",0
El árbitro no es más que una ignorante y hay que lincharlo entre todos.,1
Ese hater demuestra ser una ignorante y eres un peligro social.,1
El proyecto final de ingeniería quedó agendada para el próximo lunes.,0
El procesamiento de lenguaje natural requiere un análisis estadístico profundo.,0
"Está cabrón terminar este proyecto final para el lunes. Qué dolor de cabeza, puta madre.",0
El árbitro no es más que una inepto y da asco que exista.,1
Esa mujer se comporta como una plaga y lárgate de esta plataforma.,1
"No mames, está cabrón el tráfico de hoy en la avenida principal. Qué dolor de cabeza, puta madre.",0
El proyecto final de ingeniería quedó agendada para el próximo lunes.,0
"Ya valió madre, se cayó el sistema de la escuela otra vez. Qué dolor de cabeza, puta madre.",0
ESE HATER ES UNA COMPLETA BASURA Y HAY QUE LINCHARLO ENTRE TODOS.,1
El moderador se comporta como una ignorante y ojalá te pase algo malo.,1
El candidato resultó ser una incompetente y hay que lincharlo entre todos.,1
"El examen de la facultad estuvo de la chingada, pero alcancé a pasar. Qué dolor de cabeza, puta madre.",0
"El proyecto final de ingeniería quedó agendada para el próximo lunes. Qué dolor de cabeza, puta madre.",0
"El proyecto final de ingeniería quedó agendada para el próximo lunes. Qué dolor de cabeza, puta madre.",0
El creador del video es una completa mierda y eres un peligro social.,1
Muchas gracias por compartir el enlace con la documentación de la API.,0
El moderador es una completa parásito y da asco que exista.,1
"Qué pendejada acabo de hacer con el café, lo derramé sobre el teclado.",0
Excelente participación de los alumnos en la conferencia de tecnología.,0
El árbitro no es más que una escoria y deberían banearlo ya.,1
"Ya valió madre, se cayó el sistema de la escuela otra vez.",0
Esa mujer es una completa pendeja y hay que lincharlo entre todos.,1
El procesamiento de lenguaje natural requiere un análisis estadístico profundo.,0
Ese hater resultó ser una cabrón y eres un peligro social.,1
"Qué pendejada acabo de hacer con el café, lo derramé sobre el teclado.",0
ESE HATER RESULTÓ SER UNA INCOMPETENTE Y DEBERÍAN BANEARLO YA.,1
El árbitro resultó ser una basura y lárgate de esta plataforma.,1
"¿Alguien sabe a qué hora abre la biblioteca central de la facultad? Qué dolor de cabeza, puta madre.",0
El árbitro no es más que una cabrón y da asco que exista.,1
Muchas gracias por compartir el enlace con la documentación de la API.,0
"¿Alguien sabe a qué hora abre la biblioteca central de la facultad? Qué dolor de cabeza, puta madre.",0
¿Alguien sabe a qué hora abre la biblioteca central de la facultad?,0
"Qué pendejada acabo de hacer con el café, lo derramé sobre el teclado.",0
EL CANDIDATO RESULTÓ SER UNA BASURA Y ERES UN PELIGRO SOCIAL.,1
ESE HATER RESULTÓ SER UNA PLAGA Y ERES UN PELIGRO SOCIAL.,1
"Qué pendejo estoy, olvidé el archivo en la otra computadora.",0
"Ya valió madre, se cayó el sistema de la escuela otra vez.",0
Esa mujer es una completa ignorante y hay que lincharlo entre todos.,1
Ese hater se comporta como una miserable y da asco que exista.,1
"El proyecto final de ingeniería quedó agendada para el próximo lunes. Qué dolor de cabeza, puta madre.",0
"Ya valió madre, se cayó el sistema de la escuela otra vez.",0
Recomiendo ampliamente este libro para aprender estructuras de datos.,0
Esa mujer no es más que una incompetente y lárgate de esta plataforma.,1
"No mames, está cabrón el tráfico de hoy en la avenida principal. Qué dolor de cabeza, puta madre.",0
El streamer no es más que una ignorante y da asco que exista.,1
"Ya valió madre, se cayó el sistema de la escuela otra vez.",0
La diputada resultó ser una ignorante y deberían banearlo ya.,1
El candidato es una completa lacra y da asco que exista.,1
El creador del video resultó ser una pendeja y deberían banearlo ya.,1
El árbitro es una completa pendeja y da asco que exista.,1
Este tipo demuestra ser una incompetente y eres un peligro social.,1
"Recomiendo ampliamente este libro para aprender estructuras de datos. Qué dolor de cabeza, puta madre.",0
¿Alguien sabe a qué hora abre la biblioteca central de la facultad?,0
LA DIPUTADA NO ES MÁS QUE UNA MIERDA Y ERES UN PELIGRO SOCIAL.,1
Muchas gracias por compartir el enlace con la documentación de la API.,0
"Ese hater debería desaparecer, arruina la comunidad y nadie lo quiere aquí.",1
"Qué pendejada acabo de hacer con el café, lo derramé sobre el teclado. Qué dolor de cabeza, puta madre.",0
El streamer no es más que una inepto y deberían banearlo ya.,1
El árbitro demuestra ser una idiota y deberían banearlo ya.,1
"Este tipo debería desaparecer, arruina la comunidad y nadie lo quiere aquí.",1
EL ÁRBITRO DEMUESTRA SER UNA BASURA Y ERES UN PELIGRO SOCIAL.,1
EL CREADOR DEL VIDEO RESULTÓ SER UNA IGNORANTE Y DEBERÍAN BANEARLO YA.,1
"El examen de la facultad estuvo de la chingada, pero alcancé a pasar. Qué dolor de cabeza, puta madre.",0
El creador del video demuestra ser una miserable y ojalá te pase algo malo.,1
Esa mujer demuestra ser una pendejo y hay que lincharlo entre todos.,1
"No mames, está cabrón el tráfico de hoy en la avenida principal. Qué dolor de cabeza, puta madre.",0
El streamer se comporta como una escoria y ojalá te pase algo malo.,1
"Está cabrón terminar este proyecto final para el lunes. Qué dolor de cabeza, puta madre.",0
Está cabrón terminar este proyecto final para el lunes.,0
EL ÁRBITRO NO ES MÁS QUE UNA BASURA Y HAY QUE LINCHARLO ENTRE TODOS.,1
El candidato es una completa cabrón y eres un peligro social.,1
"El examen de la facultad estuvo de la chingada, pero alcancé a pasar. Qué dolor de cabeza, puta madre.",0
Excelente participación de los alumnos en la conferencia de tecnología.,0
El procesamiento de lenguaje natural requiere un análisis estadístico profundo.,0
El creador del video no es más que una incompetente y eres un peligro social.,1
EL CREADOR DEL VIDEO SE COMPORTA COMO UNA PENDEJA Y LÁRGATE DE ESTA PLATAFORMA.,1
"Está cabrón terminar este proyecto final para el lunes. Qué dolor de cabeza, puta madre.",0
El creador del video resultó ser una imbécil y lárgate de esta plataforma.,1
El moderador se comporta como una incompetente y eres un peligro social.,1
EL MODERADOR SE COMPORTA COMO UNA ESCORIA Y HAY QUE LINCHARLO ENTRE TODOS.,1
El árbitro se comporta como una ignorante y lárgate de esta plataforma.,1
El streamer no es más que una idiota y da asco que exista.,1
El árbitro es una completa mierda y lárgate de esta plataforma.,1
EL MODERADOR NO ES MÁS QUE UNA IDIOTA Y OJALÁ TE PASE ALGO MALO.,1
ESTE TIPO SE COMPORTA COMO UNA PENDEJO Y DEBERÍAN BANEARLO YA.,1
EL CREADOR DEL VIDEO SE COMPORTA COMO UNA IGNORANTE Y DEBERÍAN BANEARLO YA.,1
"Muchas gracias por compartir el enlace con la documentación de la API. Qué dolor de cabeza, puta madre.",0
"Muchas gracias por compartir el enlace con la documentación de la API. Qué dolor de cabeza, puta madre.",0
Esa mujer resultó ser una cabrón y deberían banearlo ya.,1
Ese usuario es una completa incompetente y eres un peligro social.,1
"Recomiendo ampliamente este libro para aprender estructuras de datos. Qué dolor de cabeza, puta madre.",0
"Está cabrón terminar este proyecto final para el lunes. Qué dolor de cabeza, puta madre.",0
"¿Alguien sabe a qué hora abre la biblioteca central de la facultad? Qué dolor de cabeza, puta madre.",0
El árbitro demuestra ser una pendejo y da asco que exista.,1
Ese hater no es más que una idiota y hay que lincharlo entre todos.,1
La diputada demuestra ser una miserable y deberían banearlo ya.,1
"Qué pendejada acabo de hacer con el café, lo derramé sobre el teclado. Qué dolor de cabeza, puta madre.",0
"Ya valió madre, se cayó el sistema de la escuela otra vez. Qué dolor de cabeza, puta madre.",0
El candidato no es más que una pendeja y eres un peligro social.,1
El proyecto final de ingeniería quedó agendada para el próximo lunes.,0
"No mames, está cabrón el tráfico de hoy en la avenida principal. Qué dolor de cabeza, puta madre.",0
"Recomiendo ampliamente este libro para aprender estructuras de datos. Qué dolor de cabeza, puta madre.",0
"El moderador debería desaparecer, arruina la comunidad y nadie lo quiere aquí.",1
El candidato es una completa parásito y lárgate de esta plataforma.,1
La diputada es una completa escoria y hay que lincharlo entre todos.,1
"Ya valió madre, se cayó el sistema de la escuela otra vez. Qué dolor de cabeza, puta madre.",0
"Qué pendejo estoy, olvidé el archivo en la otra computadora. Qué dolor de cabeza, puta madre.",0
"Ya valió madre, se cayó el sistema de la escuela otra vez. Qué dolor de cabeza, puta madre.",0
"El examen de la facultad estuvo de la chingada, pero alcancé a pasar.",0
"Ya valió madre, se cayó el sistema de la escuela otra vez.",0
"Qué pendejo estoy, olvidé el archivo en la otra computadora. Qué dolor de cabeza, puta madre.",0
ESA MUJER NO ES MÁS QUE UNA BASURA Y DEBERÍAN BANEARLO YA.,1
La diputada se comporta como una imbécil y lárgate de esta plataforma.,1
"No mames, está cabrón el tráfico de hoy en la avenida principal. Qué dolor de cabeza, puta madre.",0
El moderador demuestra ser una ignorante y ojalá te pase algo malo.,1
El árbitro resultó ser una basura y hay que lincharlo entre todos.,1
Muchas gracias por compartir el enlace con la documentación de la API.,0
El candidato no es más que una pendeja y lárgate de esta plataforma.,1
Este tipo se comporta como una imbécil y deberían banearlo ya.,1
"Qué pendejo estoy, olvidé el archivo en la otra computadora. Qué dolor de cabeza, puta madre.",0
"Qué pendejo estoy, olvidé el archivo en la otra computadora.",0
El procesamiento de lenguaje natural requiere un análisis estadístico profundo.,0
Ese usuario se comporta como una basura y lárgate de esta plataforma.,1
El creador del video no es más que una idiota y da asco que exista.,1
"El examen de la facultad estuvo de la chingada, pero alcancé a pasar.",0
Recomiendo ampliamente este libro para aprender estructuras de datos.,0
"Esa mujer debería desaparecer, arruina la comunidad y nadie lo quiere aquí.",1
El proyecto final de ingeniería quedó agendada para el próximo lunes.,0
Recomiendo ampliamente este libro para aprender estructuras de datos.,0
El árbitro demuestra ser una plaga y hay que lincharlo entre todos.,1
"Qué pendejo estoy, olvidé el archivo en la otra computadora. Qué dolor de cabeza, puta madre.",0
El streamer resultó ser una mierda y eres un peligro social.,1
ESE USUARIO RESULTÓ SER UNA PENDEJO Y HAY QUE LINCHARLO ENTRE TODOS.,1
EL MODERADOR ES UNA COMPLETA ESCORIA Y DA ASCO QUE EXISTA.,1
El árbitro no es más que una idiota y hay que lincharlo entre todos.,1
Está cabrón terminar este proyecto final para el lunes.,0
El árbitro resultó ser una inepto y hay que lincharlo entre todos.,1
El candidato es una completa pendeja y eres un peligro social.,1
¿Alguien sabe a qué hora abre la biblioteca central de la facultad?,0
Ese hater se comporta como una inepto y eres un peligro social.,1
"Está cabrón terminar este proyecto final para el lunes. Qué dolor de cabeza, puta madre.",0
ESTE TIPO ES UNA COMPLETA PENDEJO Y OJALÁ TE PASE ALGO MALO.,1
EL STREAMER RESULTÓ SER UNA PARÁSITO Y DA ASCO QUE EXISTA.,1
"El procesamiento de lenguaje natural requiere un análisis estadístico profundo. Qué dolor de cabeza, puta madre.",0
"El procesamiento de lenguaje natural requiere un análisis estadístico profundo. Qué dolor de cabeza, puta madre.",0
El árbitro no es más que una pendeja y deberían banearlo ya.,1
"EL ÁRBITRO DEBERÍA DESAPARECER, ARRUINA LA COMUNIDAD Y NADIE LO QUIERE AQUÍ.",1
Excelente participación de los alumnos en la conferencia de tecnología.,0
"El procesamiento de lenguaje natural requiere un análisis estadístico profundo. Qué dolor de cabeza, puta madre.",0
El candidato no es más que una basura y eres un peligro social.,1
El streamer no es más que una incompetente y eres un peligro social.,1
Esa mujer es una completa inepto y hay que lincharlo entre todos.,1
EL ÁRBITRO RESULTÓ SER UNA INEPTO Y OJALÁ TE PASE ALGO MALO.,1
Ese usuario es una completa incompetente y ojalá te pase algo malo.,1
Está cabrón terminar este proyecto final para el lunes.,0
"La diputada debería desaparecer, arruina la comunidad y nadie lo quiere aquí.",1
"Ya valió madre, se cayó el sistema de la escuela otra vez. Qué dolor de cabeza, puta madre.",0
Este tipo demuestra ser una idiota y deberían banearlo ya.,1
"El streamer debería desaparecer, arruina la comunidad y nadie lo quiere aquí.",1
El proyecto final de ingeniería quedó agendada para el próximo lunes.,0
EL ÁRBITRO SE COMPORTA COMO UNA IDIOTA Y DEBERÍAN BANEARLO YA.,1
"Ya valió madre, se cayó el sistema de la escuela otra vez.",0
ESE USUARIO ES UNA COMPLETA RATA Y DA ASCO QUE EXISTA.,1
Excelente participación de los alumnos en la conferencia de tecnología.,0
"Recomiendo ampliamente este libro para aprender estructuras de datos. Qué dolor de cabeza, puta madre.",0
El streamer demuestra ser una incompetente y eres un peligro social.,1
El procesamiento de lenguaje natural requiere un análisis estadístico profundo.,0
El streamer no es más que una miserable y ojalá te pase algo malo.,1
"Qué pendejada acabo de hacer con el café, lo derramé sobre el teclado.",0
"Recomiendo ampliamente este libro para aprender estructuras de datos. Qué dolor de cabeza, puta madre.",0
El streamer no es más que una parásito y eres un peligro social.,1
"El examen de la facultad estuvo de la chingada, pero alcancé a pasar.",0
"El examen de la facultad estuvo de la chingada, pero alcancé a pasar.",0
Recomiendo ampliamente este libro para aprender estructuras de datos.,0
EL ÁRBITRO DEMUESTRA SER UNA ESCORIA Y LÁRGATE DE ESTA PLATAFORMA.,1
Este tipo se comporta como una pendejo y ojalá te pase algo malo.,1
El creador del video es una completa pendejo y da asco que exista.,1
El creador del video demuestra ser una pendeja y hay que lincharlo entre todos.,1
La diputada demuestra ser una incompetente y hay que lincharlo entre todos.,1
La diputada se comporta como una pendejo y deberían banearlo ya.,1
"Está cabrón terminar este proyecto final para el lunes. Qué dolor de cabeza, puta madre.",0
"Ya valió madre, se cayó el sistema de la escuela otra vez.",0
"¿Alguien sabe a qué hora abre la biblioteca central de la facultad? Qué dolor de cabeza, puta madre.",0
"Muchas gracias por compartir el enlace con la documentación de la API. Qué dolor de cabeza, puta madre.",0
"¿Alguien sabe a qué hora abre la biblioteca central de la facultad? Qué dolor de cabeza, puta madre.",0
La diputada es una completa parásito y ojalá te pase algo malo.,1
"No mames, está cabrón el tráfico de hoy en la avenida principal.",0
¿Alguien sabe a qué hora abre la biblioteca central de la facultad?,0
"El examen de la facultad estuvo de la chingada, pero alcancé a pasar. Qué dolor de cabeza, puta madre.",0
"¿Alguien sabe a qué hora abre la biblioteca central de la facultad? Qué dolor de cabeza, puta madre.",0
¿Alguien sabe a qué hora abre la biblioteca central de la facultad?,0
"Qué pendejada acabo de hacer con el café, lo derramé sobre el teclado.",0
"Está cabrón terminar este proyecto final para el lunes. Qué dolor de cabeza, puta madre.",0
Esa mujer no es más que una rata y deberían banearlo ya.,1
"Ya valió madre, se cayó el sistema de la escuela otra vez.",0
"El proyecto final de ingeniería quedó agendada para el próximo lunes. Qué dolor de cabeza, puta madre.",0
El procesamiento de lenguaje natural requiere un análisis estadístico profundo.,0
Esa mujer no es más que una escoria y lárgate de esta plataforma.,1
El candidato se comporta como una inepto y da asco que exista.,1
ESE HATER DEMUESTRA SER UNA INCOMPETENTE Y ERES UN PELIGRO SOCIAL.,1
Este tipo no es más que una basura y hay que lincharlo entre todos.,1
Esa mujer es una completa rata y ojalá te pase algo malo.,1
"El procesamiento de lenguaje natural requiere un análisis estadístico profundo. Qué dolor de cabeza, puta madre.",0
ESA MUJER ES UNA COMPLETA IDIOTA Y ERES UN PELIGRO SOCIAL.,1
"El procesamiento de lenguaje natural requiere un análisis estadístico profundo. Qué dolor de cabeza, puta madre.",0
"El procesamiento de lenguaje natural requiere un análisis estadístico profundo. Qué dolor de cabeza, puta madre.",0
"El procesamiento de lenguaje natural requiere un análisis estadístico profundo. Qué dolor de cabeza, puta madre.",0
"¿Alguien sabe a qué hora abre la biblioteca central de la facultad? Qué dolor de cabeza, puta madre.",0
ESA MUJER SE COMPORTA COMO UNA PLAGA Y DA ASCO QUE EXISTA.,1
"Ya valió madre, se cayó el sistema de la escuela otra vez.",0
"¿Alguien sabe a qué hora abre la biblioteca central de la facultad? Qué dolor de cabeza, puta madre.",0
Ese hater se comporta como una imbécil y ojalá te pase algo malo.,1
¿Alguien sabe a qué hora abre la biblioteca central de la facultad?,0
Está cabrón terminar este proyecto final para el lunes.,0
La diputada es una completa plaga y eres un peligro social.,1
La diputada demuestra ser una ignorante y deberían banearlo ya.,1
Esa mujer se comporta como una ignorante y lárgate de esta plataforma.,1
Muchas gracias por compartir el enlace con la documentación de la API.,0
"Qué pendejo estoy, olvidé el archivo en la otra computadora. Qué dolor de cabeza, puta madre.",0
El moderador resultó ser una inepto y ojalá te pase algo malo.,1
"No mames, está cabrón el tráfico de hoy en la avenida principal. Qué dolor de cabeza, puta madre.",0
Está cabrón terminar este proyecto final para el lunes.,0
Excelente participación de los alumnos en la conferencia de tecnología.,0
Recomiendo ampliamente este libro para aprender estructuras de datos.,0
El moderador resultó ser una cabrón y hay que lincharlo entre todos.,1
El candidato es una completa inepto y ojalá te pase algo malo.,1
"ESA MUJER DEBERÍA DESAPARECER, ARRUINA LA COMUNIDAD Y NADIE LO QUIERE AQUÍ.",1
La diputada es una completa mierda y hay que lincharlo entre todos.,1
El streamer demuestra ser una mierda y ojalá te pase algo malo.,1
El moderador demuestra ser una mierda y hay que lincharlo entre todos.,1
ESA MUJER ES UNA COMPLETA LACRA Y ERES UN PELIGRO SOCIAL.,1
"Ya valió madre, se cayó el sistema de la escuela otra vez.",0
¿Alguien sabe a qué hora abre la biblioteca central de la facultad?,0
Este tipo no es más que una inepto y ojalá te pase algo malo.,1
EL STREAMER SE COMPORTA COMO UNA LACRA Y DA ASCO QUE EXISTA.,1
El candidato demuestra ser una ignorante y eres un peligro social.,1
Está cabrón terminar este proyecto final para el lunes.,0
El creador del video no es más que una pendejo y deberían banearlo ya.,1
Esa mujer se comporta como una pendeja y lárgate de esta plataforma.,1
¿Alguien sabe a qué hora abre la biblioteca central de la facultad?,0
Ese hater se comporta como una inepto y lárgate de esta plataforma.,1
"Ya valió madre, se cayó el sistema de la escuela otra vez.",0
"El examen de la facultad estuvo de la chingada, pero alcancé a pasar. Qué dolor de cabeza, puta madre.",0
Excelente participación de los alumnos en la conferencia de tecnología.,0
EL STREAMER NO ES MÁS QUE UNA ESCORIA Y LÁRGATE DE ESTA PLATAFORMA.,1
El streamer se comporta como una cabrón y lárgate de esta plataforma.,1
El proyecto final de ingeniería quedó agendada para el próximo lunes.,0
El candidato es una completa imbécil y deberían banearlo ya.,1
El streamer resultó ser una lacra y lárgate de esta plataforma.,1
ESE USUARIO NO ES MÁS QUE UNA PENDEJA Y ERES UN PELIGRO SOCIAL.,1
Esa mujer demuestra ser una incompetente y deberían banearlo ya.,1
"Este tipo debería desaparecer, arruina la comunidad y nadie lo quiere aquí.",1
El proyecto final de ingeniería quedó agendada para el próximo lunes.,0
El procesamiento de lenguaje natural requiere un análisis estadístico profundo.,0
"El árbitro debería desaparecer, arruina la comunidad y nadie lo quiere aquí.",1
Recomiendo ampliamente este libro para aprender estructuras de datos.,0
El streamer demuestra ser una lacra y deberían banearlo ya.,1
"Qué pendejada acabo de hacer con el café, lo derramé sobre el teclado.",0
"Ya valió madre, se cayó el sistema de la escuela otra vez.",0
EL CREADOR DEL VIDEO DEMUESTRA SER UNA IMBÉCIL Y DA ASCO QUE EXISTA.,1
"Qué pendejo estoy, olvidé el archivo en la otra computadora.",0
Está cabrón terminar este proyecto final para el lunes.,0
"No mames, está cabrón el tráfico de hoy en la avenida principal.",0
"Está cabrón terminar este proyecto final para el lunes. Qué dolor de cabeza, puta madre.",0
El moderador demuestra ser una cabrón y ojalá te pase algo malo.,1
El candidato se comporta como una rata y eres un peligro social.,1
Esa mujer se comporta como una incompetente y deberían banearlo ya.,1
EL CREADOR DEL VIDEO ES UNA COMPLETA IGNORANTE Y DA ASCO QUE EXISTA.,1
El creador del video se comporta como una cabrón y deberían banearlo ya.,1
"El proyecto final de ingeniería quedó agendada para el próximo lunes. Qué dolor de cabeza, puta madre.",0
La diputada es una completa cabrón y da asco que exista.,1
"Qué pendejada acabo de hacer con el café, lo derramé sobre el teclado.",0
¿Alguien sabe a qué hora abre la biblioteca central de la facultad?,0
"El examen de la facultad estuvo de la chingada, pero alcancé a pasar.",0
"Qué pendejo estoy, olvidé el archivo en la otra computadora. Qué dolor de cabeza, puta madre.",0
El creador del video se comporta como una cabrón y ojalá te pase algo malo.,1
Está cabrón terminar este proyecto final para el lunes.,0
Está cabrón terminar este proyecto final para el lunes.,0
Este tipo no es más que una incompetente y ojalá te pase algo malo.,1
El árbitro se comporta como una escoria y eres un peligro social.,1
"El proyecto final de ingeniería quedó agendada para el próximo lunes. Qué dolor de cabeza, puta madre.",0
ESE HATER SE COMPORTA COMO UNA MISERABLE Y DEBERÍAN BANEARLO YA.,1
ESE USUARIO NO ES MÁS QUE UNA PENDEJO Y DA ASCO QUE EXISTA.,1
Esa mujer resultó ser una lacra y lárgate de esta plataforma.,1
La diputada se comporta como una miserable y hay que lincharlo entre todos.,1
"El examen de la facultad estuvo de la chingada, pero alcancé a pasar.",0
"Está cabrón terminar este proyecto final para el lunes. Qué dolor de cabeza, puta madre.",0
"Qué pendejo estoy, olvidé el archivo en la otra computadora.",0
"El proyecto final de ingeniería quedó agendada para el próximo lunes. Qué dolor de cabeza, puta madre.",0
Está cabrón terminar este proyecto final para el lunes.,0
"El candidato debería desaparecer, arruina la comunidad y nadie lo quiere aquí.",1
El moderador resultó ser una ignorante y eres un peligro social.,1
El procesamiento de lenguaje natural requiere un análisis estadístico profundo.,0
Ese usuario demuestra ser una miserable y ojalá te pase algo malo.,1
"El examen de la facultad estuvo de la chingada, pero alcancé a pasar. Qué dolor de cabeza, puta madre.",0
Ese usuario resultó ser una pendejo y lárgate de esta plataforma.,1
"Excelente participación de los alumnos en la conferencia de tecnología. Qué dolor de cabeza, puta madre.",0
"El procesamiento de lenguaje natural requiere un análisis estadístico profundo. Qué dolor de cabeza, puta madre.",0
Esa mujer resultó ser una idiota y lárgate de esta plataforma.,1
"El examen de la facultad estuvo de la chingada, pero alcancé a pasar. Qué dolor de cabeza, puta madre.",0
"No mames, está cabrón el tráfico de hoy en la avenida principal.",0
Ese usuario es una completa pendeja y da asco que exista.,1
El candidato resultó ser una lacra y ojalá te pase algo malo.,1
"El creador del video debería desaparecer, arruina la comunidad y nadie lo quiere aquí.",1
"No mames, está cabrón el tráfico de hoy en la avenida principal. Qué dolor de cabeza, puta madre.",0
ESA MUJER RESULTÓ SER UNA PLAGA Y DEBERÍAN BANEARLO YA.,1
La diputada resultó ser una idiota y deberían banearlo ya.,1
"No mames, está cabrón el tráfico de hoy en la avenida principal. Qué dolor de cabeza, puta madre.",0
Ese hater resultó ser una parásito y eres un peligro social.,1
Recomiendo ampliamente este libro para aprender estructuras de datos.,0
Ese hater no es más que una lacra y eres un peligro social.,1
"Ya valió madre, se cayó el sistema de la escuela otra vez.",0
"Qué pendejada acabo de hacer con el café, lo derramé sobre el teclado.",0
El proyecto final de ingeniería quedó agendada para el próximo lunes.,0
Esa mujer es una completa mierda y da asco que exista.,1
EL ÁRBITRO SE COMPORTA COMO UNA PENDEJA Y HAY QUE LINCHARLO ENTRE TODOS.,1
"El examen de la facultad estuvo de la chingada, pero alcancé a pasar.",0
El moderador demuestra ser una inepto y deberían banearlo ya.,1
Está cabrón terminar este proyecto final para el lunes.,0
"Ya valió madre, se cayó el sistema de la escuela otra vez. Qué dolor de cabeza, puta madre.",0
"Muchas gracias por compartir el enlace con la documentación de la API. Qué dolor de cabeza, puta madre.",0
El creador del video demuestra ser una imbécil y ojalá te pase algo malo.,1
El moderador no es más que una rata y deberían banearlo ya.,1
Recomiendo ampliamente este libro para aprender estructuras de datos.,0
El candidato no es más que una mierda y lárgate de esta plataforma.,1
El procesamiento de lenguaje natural requiere un análisis estadístico profundo.,0
Ese hater demuestra ser una pendeja y hay que lincharlo entre todos.,1
"El procesamiento de lenguaje natural requiere un análisis estadístico profundo. Qué dolor de cabeza, puta madre.",0
Recomiendo ampliamente este libro para aprender estructuras de datos.,0
"Está cabrón terminar este proyecto final para el lunes. Qué dolor de cabeza, puta madre.",0
EL MODERADOR DEMUESTRA SER UNA PENDEJO Y HAY QUE LINCHARLO ENTRE TODOS.,1
El streamer se comporta como una basura y eres un peligro social.,1
EL ÁRBITRO ES UNA COMPLETA ESCORIA Y DEBERÍAN BANEARLO YA.,1
Muchas gracias por compartir el enlace con la documentación de la API.,0
El streamer es una completa pendejo y da asco que exista.,1
"Qué pendejada acabo de hacer con el café, lo derramé sobre el teclado.",0
"Muchas gracias por compartir el enlace con la documentación de la API. Qué dolor de cabeza, puta madre.",0
Muchas gracias por compartir el enlace con la documentación de la API.,0
"Muchas gracias por compartir el enlace con la documentación de la API. Qué dolor de cabeza, puta madre.",0
Ese hater demuestra ser una mierda y ojalá te pase algo malo.,1
ESTE TIPO RESULTÓ SER UNA PENDEJA Y HAY QUE LINCHARLO ENTRE TODOS.,1
La diputada es una completa escoria y hay que lincharlo entre todos.,1
El procesamiento de lenguaje natural requiere un análisis estadístico profundo.,0
El moderador se comporta como una rata y hay que lincharlo entre todos.,1
"No mames, está cabrón el tráfico de hoy en la avenida principal. Qué dolor de cabeza, puta madre.",0
"El examen de la facultad estuvo de la chingada, pero alcancé a pasar.",0
EL ÁRBITRO NO ES MÁS QUE UNA PENDEJA Y OJALÁ TE PASE ALGO MALO.,1
El árbitro se comporta como una rata y lárgate de esta plataforma.,1
Este tipo se comporta como una imbécil y lárgate de esta plataforma.,1
"Qué pendejada acabo de hacer con el café, lo derramé sobre el teclado.",0
La diputada resultó ser una parásito y lárgate de esta plataforma.,1
El candidato no es más que una idiota y hay que lincharlo entre todos.,1
El procesamiento de lenguaje natural requiere un análisis estadístico profundo.,0
"Qué pendejo estoy, olvidé el archivo en la otra computadora.",0
El candidato demuestra ser una ignorante y da asco que exista.,1
EL ÁRBITRO SE COMPORTA COMO UNA IDIOTA Y ERES UN PELIGRO SOCIAL.,1
"El proyecto final de ingeniería quedó agendada para el próximo lunes. Qué dolor de cabeza, puta madre.",0
El árbitro resultó ser una plaga y hay que lincharlo entre todos.,1
¿Alguien sabe a qué hora abre la biblioteca central de la facultad?,0
"Qué pendejada acabo de hacer con el café, lo derramé sobre el teclado.",0
Ese hater se comporta como una miserable y deberían banearlo ya.,1
Este tipo demuestra ser una ignorante y da asco que exista.,1
Muchas gracias por compartir el enlace con la documentación de la API.,0
"Está cabrón terminar este proyecto final para el lunes. Qué dolor de cabeza, puta madre.",0
"Ya valió madre, se cayó el sistema de la escuela otra vez. Qué dolor de cabeza, puta madre.",0
Está cabrón terminar este proyecto final para el lunes.,0
Está cabrón terminar este proyecto final para el lunes.,0
Ese usuario es una completa basura y eres un peligro social.,1
ESE HATER RESULTÓ SER UNA MIERDA Y HAY QUE LINCHARLO ENTRE TODOS.,1
El candidato no es más que una parásito y deberían banearlo ya.,1
Esa mujer resultó ser una basura y da asco que exista.,1
"El árbitro debería desaparecer, arruina la comunidad y nadie lo quiere aquí.",1
Esa mujer resultó ser una imbécil y ojalá te pase algo malo.,1
Este tipo se comporta como una cabrón y hay que lincharlo entre todos.,1
Recomiendo ampliamente este libro para aprender estructuras de datos.,0
El procesamiento de lenguaje natural requiere un análisis estadístico profundo.,0
¿Alguien sabe a qué hora abre la biblioteca central de la facultad?,0
"No mames, está cabrón el tráfico de hoy en la avenida principal. Qué dolor de cabeza, puta madre.",0
¿Alguien sabe a qué hora abre la biblioteca central de la facultad?,0
Ese hater no es más que una parásito y da asco que exista.,1
La diputada se comporta como una basura y eres un peligro social.,1
La diputada resultó ser una plaga y ojalá te pase algo malo.,1
Ese usuario se comporta como una pendeja y hay que lincharlo entre todos.,1
"Ya valió madre, se cayó el sistema de la escuela otra vez.",0
"Está cabrón terminar este proyecto final para el lunes. Qué dolor de cabeza, puta madre.",0
Esa mujer demuestra ser una pendejo y deberían banearlo ya.,1
Este tipo demuestra ser una imbécil y deberían banearlo ya.,1
Ese usuario resultó ser una idiota y deberían banearlo ya.,1
Ese usuario no es más que una plaga y lárgate de esta plataforma.,1
"Qué pendejo estoy, olvidé el archivo en la otra computadora. Qué dolor de cabeza, puta madre.",0
Ese hater se comporta como una idiota y deberían banearlo ya.,1
Ese usuario demuestra ser una plaga y deberían banearlo ya.,1
La diputada se comporta como una rata y lárgate de esta plataforma.,1
"No mames, está cabrón el tráfico de hoy en la avenida principal.",0
EL MODERADOR RESULTÓ SER UNA PLAGA Y DEBERÍAN BANEARLO YA.,1
"No mames, está cabrón el tráfico de hoy en la avenida principal.",0
"Qué pendejada acabo de hacer con el café, lo derramé sobre el teclado.",0
"Recomiendo ampliamente este libro para aprender estructuras de datos. Qué dolor de cabeza, puta madre.",0
Está cabrón terminar este proyecto final para el lunes.,0
"El examen de la facultad estuvo de la chingada, pero alcancé a pasar. Qué dolor de cabeza, puta madre.",0
Ese usuario resultó ser una rata y lárgate de esta plataforma.,1
"Qué pendejada acabo de hacer con el café, lo derramé sobre el teclado. Qué dolor de cabeza, puta madre.",0
"Ese hater debería desaparecer, arruina la comunidad y nadie lo quiere aquí.",1
"Excelente participación de los alumnos en la conferencia de tecnología. Qué dolor de cabeza, puta madre.",0
El creador del video es una completa parásito y hay que lincharlo entre todos.,1
El creador del video demuestra ser una pendejo y da asco que exista.,1
"El examen de la facultad estuvo de la chingada, pero alcancé a pasar. Qué dolor de cabeza, puta madre.",0
El streamer es una completa parásito y hay que lincharlo entre todos.,1
El proyecto final de ingeniería quedó agendada para el próximo lunes.,0
Ese usuario se comporta como una rata y da asco que exista.,1
"Está cabrón terminar este proyecto final para el lunes. Qué dolor de cabeza, puta madre.",0
"No mames, está cabrón el tráfico de hoy en la avenida principal.",0
"No mames, está cabrón el tráfico de hoy en la avenida principal.",0
El candidato es una completa miserable y hay que lincharlo entre todos.,1
Ese hater demuestra ser una miserable y ojalá te pase algo malo.,1
"El examen de la facultad estuvo de la chingada, pero alcancé a pasar. Qué dolor de cabeza, puta madre.",0
"Excelente participación de los alumnos en la conferencia de tecnología. Qué dolor de cabeza, puta madre.",0
El candidato resultó ser una lacra y hay que lincharlo entre todos.,1
El candidato resultó ser una pendeja y ojalá te pase algo malo.,1
"Qué pendejo estoy, olvidé el archivo en la otra computadora.",0
EL STREAMER NO ES MÁS QUE UNA MIERDA Y ERES UN PELIGRO SOCIAL.,1
"No mames, está cabrón el tráfico de hoy en la avenida principal.",0
Esa mujer no es más que una ignorante y da asco que exista.,1
El creador del video no es más que una parásito y hay que lincharlo entre todos.,1
"Ya valió madre, se cayó el sistema de la escuela otra vez.",0
El árbitro resultó ser una plaga y eres un peligro social.,1
EL STREAMER RESULTÓ SER UNA CABRÓN Y DA ASCO QUE EXISTA.,1
Está cabrón terminar este proyecto final para el lunes.,0
"Qué pendejo estoy, olvidé el archivo en la otra computadora. Qué dolor de cabeza, puta madre.",0
Ese usuario se comporta como una inepto y da asco que exista.,1
"Qué pendejada acabo de hacer con el café, lo derramé sobre el teclado.",0
Esa mujer demuestra ser una basura y lárgate de esta plataforma.,1
El streamer es una completa mierda y deberían banearlo ya.,1
El streamer resultó ser una pendeja y hay que lincharlo entre todos.,1
Ese usuario se comporta como una parásito y ojalá te pase algo malo.,1
Esa mujer demuestra ser una idiota y lárgate de esta plataforma.,1
El candidato no es más que una parásito y hay que lincharlo entre todos.,1
"Está cabrón terminar este proyecto final para el lunes. Qué dolor de cabeza, puta madre.",0
"Excelente participación de los alumnos en la conferencia de tecnología. Qué dolor de cabeza, puta madre.",0
"No mames, está cabrón el tráfico de hoy en la avenida principal. Qué dolor de cabeza, puta madre.",0
La diputada es una completa miserable y da asco que exista.,1
EL MODERADOR ES UNA COMPLETA PLAGA Y HAY QUE LINCHARLO ENTRE TODOS.,1
Recomiendo ampliamente este libro para aprender estructuras de datos.,0
LA DIPUTADA SE COMPORTA COMO UNA ESCORIA Y LÁRGATE DE ESTA PLATAFORMA.,1
"Ya valió madre, se cayó el sistema de la escuela otra vez. Qué dolor de cabeza, puta madre.",0
"Qué pendejada acabo de hacer con el café, lo derramé sobre el teclado. Qué dolor de cabeza, puta madre.",0
El proyecto final de ingeniería quedó agendada para el próximo lunes.,0
El árbitro no es más que una pendejo y deberían banearlo ya.,1
"Ese usuario debería desaparecer, arruina la comunidad y nadie lo quiere aquí.",1
¿Alguien sabe a qué hora abre la biblioteca central de la facultad?,0
"Muchas gracias por compartir el enlace con la documentación de la API. Qué dolor de cabeza, puta madre.",0
"El proyecto final de ingeniería quedó agendada para el próximo lunes. Qué dolor de cabeza, puta madre.",0
El árbitro no es más que una escoria y da asco que exista.,1
La diputada resultó ser una mierda y lárgate de esta plataforma.,1
"Ya valió madre, se cayó el sistema de la escuela otra vez.",0
Este tipo es una completa incompetente y eres un peligro social.,1
Ese hater resultó ser una basura y da asco que exista.,1
El creador del video demuestra ser una mierda y deberían banearlo ya.,1
"Qué pendejo estoy, olvidé el archivo en la otra computadora.",0
El candidato se comporta como una ignorante y ojalá te pase algo malo.,1
"Qué pendejada acabo de hacer con el café, lo derramé sobre el teclado. Qué dolor de cabeza, puta madre.",0
Ese hater es una completa miserable y lárgate de esta plataforma.,1
"Muchas gracias por compartir el enlace con la documentación de la API. Qué dolor de cabeza, puta madre.",0
"Muchas gracias por compartir el enlace con la documentación de la API. Qué dolor de cabeza, puta madre.",0
"No mames, está cabrón el tráfico de hoy en la avenida principal. Qué dolor de cabeza, puta madre.",0
"No mames, está cabrón el tráfico de hoy en la avenida principal.",0
"Este tipo debería desaparecer, arruina la comunidad y nadie lo quiere aquí.",1
El streamer resultó ser una miserable y deberían banearlo ya.,1
"El creador del video debería desaparecer, arruina la comunidad y nadie lo quiere aquí.",1
"No mames, está cabrón el tráfico de hoy en la avenida principal. Qué dolor de cabeza, puta madre.",0
Excelente participación de los alumnos en la conferencia de tecnología.,0
Ese usuario se comporta como una pendeja y deberían banearlo ya.,1
El proyecto final de ingeniería quedó agendada para el próximo lunes.,0
EL ÁRBITRO NO ES MÁS QUE UNA PENDEJO Y LÁRGATE DE ESTA PLATAFORMA.,1
El creador del video resultó ser una rata y eres un peligro social.,1
"¿Alguien sabe a qué hora abre la biblioteca central de la facultad? Qué dolor de cabeza, puta madre.",0
Muchas gracias por compartir el enlace con la documentación de la API.,0
¿Alguien sabe a qué hora abre la biblioteca central de la facultad?,0
Ese hater se comporta como una cabrón y ojalá te pase algo malo.,1
"El candidato debería desaparecer, arruina la comunidad y nadie lo quiere aquí.",1
Está cabrón terminar este proyecto final para el lunes.,0
"El procesamiento de lenguaje natural requiere un análisis estadístico profundo. Qué dolor de cabeza, puta madre.",0
"Qué pendejo estoy, olvidé el archivo en la otra computadora.",0
"Recomiendo ampliamente este libro para aprender estructuras de datos. Qué dolor de cabeza, puta madre.",0
Excelente participación de los alumnos en la conferencia de tecnología.,0
ESE USUARIO RESULTÓ SER UNA MISERABLE Y DEBERÍAN BANEARLO YA.,1
El candidato resultó ser una escoria y ojalá te pase algo malo.,1
Ese usuario se comporta como una parásito y deberían banearlo ya.,1
El árbitro demuestra ser una mierda y lárgate de esta plataforma.,1
El streamer demuestra ser una lacra y hay que lincharlo entre todos.,1
La diputada no es más que una parásito y eres un peligro social.,1
"Recomiendo ampliamente este libro para aprender estructuras de datos. Qué dolor de cabeza, puta madre.",0
Está cabrón terminar este proyecto final para el lunes.,0
"Ya valió madre, se cayó el sistema de la escuela otra vez.",0
Esa mujer demuestra ser una pendejo y hay que lincharlo entre todos.,1
"El examen de la facultad estuvo de la chingada, pero alcancé a pasar. Qué dolor de cabeza, puta madre.",0
"Está cabrón terminar este proyecto final para el lunes. Qué dolor de cabeza, puta madre.",0
"Qué pendejo estoy, olvidé el archivo en la otra computadora.",0
"El examen de la facultad estuvo de la chingada, pero alcancé a pasar. Qué dolor de cabeza, puta madre.",0
"El examen de la facultad estuvo de la chingada, pero alcancé a pasar.",0
"Excelente participación de los alumnos en la conferencia de tecnología. Qué dolor de cabeza, puta madre.",0
La diputada resultó ser una pendejo y eres un peligro social.,1
"El examen de la facultad estuvo de la chingada, pero alcancé a pasar. Qué dolor de cabeza, puta madre.",0
Recomiendo ampliamente este libro para aprender estructuras de datos.,0
Este tipo demuestra ser una basura y ojalá te pase algo malo.,1
La diputada es una completa plaga y deberían banearlo ya.,1
ESE USUARIO SE COMPORTA COMO UNA CABRÓN Y LÁRGATE DE ESTA PLATAFORMA.,1
EL CANDIDATO RESULTÓ SER UNA PLAGA Y OJALÁ TE PASE ALGO MALO.,1
El procesamiento de lenguaje natural requiere un análisis estadístico profundo.,0
El moderador demuestra ser una mierda y deberían banearlo ya.,1
"Qué pendejo estoy, olvidé el archivo en la otra computadora.",0
Este tipo resultó ser una inepto y hay que lincharlo entre todos.,1
La diputada demuestra ser una ignorante y da asco que exista.,1
"El examen de la facultad estuvo de la chingada, pero alcancé a pasar. Qué dolor de cabeza, puta madre.",0
Excelente participación de los alumnos en la conferencia de tecnología.,0
Está cabrón terminar este proyecto final para el lunes.,0
Está cabrón terminar este proyecto final para el lunes.,0
El candidato es una completa basura y lárgate de esta plataforma.,1
"Qué pendejada acabo de hacer con el café, lo derramé sobre el teclado.",0
"Qué pendejo estoy, olvidé el archivo en la otra computadora.",0
El streamer se comporta como una imbécil y ojalá te pase algo malo.,1
El candidato resultó ser una incompetente y lárgate de esta plataforma.,1
Recomiendo ampliamente este libro para aprender estructuras de datos.,0
El proyecto final de ingeniería quedó agendada para el próximo lunes.,0
Está cabrón terminar este proyecto final para el lunes.,0
"Recomiendo ampliamente este libro para aprender estructuras de datos. Qué dolor de cabeza, puta madre.",0
"Ese usuario debería desaparecer, arruina la comunidad y nadie lo quiere aquí.",1
"Qué pendejada acabo de hacer con el café, lo derramé sobre el teclado.",0
"Qué pendejada acabo de hacer con el café, lo derramé sobre el teclado.",0
Este tipo es una completa ignorante y eres un peligro social.,1
La diputada resultó ser una plaga y lárgate de esta plataforma.,1
La diputada es una completa inepto y deberían banearlo ya.,1
Este tipo demuestra ser una parásito y hay que lincharlo entre todos.,1
Está cabrón terminar este proyecto final para el lunes.,0
Este tipo no es más que una escoria y ojalá te pase algo malo.,1
LA DIPUTADA DEMUESTRA SER UNA INEPTO Y DA ASCO QUE EXISTA.,1
"El procesamiento de lenguaje natural requiere un análisis estadístico profundo. Qué dolor de cabeza, puta madre.",0
"No mames, está cabrón el tráfico de hoy en la avenida principal. Qué dolor de cabeza, puta madre.",0
"Muchas gracias por compartir el enlace con la documentación de la API. Qué dolor de cabeza, puta madre.",0
La diputada se comporta como una ignorante y hay que lincharlo entre todos.,1
El proyecto final de ingeniería quedó agendada para el próximo lunes.,0
"El examen de la facultad estuvo de la chingada, pero alcancé a pasar.",0
ESA MUJER RESULTÓ SER UNA CABRÓN Y ERES UN PELIGRO SOCIAL.,1
"Ya valió madre, se cayó el sistema de la escuela otra vez.",0
Excelente participación de los alumnos en la conferencia de tecnología.,0
El árbitro resultó ser una lacra y deberían banearlo ya.,1
EL ÁRBITRO ES UNA COMPLETA RATA Y LÁRGATE DE ESTA PLATAFORMA.,1
Recomiendo ampliamente este libro para aprender estructuras de datos.,0
Este tipo se comporta como una pendeja y deberían banearlo ya.,1
"Ya valió madre, se cayó el sistema de la escuela otra vez. Qué dolor de cabeza, puta madre.",0
"El proyecto final de ingeniería quedó agendada para el próximo lunes. Qué dolor de cabeza, puta madre.",0
"Ya valió madre, se cayó el sistema de la escuela otra vez.",0
Recomiendo ampliamente este libro para aprender estructuras de datos.,0
ESA MUJER NO ES MÁS QUE UNA PENDEJA Y HAY QUE LINCHARLO ENTRE TODOS.,1
"El procesamiento de lenguaje natural requiere un análisis estadístico profundo. Qué dolor de cabeza, puta madre.",0
El streamer es una completa plaga y ojalá te pase algo malo.,1
"El examen de la facultad estuvo de la chingada, pero alcancé a pasar. Qué dolor de cabeza, puta madre.",0
Ese hater se comporta como una inepto y eres un peligro social.,1
"Qué pendejada acabo de hacer con el café, lo derramé sobre el teclado. Qué dolor de cabeza, puta madre.",0
Está cabrón terminar este proyecto final para el lunes.,0
Está cabrón terminar este proyecto final para el lunes.,0
Ese usuario se comporta como una plaga y hay que lincharlo entre todos.,1
EL ÁRBITRO RESULTÓ SER UNA LACRA Y LÁRGATE DE ESTA PLATAFORMA.,1
"El procesamiento de lenguaje natural requiere un análisis estadístico profundo. Qué dolor de cabeza, puta madre.",0
"No mames, está cabrón el tráfico de hoy en la avenida principal.",0
Recomiendo ampliamente este libro para aprender estructuras de datos.,0
El candidato demuestra ser una imbécil y ojalá te pase algo malo.,1
ESE USUARIO DEMUESTRA SER UNA PENDEJA Y HAY QUE LINCHARLO ENTRE TODOS.,1
Esa mujer no es más que una rata y hay que lincharlo entre todos.,1
Ese usuario se comporta como una incompetente y da asco que exista.,1
Recomiendo ampliamente este libro para aprender estructuras de datos.,0
"El examen de la facultad estuvo de la chingada, pero alcancé a pasar.",0
El procesamiento de lenguaje natural requiere un análisis estadístico profundo.,0
¿Alguien sabe a qué hora abre la biblioteca central de la facultad?,0
¿Alguien sabe a qué hora abre la biblioteca central de la facultad?,0
"El streamer debería desaparecer, arruina la comunidad y nadie lo quiere aquí.",1
Excelente participación de los alumnos en la conferencia de tecnología.,0
El streamer se comporta como una miserable y ojalá te pase algo malo.,1
"EL CANDIDATO DEBERÍA DESAPARECER, ARRUINA LA COMUNIDAD Y NADIE LO QUIERE AQUÍ.",1
"Qué pendejada acabo de hacer con el café, lo derramé sobre el teclado. Qué dolor de cabeza, puta madre.",0
"Qué pendejada acabo de hacer con el café, lo derramé sobre el teclado.",0
EL MODERADOR DEMUESTRA SER UNA ESCORIA Y ERES UN PELIGRO SOCIAL.,1
El moderador es una completa parásito y hay que lincharlo entre todos.,1
La diputada resultó ser una ignorante y lárgate de esta plataforma.,1
"Qué pendejo estoy, olvidé el archivo en la otra computadora.",0
La diputada se comporta como una ignorante y deberían banearlo ya.,1
El streamer es una completa incompetente y ojalá te pase algo malo.,1
"El examen de la facultad estuvo de la chingada, pero alcancé a pasar.",0
El moderador resultó ser una miserable y lárgate de esta plataforma.,1
El árbitro es una completa basura y da asco que exista.,1
"No mames, está cabrón el tráfico de hoy en la avenida principal. Qué dolor de cabeza, puta madre.",0
"El moderador debería desaparecer, arruina la comunidad y nadie lo quiere aquí.",1
ESE USUARIO ES UNA COMPLETA PARÁSITO Y HAY QUE LINCHARLO ENTRE TODOS.,1
¿Alguien sabe a qué hora abre la biblioteca central de la facultad?,0
El creador del video no es más que una imbécil y deberían banearlo ya.,1
"El proyecto final de ingeniería quedó agendada para el próximo lunes. Qué dolor de cabeza, puta madre.",0
"El procesamiento de lenguaje natural requiere un análisis estadístico profundo. Qué dolor de cabeza, puta madre.",0
"Qué pendejada acabo de hacer con el café, lo derramé sobre el teclado.",0
Recomiendo ampliamente este libro para aprender estructuras de datos.,0
Ese usuario es una completa idiota y deberían banearlo ya.,1
La diputada es una completa pendejo y eres un peligro social.,1
"Ya valió madre, se cayó el sistema de la escuela otra vez.",0
"El examen de la facultad estuvo de la chingada, pero alcancé a pasar.",0
Ese usuario no es más que una ignorante y deberían banearlo ya.,1
"Qué pendejo estoy, olvidé el archivo en la otra computadora.",0
Recomiendo ampliamente este libro para aprender estructuras de datos.,0
¿Alguien sabe a qué hora abre la biblioteca central de la facultad?,0
Muchas gracias por compartir el enlace con la documentación de la API.,0
"No mames, está cabrón el tráfico de hoy en la avenida principal. Qué dolor de cabeza, puta madre.",0
El moderador demuestra ser una inepto y eres un peligro social.,1
Muchas gracias por compartir el enlace con la documentación de la API.,0
Esa mujer es una completa rata y hay que lincharlo entre todos.,1
Está cabrón terminar este proyecto final para el lunes.,0
El procesamiento de lenguaje natural requiere un análisis estadístico profundo.,0
El creador del video resultó ser una miserable y lárgate de esta plataforma.,1
El moderador se comporta como una imbécil y da asco que exista.,1
"¿Alguien sabe a qué hora abre la biblioteca central de la facultad? Qué dolor de cabeza, puta madre.",0
"El creador del video debería desaparecer, arruina la comunidad y nadie lo quiere aquí.",1
EL STREAMER RESULTÓ SER UNA RATA Y HAY QUE LINCHARLO ENTRE TODOS.,1
"Está cabrón terminar este proyecto final para el lunes. Qué dolor de cabeza, puta madre.",0
"EL STREAMER DEBERÍA DESAPARECER, ARRUINA LA COMUNIDAD Y NADIE LO QUIERE AQUÍ.",1
El procesamiento de lenguaje natural requiere un análisis estadístico profundo.,0
La diputada se comporta como una imbécil y eres un peligro social.,1
"El examen de la facultad estuvo de la chingada, pero alcancé a pasar.",0
"Qué pendejada acabo de hacer con el café, lo derramé sobre el teclado. Qué dolor de cabeza, puta madre.",0
"El examen de la facultad estuvo de la chingada, pero alcancé a pasar. Qué dolor de cabeza, puta madre.",0
El streamer demuestra ser una miserable y ojalá te pase algo malo.,1
"El examen de la facultad estuvo de la chingada, pero alcancé a pasar.",0
Ese usuario demuestra ser una parásito y ojalá te pase algo malo.,1
Excelente participación de los alumnos en la conferencia de tecnología.,0
Ese hater demuestra ser una plaga y ojalá te pase algo malo.,1
Esa mujer es una completa idiota y ojalá te pase algo malo.,1
La diputada es una completa imbécil y hay que lincharlo entre todos.,1
"Muchas gracias por compartir el enlace con la documentación de la API. Qué dolor de cabeza, puta madre.",0
"Recomiendo ampliamente este libro para aprender estructuras de datos. Qué dolor de cabeza, puta madre.",0
El streamer resultó ser una pendeja y da asco que exista.,1
"Ya valió madre, se cayó el sistema de la escuela otra vez.",0
"El examen de la facultad estuvo de la chingada, pero alcancé a pasar.",0
Muchas gracias por compartir el enlace con la documentación de la API.,0
"¿Alguien sabe a qué hora abre la biblioteca central de la facultad? Qué dolor de cabeza, puta madre.",0
Está cabrón terminar este proyecto final para el lunes.,0
EL MODERADOR ES UNA COMPLETA PENDEJA Y HAY QUE LINCHARLO ENTRE TODOS.,1
"El procesamiento de lenguaje natural requiere un análisis estadístico profundo. Qué dolor de cabeza, puta madre.",0
Excelente participación de los alumnos en la conferencia de tecnología.,0
"Muchas gracias por compartir el enlace con la documentación de la API. Qué dolor de cabeza, puta madre.",0
El candidato resultó ser una escoria y lárgate de esta plataforma.,1
El candidato es una completa pendejo y lárgate de esta plataforma.,1
"¿Alguien sabe a qué hora abre la biblioteca central de la facultad? Qué dolor de cabeza, puta madre.",0
El streamer es una completa ignorante y eres un peligro social.,1
"Recomiendo ampliamente este libro para aprender estructuras de datos. Qué dolor de cabeza, puta madre.",0
Muchas gracias por compartir el enlace con la documentación de la API.,0
"El árbitro debería desaparecer, arruina la comunidad y nadie lo quiere aquí.",1
El streamer demuestra ser una mierda y eres un peligro social.,1
Muchas gracias por compartir el enlace con la documentación de la API.,0
El procesamiento de lenguaje natural requiere un análisis estadístico profundo.,0
El streamer resultó ser una cabrón y ojalá te pase algo malo.,1
EL MODERADOR DEMUESTRA SER UNA IGNORANTE Y LÁRGATE DE ESTA PLATAFORMA.,1
Ese hater es una completa cabrón y ojalá te pase algo malo.,1
"Ya valió madre, se cayó el sistema de la escuela otra vez. Qué dolor de cabeza, puta madre.",0
"El proyecto final de ingeniería quedó agendada para el próximo lunes. Qué dolor de cabeza, puta madre.",0
"Qué pendejo estoy, olvidé el archivo en la otra computadora.",0
El creador del video no es más que una plaga y deberían banearlo ya.,1
"Ya valió madre, se cayó el sistema de la escuela otra vez. Qué dolor de cabeza, puta madre.",0
Esa mujer resultó ser una idiota y hay que lincharlo entre todos.,1
Este tipo no es más que una cabrón y deberían banearlo ya.,1
"Está cabrón terminar este proyecto final para el lunes. Qué dolor de cabeza, puta madre.",0
Muchas gracias por compartir el enlace con la documentación de la API.,0
El proyecto final de ingeniería quedó agendada para el próximo lunes.,0
El streamer no es más que una ignorante y da asco que exista.,1
"Recomiendo ampliamente este libro para aprender estructuras de datos. Qué dolor de cabeza, puta madre.",0
EL CANDIDATO RESULTÓ SER UNA PLAGA Y HAY QUE LINCHARLO ENTRE TODOS.,1
"Qué pendejada acabo de hacer con el café, lo derramé sobre el teclado.",0
Este tipo es una completa idiota y ojalá te pase algo malo.,1
Está cabrón terminar este proyecto final para el lunes.,0
La diputada es una completa basura y deberían banearlo ya.,1
"Ese usuario debería desaparecer, arruina la comunidad y nadie lo quiere aquí.",1
"Qué pendejada acabo de hacer con el café, lo derramé sobre el teclado.",0
"No mames, está cabrón el tráfico de hoy en la avenida principal.",0
"El examen de la facultad estuvo de la chingada, pero alcancé a pasar.",0
El proyecto final de ingeniería quedó agendada para el próximo lunes.,0
Esa mujer se comporta como una idiota y lárgate de esta plataforma.,1
El candidato resultó ser una ignorante y lárgate de esta plataforma.,1
"El examen de la facultad estuvo de la chingada, pero alcancé a pasar. Qué dolor de cabeza, puta madre.",0
El creador del video no es más que una miserable y lárgate de esta plataforma.,1
El moderador resultó ser una imbécil y da asco que exista.,1
Está cabrón terminar este proyecto final para el lunes.,0
"Qué pendejo estoy, olvidé el archivo en la otra computadora.",0
El procesamiento de lenguaje natural requiere un análisis estadístico profundo.,0
Este tipo demuestra ser una ignorante y hay que lincharlo entre todos.,1
"Qué pendejo estoy, olvidé el archivo en la otra computadora. Qué dolor de cabeza, puta madre.",0
"Qué pendejo estoy, olvidé el archivo en la otra computadora.",0
LA DIPUTADA RESULTÓ SER UNA RATA Y LÁRGATE DE ESTA PLATAFORMA.,1
El creador del video demuestra ser una miserable y eres un peligro social.,1
"¿Alguien sabe a qué hora abre la biblioteca central de la facultad? Qué dolor de cabeza, puta madre.",0
El streamer no es más que una plaga y ojalá te pase algo malo.,1
"Muchas gracias por compartir el enlace con la documentación de la API. Qué dolor de cabeza, puta madre.",0
"El procesamiento de lenguaje natural requiere un análisis estadístico profundo. Qué dolor de cabeza, puta madre.",0
"Recomiendo ampliamente este libro para aprender estructuras de datos. Qué dolor de cabeza, puta madre.",0
La diputada es una completa incompetente y eres un peligro social.,1
Este tipo no es más que una pendeja y lárgate de esta plataforma.,1
"Muchas gracias por compartir el enlace con la documentación de la API. Qué dolor de cabeza, puta madre.",0
ESA MUJER SE COMPORTA COMO UNA PARÁSITO Y LÁRGATE DE ESTA PLATAFORMA.,1
"Qué pendejada acabo de hacer con el café, lo derramé sobre el teclado.",0
EL CANDIDATO ES UNA COMPLETA BASURA Y HAY QUE LINCHARLO ENTRE TODOS.,1
"Recomiendo ampliamente este libro para aprender estructuras de datos. Qué dolor de cabeza, puta madre.",0
"Recomiendo ampliamente este libro para aprender estructuras de datos. Qué dolor de cabeza, puta madre.",0
"Ya valió madre, se cayó el sistema de la escuela otra vez.",0
"Ese hater debería desaparecer, arruina la comunidad y nadie lo quiere aquí.",1
Está cabrón terminar este proyecto final para el lunes.,0
La diputada no es más que una parásito y eres un peligro social.,1
Ese hater es una completa escoria y deberían banearlo ya.,1
El árbitro no es más que una pendejo y da asco que exista.,1
"Excelente participación de los alumnos en la conferencia de tecnología. Qué dolor de cabeza, puta madre.",0
La diputada es una completa ignorante y deberían banearlo ya.,1
"¿Alguien sabe a qué hora abre la biblioteca central de la facultad? Qué dolor de cabeza, puta madre.",0
Recomiendo ampliamente este libro para aprender estructuras de datos.,0
Está cabrón terminar este proyecto final para el lunes.,0
¿Alguien sabe a qué hora abre la biblioteca central de la facultad?,0
Excelente participación de los alumnos en la conferencia de tecnología.,0
"No mames, está cabrón el tráfico de hoy en la avenida principal. Qué dolor de cabeza, puta madre.",0
Esa mujer resultó ser una cabrón y ojalá te pase algo malo.,1
"Qué pendejada acabo de hacer con el café, lo derramé sobre el teclado.",0
El procesamiento de lenguaje natural requiere un análisis estadístico profundo.,0
La diputada no es más que una lacra y deberían banearlo ya.,1
"La diputada debería desaparecer, arruina la comunidad y nadie lo quiere aquí.",1
Ese hater resultó ser una basura y da asco que exista.,1
El candidato no es más que una parásito y lárgate de esta plataforma.,1
El proyecto final de ingeniería quedó agendada para el próximo lunes.,0
El proyecto final de ingeniería quedó agendada para el próximo lunes.,0
El candidato no es más que una imbécil y da asco que exista.,1
La diputada es una completa mierda y ojalá te pase algo malo.,1
El proyecto final de ingeniería quedó agendada para el próximo lunes.,0
La diputada es una completa mierda y deberían banearlo ya.,1
"Qué pendejo estoy, olvidé el archivo en la otra computadora. Qué dolor de cabeza, puta madre.",0
LA DIPUTADA NO ES MÁS QUE UNA IMBÉCIL Y ERES UN PELIGRO SOCIAL.,1
"No mames, está cabrón el tráfico de hoy en la avenida principal. Qué dolor de cabeza, puta madre.",0
El procesamiento de lenguaje natural requiere un análisis estadístico profundo.,0
Ese hater resultó ser una pendeja y ojalá te pase algo malo.,1
Esa mujer es una completa pendejo y deberían banearlo ya.,1
¿Alguien sabe a qué hora abre la biblioteca central de la facultad?,0
Muchas gracias por compartir el enlace con la documentación de la API.,0
"Qué pendejada acabo de hacer con el café, lo derramé sobre el teclado.",0
El árbitro no es más que una ignorante y eres un peligro social.,1
"El examen de la facultad estuvo de la chingada, pero alcancé a pasar. Qué dolor de cabeza, puta madre.",0
Ese hater se comporta como una lacra y lárgate de esta plataforma.,1
El árbitro resultó ser una cabrón y lárgate de esta plataforma.,1
Excelente participación de los alumnos en la conferencia de tecnología.,0
Este tipo es una completa cabrón y da asco que exista.,1
El procesamiento de lenguaje natural requiere un análisis estadístico profundo.,0
El candidato se comporta como una pendejo y eres un peligro social.,1
El árbitro es una completa escoria y hay que lincharlo entre todos.,1
El creador del video demuestra ser una imbécil y da asco que exista.,1
El moderador resultó ser una plaga y ojalá te pase algo malo.,1
El moderador resultó ser una inepto y hay que lincharlo entre todos.,1
"Qué pendejo estoy, olvidé el archivo en la otra computadora. Qué dolor de cabeza, puta madre.",0
"El examen de la facultad estuvo de la chingada, pero alcancé a pasar.",0
"El candidato debería desaparecer, arruina la comunidad y nadie lo quiere aquí.",1
"Qué pendejada acabo de hacer con el café, lo derramé sobre el teclado.",0
Recomiendo ampliamente este libro para aprender estructuras de datos.,0
Ese hater no es más que una pendeja y eres un peligro social.,1
Está cabrón terminar este proyecto final para el lunes.,0
Esa mujer demuestra ser una escoria y lárgate de esta plataforma.,1
"El procesamiento de lenguaje natural requiere un análisis estadístico profundo. Qué dolor de cabeza, puta madre.",0
La diputada es una completa imbécil y lárgate de esta plataforma.,1
Ese usuario no es más que una parásito y hay que lincharlo entre todos.,1
Está cabrón terminar este proyecto final para el lunes.,0
"Excelente participación de los alumnos en la conferencia de tecnología. Qué dolor de cabeza, puta madre.",0
EL CANDIDATO SE COMPORTA COMO UNA BASURA Y OJALÁ TE PASE ALGO MALO.,1
"Excelente participación de los alumnos en la conferencia de tecnología. Qué dolor de cabeza, puta madre.",0
"Ya valió madre, se cayó el sistema de la escuela otra vez.",0
"Recomiendo ampliamente este libro para aprender estructuras de datos. Qué dolor de cabeza, puta madre.",0
Ese hater demuestra ser una ignorante y deberían banearlo ya.,1
"Qué pendejo estoy, olvidé el archivo en la otra computadora.",0
Ese usuario se comporta como una mierda y eres un peligro social.,1
"Qué pendejo estoy, olvidé el archivo en la otra computadora.",0
"Muchas gracias por compartir el enlace con la documentación de la API. Qué dolor de cabeza, puta madre.",0
"Está cabrón terminar este proyecto final para el lunes. Qué dolor de cabeza, puta madre.",0
La diputada demuestra ser una mierda y hay que lincharlo entre todos.,1
"Qué pendejada acabo de hacer con el café, lo derramé sobre el teclado. Qué dolor de cabeza, puta madre.",0
"No mames, está cabrón el tráfico de hoy en la avenida principal.",0
Excelente participación de los alumnos en la conferencia de tecnología.,0
El árbitro no es más que una cabrón y hay que lincharlo entre todos.,1
El streamer no es más que una rata y deberían banearlo ya.,1
Este tipo no es más que una inepto y da asco que exista.,1
Esa mujer demuestra ser una inepto y hay que lincharlo entre todos.,1
Este tipo no es más que una rata y hay que lincharlo entre todos.,1
Ese usuario no es más que una basura y ojalá te pase algo malo.,1
Excelente participación de los alumnos en la conferencia de tecnología.,0
Muchas gracias por compartir el enlace con la documentación de la API.,0
Ese usuario demuestra ser una escoria y deberían banearlo ya.,1
El creador del video resultó ser una incompetente y ojalá te pase algo malo.,1
"No mames, está cabrón el tráfico de hoy en la avenida principal.",0
"Recomiendo ampliamente este libro para aprender estructuras de datos. Qué dolor de cabeza, puta madre.",0
El streamer se comporta como una incompetente y lárgate de esta plataforma.,1
"EL MODERADOR DEBERÍA DESAPARECER, ARRUINA LA COMUNIDAD Y NADIE LO QUIERE AQUÍ.",1
EL MODERADOR DEMUESTRA SER UNA MIERDA Y DEBERÍAN BANEARLO YA.,1
LA DIPUTADA RESULTÓ SER UNA IDIOTA Y OJALÁ TE PASE ALGO MALO.,1
EL STREAMER RESULTÓ SER UNA INEPTO Y ERES UN PELIGRO SOCIAL.,1
Ese hater es una completa cabrón y lárgate de esta plataforma.,1
"ESA MUJER DEBERÍA DESAPARECER, ARRUINA LA COMUNIDAD Y NADIE LO QUIERE AQUÍ.",1
Ese usuario demuestra ser una rata y eres un peligro social.,1
Ese usuario se comporta como una rata y da asco que exista.,1
Esa mujer es una completa escoria y lárgate de esta plataforma.,1
El proyecto final de ingeniería quedó agendada para el próximo lunes.,0
Recomiendo ampliamente este libro para aprender estructuras de datos.,0
"¿Alguien sabe a qué hora abre la biblioteca central de la facultad? Qué dolor de cabeza, puta madre.",0
Esa mujer no es más que una pendeja y hay que lincharlo entre todos.,1
Esa mujer resultó ser una ignorante y ojalá te pase algo malo.,1
¿Alguien sabe a qué hora abre la biblioteca central de la facultad?,0
"¿Alguien sabe a qué hora abre la biblioteca central de la facultad? Qué dolor de cabeza, puta madre.",0
El moderador resultó ser una imbécil y hay que lincharlo entre todos.,1
La diputada demuestra ser una incompetente y hay que lincharlo entre todos.,1
EL CANDIDATO RESULTÓ SER UNA INCOMPETENTE Y ERES UN PELIGRO SOCIAL.,1
El proyecto final de ingeniería quedó agendada para el próximo lunes.,0
La diputada no es más que una pendejo y da asco que exista.,1
El candidato resultó ser una miserable y eres un peligro social.,1
Ese usuario no es más que una imbécil y da asco que exista.,1
ESE USUARIO RESULTÓ SER UNA INEPTO Y ERES UN PELIGRO SOCIAL.,1
"No mames, está cabrón el tráfico de hoy en la avenida principal. Qué dolor de cabeza, puta madre.",0
"El creador del video debería desaparecer, arruina la comunidad y nadie lo quiere aquí.",1
El moderador no es más que una cabrón y da asco que exista.,1
La diputada resultó ser una pendejo y ojalá te pase algo malo.,1
"El moderador debería desaparecer, arruina la comunidad y nadie lo quiere aquí.",1
"Ya valió madre, se cayó el sistema de la escuela otra vez.",0
"Ya valió madre, se cayó el sistema de la escuela otra vez.",0
El árbitro resultó ser una basura y deberían banearlo ya.,1
"Ya valió madre, se cayó el sistema de la escuela otra vez. Qué dolor de cabeza, puta madre.",0
El árbitro es una completa plaga y hay que lincharlo entre todos.,1
El árbitro es una completa rata y deberían banearlo ya.,1
Ese usuario no es más que una cabrón y ojalá te pase algo malo.,1
EL ÁRBITRO DEMUESTRA SER UNA MIERDA Y LÁRGATE DE ESTA PLATAFORMA.,1
La diputada demuestra ser una lacra y deberían banearlo ya.,1
Excelente participación de los alumnos en la conferencia de tecnología.,0
Ese hater no es más que una plaga y da asco que exista.,1
El árbitro resultó ser una imbécil y deberían banearlo ya.,1
ESTE TIPO ES UNA COMPLETA PENDEJO Y ERES UN PELIGRO SOCIAL.,1
"No mames, está cabrón el tráfico de hoy en la avenida principal.",0
Este tipo es una completa rata y da asco que exista.,1
¿Alguien sabe a qué hora abre la biblioteca central de la facultad?,0
Está cabrón terminar este proyecto final para el lunes.,0
El moderador resultó ser una idiota y eres un peligro social.,1
Ese usuario demuestra ser una cabrón y hay que lincharlo entre todos.,1
Ese usuario demuestra ser una ignorante y deberían banearlo ya.,1
ESA MUJER NO ES MÁS QUE UNA MISERABLE Y LÁRGATE DE ESTA PLATAFORMA.,1
"No mames, está cabrón el tráfico de hoy en la avenida principal.",0
El candidato no es más que una escoria y lárgate de esta plataforma.,1
LA DIPUTADA RESULTÓ SER UNA LACRA Y ERES UN PELIGRO SOCIAL.,1
"Qué pendejada acabo de hacer con el café, lo derramé sobre el teclado.",0
Ese hater no es más que una incompetente y deberían banearlo ya.,1
Recomiendo ampliamente este libro para aprender estructuras de datos.,0
EL ÁRBITRO SE COMPORTA COMO UNA IGNORANTE Y OJALÁ TE PASE ALGO MALO.,1
Ese hater no es más que una lacra y hay que lincharlo entre todos.,1
El candidato es una completa inepto y deberían banearlo ya.,1
Este tipo demuestra ser una ignorante y lárgate de esta plataforma.,1
El creador del video es una completa pendeja y hay que lincharlo entre todos.,1
Este tipo demuestra ser una plaga y hay que lincharlo entre todos.,1
LA DIPUTADA SE COMPORTA COMO UNA PLAGA Y ERES UN PELIGRO SOCIAL.,1
El creador del video no es más que una inepto y da asco que exista.,1
El streamer no es más que una parásito y ojalá te pase algo malo.,1
"¿Alguien sabe a qué hora abre la biblioteca central de la facultad? Qué dolor de cabeza, puta madre.",0
El proyecto final de ingeniería quedó agendada para el próximo lunes.,0
"Qué pendejada acabo de hacer con el café, lo derramé sobre el teclado.",0
"Qué pendejada acabo de hacer con el café, lo derramé sobre el teclado.",0
El árbitro es una completa lacra y lárgate de esta plataforma.,1
"El examen de la facultad estuvo de la chingada, pero alcancé a pasar.",0
El creador del video es una completa basura y da asco que exista.,1
El proyecto final de ingeniería quedó agendada para el próximo lunes.,0
"Esa mujer debería desaparecer, arruina la comunidad y nadie lo quiere aquí.",1
La diputada no es más que una ignorante y deberían banearlo ya.,1
"La diputada debería desaparecer, arruina la comunidad y nadie lo quiere aquí.",1
El candidato se comporta como una idiota y deberían banearlo ya.,1
"Este tipo debería desaparecer, arruina la comunidad y nadie lo quiere aquí.",1
"Qué pendejo estoy, olvidé el archivo en la otra computadora.",0
¿Alguien sabe a qué hora abre la biblioteca central de la facultad?,0
Esa mujer demuestra ser una pendejo y da asco que exista.,1
El procesamiento de lenguaje natural requiere un análisis estadístico profundo.,0
El streamer es una completa incompetente y ojalá te pase algo malo.,1
"ESE HATER DEBERÍA DESAPARECER, ARRUINA LA COMUNIDAD Y NADIE LO QUIERE AQUÍ.",1
"Qué pendejada acabo de hacer con el café, lo derramé sobre el teclado.",0
"El proyecto final de ingeniería quedó agendada para el próximo lunes. Qué dolor de cabeza, puta madre.",0
Esa mujer resultó ser una miserable y eres un peligro social.,1
El moderador es una completa pendejo y eres un peligro social.,1
"El examen de la facultad estuvo de la chingada, pero alcancé a pasar.",0
ESE USUARIO ES UNA COMPLETA PENDEJA Y ERES UN PELIGRO SOCIAL.,1
El proyecto final de ingeniería quedó agendada para el próximo lunes.,0
ESE USUARIO ES UNA COMPLETA IMBÉCIL Y DA ASCO QUE EXISTA.,1
"El candidato debería desaparecer, arruina la comunidad y nadie lo quiere aquí.",1
El moderador es una completa idiota y lárgate de esta plataforma.,1
¿Alguien sabe a qué hora abre la biblioteca central de la facultad?,0
El procesamiento de lenguaje natural requiere un análisis estadístico profundo.,0
EL STREAMER DEMUESTRA SER UNA IDIOTA Y DA ASCO QUE EXISTA.,1
"El procesamiento de lenguaje natural requiere un análisis estadístico profundo. Qué dolor de cabeza, puta madre.",0
El moderador resultó ser una cabrón y da asco que exista.,1
"No mames, está cabrón el tráfico de hoy en la avenida principal. Qué dolor de cabeza, puta madre.",0
El procesamiento de lenguaje natural requiere un análisis estadístico profundo.,0
El árbitro no es más que una pendejo y hay que lincharlo entre todos.,1
"Qué pendejo estoy, olvidé el archivo en la otra computadora.",0
El árbitro resultó ser una miserable y eres un peligro social.,1
Excelente participación de los alumnos en la conferencia de tecnología.,0
"No mames, está cabrón el tráfico de hoy en la avenida principal.",0
"Ya valió madre, se cayó el sistema de la escuela otra vez.",0
"Esa mujer debería desaparecer, arruina la comunidad y nadie lo quiere aquí.",1
Ese hater es una completa plaga y da asco que exista.,1
Ese hater se comporta como una basura y da asco que exista.,1
"Qué pendejada acabo de hacer con el café, lo derramé sobre el teclado.",0
Ese hater resultó ser una incompetente y ojalá te pase algo malo.,1
"El examen de la facultad estuvo de la chingada, pero alcancé a pasar. Qué dolor de cabeza, puta madre.",0
"El proyecto final de ingeniería quedó agendada para el próximo lunes. Qué dolor de cabeza, puta madre.",0
Ese usuario es una completa cabrón y deberían banearlo ya.,1
EL MODERADOR RESULTÓ SER UNA CABRÓN Y ERES UN PELIGRO SOCIAL.,1
"Está cabrón terminar este proyecto final para el lunes. Qué dolor de cabeza, puta madre.",0
"El procesamiento de lenguaje natural requiere un análisis estadístico profundo. Qué dolor de cabeza, puta madre.",0
"Qué pendejo estoy, olvidé el archivo en la otra computadora.",0
"Qué pendejo estoy, olvidé el archivo en la otra computadora.",0
ESE USUARIO DEMUESTRA SER UNA MIERDA Y OJALÁ TE PASE ALGO MALO.,1
"Qué pendejo estoy, olvidé el archivo en la otra computadora.",0
Ese hater se comporta como una lacra y hay que lincharlo entre todos.,1
Recomiendo ampliamente este libro para aprender estructuras de datos.,0
El proyecto final de ingeniería quedó agendada para el próximo lunes.,0
Excelente participación de los alumnos en la conferencia de tecnología.,0
"El examen de la facultad estuvo de la chingada, pero alcancé a pasar.",0
Está cabrón terminar este proyecto final para el lunes.,0
El creador del video demuestra ser una incompetente y eres un peligro social.,1
"Ese usuario debería desaparecer, arruina la comunidad y nadie lo quiere aquí.",1
Muchas gracias por compartir el enlace con la documentación de la API.,0
El moderador es una completa incompetente y eres un peligro social.,1
"Qué pendejo estoy, olvidé el archivo en la otra computadora.",0
"No mames, está cabrón el tráfico de hoy en la avenida principal. Qué dolor de cabeza, puta madre.",0
"Esa mujer debería desaparecer, arruina la comunidad y nadie lo quiere aquí.",1
"Ya valió madre, se cayó el sistema de la escuela otra vez.",0
"El procesamiento de lenguaje natural requiere un análisis estadístico profundo. Qué dolor de cabeza, puta madre.",0
"Ya valió madre, se cayó el sistema de la escuela otra vez.",0
El candidato demuestra ser una rata y lárgate de esta plataforma.,1
El streamer resultó ser una plaga y da asco que exista.,1
"Qué pendejo estoy, olvidé el archivo en la otra computadora.",0
"Ya valió madre, se cayó el sistema de la escuela otra vez.",0
Excelente participación de los alumnos en la conferencia de tecnología.,0
"Qué pendejada acabo de hacer con el café, lo derramé sobre el teclado. Qué dolor de cabeza, puta madre.",0
"¿Alguien sabe a qué hora abre la biblioteca central de la facultad? Qué dolor de cabeza, puta madre.",0
Este tipo se comporta como una pendejo y deberían banearlo ya.,1
"ESE USUARIO DEBERÍA DESAPARECER, ARRUINA LA COMUNIDAD Y NADIE LO QUIERE AQUÍ.",1
El creador del video se comporta como una pendejo y ojalá te pase algo malo.,1
ESTE TIPO RESULTÓ SER UNA ESCORIA Y HAY QUE LINCHARLO ENTRE TODOS.,1
El árbitro resultó ser una ignorante y da asco que exista.,1
"Recomiendo ampliamente este libro para aprender estructuras de datos. Qué dolor de cabeza, puta madre.",0
El candidato no es más que una mierda y ojalá te pase algo malo.,1
Muchas gracias por compartir el enlace con la documentación de la API.,0
"Qué pendejo estoy, olvidé el archivo en la otra computadora.",0
"Ya valió madre, se cayó el sistema de la escuela otra vez.",0
"El examen de la facultad estuvo de la chingada, pero alcancé a pasar. Qué dolor de cabeza, puta madre.",0
Ese hater es una completa inepto y da asco que exista.,1
ESE HATER RESULTÓ SER UNA CABRÓN Y DA ASCO QUE EXISTA.,1
El árbitro se comporta como una plaga y deberían banearlo ya.,1
El árbitro se comporta como una idiota y deberían banearlo ya.,1
EL CREADOR DEL VIDEO DEMUESTRA SER UNA CABRÓN Y ERES UN PELIGRO SOCIAL.,1
LA DIPUTADA ES UNA COMPLETA PENDEJO Y OJALÁ TE PASE ALGO MALO.,1
El árbitro resultó ser una cabrón y lárgate de esta plataforma.,1
Está cabrón terminar este proyecto final para el lunes.,0
"Qué pendejo estoy, olvidé el archivo en la otra computadora.",0
El árbitro resultó ser una inepto y eres un peligro social.,1
La diputada demuestra ser una escoria y da asco que exista.,1
El streamer es una completa pendejo y eres un peligro social.,1
Muchas gracias por compartir el enlace con la documentación de la API.,0
Esa mujer se comporta como una pendejo y da asco que exista.,1
Ese usuario se comporta como una imbécil y deberían banearlo ya.,1
EL MODERADOR ES UNA COMPLETA PENDEJA Y ERES UN PELIGRO SOCIAL.,1
El proyecto final de ingeniería quedó agendada para el próximo lunes.,0
El proyecto final de ingeniería quedó agendada para el próximo lunes.,0
EL STREAMER SE COMPORTA COMO UNA PLAGA Y LÁRGATE DE ESTA PLATAFORMA.,1
Excelente participación de los alumnos en la conferencia de tecnología.,0
El árbitro es una completa lacra y deberían banearlo ya.,1
Está cabrón terminar este proyecto final para el lunes.,0
"Está cabrón terminar este proyecto final para el lunes. Qué dolor de cabeza, puta madre.",0
Ese hater resultó ser una cabrón y eres un peligro social.,1
Ese hater resultó ser una pendeja y hay que lincharlo entre todos.,1
"ESA MUJER DEBERÍA DESAPARECER, ARRUINA LA COMUNIDAD Y NADIE LO QUIERE AQUÍ.",1
"Ya valió madre, se cayó el sistema de la escuela otra vez.",0
El creador del video demuestra ser una escoria y ojalá te pase algo malo.,1
El streamer resultó ser una ignorante y lárgate de esta plataforma.,1
ESA MUJER DEMUESTRA SER UNA RATA Y DEBERÍAN BANEARLO YA.,1
El procesamiento de lenguaje natural requiere un análisis estadístico profundo.,0
LA DIPUTADA SE COMPORTA COMO UNA RATA Y DEBERÍAN BANEARLO YA.,1
ESTE TIPO DEMUESTRA SER UNA CABRÓN Y ERES UN PELIGRO SOCIAL.,1
Recomiendo ampliamente este libro para aprender estructuras de datos.,0
"El examen de la facultad estuvo de la chingada, pero alcancé a pasar.",0
La diputada resultó ser una incompetente y eres un peligro social.,1
"El examen de la facultad estuvo de la chingada, pero alcancé a pasar. Qué dolor de cabeza, puta madre.",0
"El streamer debería desaparecer, arruina la comunidad y nadie lo quiere aquí.",1
La diputada demuestra ser una pendeja y hay que lincharlo entre todos.,1
EL CANDIDATO SE COMPORTA COMO UNA PENDEJA Y ERES UN PELIGRO SOCIAL.,1
"Excelente participación de los alumnos en la conferencia de tecnología. Qué dolor de cabeza, puta madre.",0
"Qué pendejada acabo de hacer con el café, lo derramé sobre el teclado.",0
ESE HATER NO ES MÁS QUE UNA PLAGA Y ERES UN PELIGRO SOCIAL.,1
Ese hater no es más que una cabrón y deberían banearlo ya.,1
El candidato es una completa pendejo y lárgate de esta plataforma.,1
Esa mujer demuestra ser una basura y deberían banearlo ya.,1
"El examen de la facultad estuvo de la chingada, pero alcancé a pasar.",0
Esa mujer no es más que una mierda y hay que lincharlo entre todos.,1
"Ya valió madre, se cayó el sistema de la escuela otra vez.",0
"Qué pendejada acabo de hacer con el café, lo derramé sobre el teclado. Qué dolor de cabeza, puta madre.",0
"Qué pendejada acabo de hacer con el café, lo derramé sobre el teclado.",0
"El proyecto final de ingeniería quedó agendada para el próximo lunes. Qué dolor de cabeza, puta madre.",0
El candidato se comporta como una idiota y ojalá te pase algo malo.,1
El creador del video se comporta como una parásito y ojalá te pase algo malo.,1
Esa mujer es una completa escoria y eres un peligro social.,1
"El examen de la facultad estuvo de la chingada, pero alcancé a pasar.",0
"Este tipo debería desaparecer, arruina la comunidad y nadie lo quiere aquí.",1
Ese hater se comporta como una imbécil y eres un peligro social.,1
Ese hater resultó ser una imbécil y da asco que exista.,1
Esa mujer es una completa idiota y da asco que exista.,1
El árbitro se comporta como una cabrón y ojalá te pase algo malo.,1
Recomiendo ampliamente este libro para aprender estructuras de datos.,0
El creador del video no es más que una rata y deberían banearlo ya.,1
Este tipo demuestra ser una pendejo y hay que lincharlo entre todos.,1
Esa mujer es una completa basura y hay que lincharlo entre todos.,1
EL MODERADOR ES UNA COMPLETA MISERABLE Y HAY QUE LINCHARLO ENTRE TODOS.,1
El streamer no es más que una cabrón y da asco que exista.,1
EL STREAMER SE COMPORTA COMO UNA RATA Y DA ASCO QUE EXISTA.,1
"Qué pendejada acabo de hacer con el café, lo derramé sobre el teclado.",0
"No mames, está cabrón el tráfico de hoy en la avenida principal. Qué dolor de cabeza, puta madre.",0
"LA DIPUTADA DEBERÍA DESAPARECER, ARRUINA LA COMUNIDAD Y NADIE LO QUIERE AQUÍ.",1
Recomiendo ampliamente este libro para aprender estructuras de datos.,0
El creador del video demuestra ser una ignorante y lárgate de esta plataforma.,1
Esa mujer resultó ser una miserable y ojalá te pase algo malo.,1
Ese hater demuestra ser una cabrón y deberían banearlo ya.,1
El creador del video se comporta como una pendeja y da asco que exista.,1
"Ya valió madre, se cayó el sistema de la escuela otra vez.",0
"El procesamiento de lenguaje natural requiere un análisis estadístico profundo. Qué dolor de cabeza, puta madre.",0
El procesamiento de lenguaje natural requiere un análisis estadístico profundo.,0
El árbitro se comporta como una incompetente y ojalá te pase algo malo.,1
"Ya valió madre, se cayó el sistema de la escuela otra vez. Qué dolor de cabeza, puta madre.",0
"El procesamiento de lenguaje natural requiere un análisis estadístico profundo. Qué dolor de cabeza, puta madre.",0
"Muchas gracias por compartir el enlace con la documentación de la API. Qué dolor de cabeza, puta madre.",0
El proyecto final de ingeniería quedó agendada para el próximo lunes.,0
La diputada es una completa inepto y deberían banearlo ya.,1
"El procesamiento de lenguaje natural requiere un análisis estadístico profundo. Qué dolor de cabeza, puta madre.",0
El creador del video se comporta como una cabrón y da asco que exista.,1
"Qué pendejada acabo de hacer con el café, lo derramé sobre el teclado. Qué dolor de cabeza, puta madre.",0
"El creador del video debería desaparecer, arruina la comunidad y nadie lo quiere aquí.",1
La diputada se comporta como una escoria y ojalá te pase algo malo.,1
"Muchas gracias por compartir el enlace con la documentación de la API. Qué dolor de cabeza, puta madre.",0
La diputada no es más que una cabrón y eres un peligro social.,1
"Está cabrón terminar este proyecto final para el lunes. Qué dolor de cabeza, puta madre.",0
El streamer es una completa cabrón y da asco que exista.,1
El streamer resultó ser una cabrón y hay que lincharlo entre todos.,1
La diputada demuestra ser una rata y deberían banearlo ya.,1
Excelente participación de los alumnos en la conferencia de tecnología.,0
El árbitro es una completa cabrón y hay que lincharlo entre todos.,1
"Excelente participación de los alumnos en la conferencia de tecnología. Qué dolor de cabeza, puta madre.",0
Ese usuario demuestra ser una escoria y eres un peligro social.,1
El candidato no es más que una lacra y eres un peligro social.,1
"El examen de la facultad estuvo de la chingada, pero alcancé a pasar. Qué dolor de cabeza, puta madre.",0
El candidato no es más que una pendeja y deberían banearlo ya.,1
"Ese usuario debería desaparecer, arruina la comunidad y nadie lo quiere aquí.",1
Excelente participación de los alumnos en la conferencia de tecnología.,0
"Ese hater debería desaparecer, arruina la comunidad y nadie lo quiere aquí.",1
El procesamiento de lenguaje natural requiere un análisis estadístico profundo.,0
El moderador se comporta como una parásito y eres un peligro social.,1
El moderador demuestra ser una pendeja y deberían banearlo ya.,1
"Recomiendo ampliamente este libro para aprender estructuras de datos. Qué dolor de cabeza, puta madre.",0
"Esa mujer debería desaparecer, arruina la comunidad y nadie lo quiere aquí.",1
"No mames, está cabrón el tráfico de hoy en la avenida principal.",0
La diputada es una completa ignorante y hay que lincharlo entre todos.,1
Ese usuario no es más que una pendejo y deberían banearlo ya.,1
El creador del video demuestra ser una lacra y hay que lincharlo entre todos.,1
"El moderador debería desaparecer, arruina la comunidad y nadie lo quiere aquí.",1
EL STREAMER DEMUESTRA SER UNA MIERDA Y LÁRGATE DE ESTA PLATAFORMA.,1
El candidato es una completa pendejo y lárgate de esta plataforma.,1
Muchas gracias por compartir el enlace con la documentación de la API.,0
¿Alguien sabe a qué hora abre la biblioteca central de la facultad?,0
"¿Alguien sabe a qué hora abre la biblioteca central de la facultad? Qué dolor de cabeza, puta madre.",0
El árbitro demuestra ser una basura y lárgate de esta plataforma.,1
"Qué pendejo estoy, olvidé el archivo en la otra computadora.",0
El creador del video se comporta como una mierda y da asco que exista.,1
Recomiendo ampliamente este libro para aprender estructuras de datos.,0
La diputada demuestra ser una imbécil y eres un peligro social.,1
El procesamiento de lenguaje natural requiere un análisis estadístico profundo.,0
"No mames, está cabrón el tráfico de hoy en la avenida principal.",0
El creador del video es una completa incompetente y lárgate de esta plataforma.,1
"No mames, está cabrón el tráfico de hoy en la avenida principal. Qué dolor de cabeza, puta madre.",0
"Qué pendejo estoy, olvidé el archivo en la otra computadora.",0
Esa mujer resultó ser una pendeja y deberían banearlo ya.,1
"Está cabrón terminar este proyecto final para el lunes. Qué dolor de cabeza, puta madre.",0
"Qué pendejo estoy, olvidé el archivo en la otra computadora. Qué dolor de cabeza, puta madre.",0
Ese usuario se comporta como una inepto y ojalá te pase algo malo.,1
El árbitro es una completa basura y eres un peligro social.,1
Está cabrón terminar este proyecto final para el lunes.,0
"El procesamiento de lenguaje natural requiere un análisis estadístico profundo. Qué dolor de cabeza, puta madre.",0
Esa mujer es una completa plaga y da asco que exista.,1
Ese usuario resultó ser una inepto y eres un peligro social.,1
"El examen de la facultad estuvo de la chingada, pero alcancé a pasar. Qué dolor de cabeza, puta madre.",0
"No mames, está cabrón el tráfico de hoy en la avenida principal.",0
Ese hater no es más que una pendejo y da asco que exista.,1
"El streamer debería desaparecer, arruina la comunidad y nadie lo quiere aquí.",1
ESTE TIPO DEMUESTRA SER UNA PENDEJO Y OJALÁ TE PASE ALGO MALO.,1
"Está cabrón terminar este proyecto final para el lunes. Qué dolor de cabeza, puta madre.",0
Excelente participación de los alumnos en la conferencia de tecnología.,0
El streamer se comporta como una incompetente y eres un peligro social.,1
"Está cabrón terminar este proyecto final para el lunes. Qué dolor de cabeza, puta madre.",0
"El proyecto final de ingeniería quedó agendada para el próximo lunes. Qué dolor de cabeza, puta madre.",0
"Qué pendejada acabo de hacer con el café, lo derramé sobre el teclado.",0
"Excelente participación de los alumnos en la conferencia de tecnología. Qué dolor de cabeza, puta madre.",0
El árbitro demuestra ser una incompetente y deberían banearlo ya.,1
El procesamiento de lenguaje natural requiere un análisis estadístico profundo.,0
Muchas gracias por compartir el enlace con la documentación de la API.,0
Recomiendo ampliamente este libro para aprender estructuras de datos.,0
"Qué pendejo estoy, olvidé el archivo en la otra computadora.",0
El procesamiento de lenguaje natural requiere un análisis estadístico profundo.,0
El proyecto final de ingeniería quedó agendada para el próximo lunes.,0
EL ÁRBITRO RESULTÓ SER UNA CABRÓN Y OJALÁ TE PASE ALGO MALO.,1
"Qué pendejo estoy, olvidé el archivo en la otra computadora. Qué dolor de cabeza, puta madre.",0
"Muchas gracias por compartir el enlace con la documentación de la API. Qué dolor de cabeza, puta madre.",0
El moderador resultó ser una incompetente y eres un peligro social.,1
"Qué pendejo estoy, olvidé el archivo en la otra computadora. Qué dolor de cabeza, puta madre.",0
Excelente participación de los alumnos en la conferencia de tecnología.,0
Ese usuario no es más que una inepto y hay que lincharlo entre todos.,1
El moderador no es más que una rata y hay que lincharlo entre todos.,1
El árbitro es una completa rata y deberían banearlo ya.,1
Está cabrón terminar este proyecto final para el lunes.,0
Ese hater demuestra ser una lacra y deberían banearlo ya.,1
El streamer es una completa mierda y lárgate de esta plataforma.,1
"Ya valió madre, se cayó el sistema de la escuela otra vez.",0
"El streamer debería desaparecer, arruina la comunidad y nadie lo quiere aquí.",1
El creador del video es una completa basura y deberían banearlo ya.,1
ESTE TIPO DEMUESTRA SER UNA PENDEJO Y DEBERÍAN BANEARLO YA.,1
"No mames, está cabrón el tráfico de hoy en la avenida principal. Qué dolor de cabeza, puta madre.",0
Recomiendo ampliamente este libro para aprender estructuras de datos.,0
¿Alguien sabe a qué hora abre la biblioteca central de la facultad?,0
ESTE TIPO NO ES MÁS QUE UNA CABRÓN Y OJALÁ TE PASE ALGO MALO.,1
El candidato demuestra ser una pendejo y eres un peligro social.,1
El moderador resultó ser una pendejo y deberían banearlo ya.,1
¿Alguien sabe a qué hora abre la biblioteca central de la facultad?,0
Este tipo no es más que una cabrón y hay que lincharlo entre todos.,1
El candidato es una completa imbécil y lárgate de esta plataforma.,1
"El examen de la facultad estuvo de la chingada, pero alcancé a pasar. Qué dolor de cabeza, puta madre.",0
El moderador no es más que una plaga y lárgate de esta plataforma.,1
"No mames, está cabrón el tráfico de hoy en la avenida principal. Qué dolor de cabeza, puta madre.",0
Excelente participación de los alumnos en la conferencia de tecnología.,0
EL CANDIDATO SE COMPORTA COMO UNA PENDEJA Y OJALÁ TE PASE ALGO MALO.,1
EL MODERADOR NO ES MÁS QUE UNA IMBÉCIL Y DA ASCO QUE EXISTA.,1
El candidato demuestra ser una plaga y deberían banearlo ya.,1
"El creador del video debería desaparecer, arruina la comunidad y nadie lo quiere aquí.",1
¿Alguien sabe a qué hora abre la biblioteca central de la facultad?,0
Este tipo es una completa pendejo y da asco que exista.,1
El moderador no es más que una ignorante y ojalá te pase algo malo.,1
El proyecto final de ingeniería quedó agendada para el próximo lunes.,0
"Esa mujer debería desaparecer, arruina la comunidad y nadie lo quiere aquí.",1
Esa mujer resultó ser una ignorante y hay que lincharlo entre todos.,1
La diputada se comporta como una miserable y lárgate de esta plataforma.,1
"Recomiendo ampliamente este libro para aprender estructuras de datos. Qué dolor de cabeza, puta madre.",0
Esa mujer se comporta como una cabrón y deberían banearlo ya.,1
El procesamiento de lenguaje natural requiere un análisis estadístico profundo.,0
"EL ÁRBITRO DEBERÍA DESAPARECER, ARRUINA LA COMUNIDAD Y NADIE LO QUIERE AQUÍ.",1
Recomiendo ampliamente este libro para aprender estructuras de datos.,0
"Qué pendejo estoy, olvidé el archivo en la otra computadora.",0
La diputada es una completa imbécil y lárgate de esta plataforma.,1
"Qué pendejada acabo de hacer con el café, lo derramé sobre el teclado.",0
La diputada es una completa basura y hay que lincharlo entre todos.,1
"Ya valió madre, se cayó el sistema de la escuela otra vez. Qué dolor de cabeza, puta madre.",0
"El examen de la facultad estuvo de la chingada, pero alcancé a pasar.",0
El árbitro demuestra ser una inepto y eres un peligro social.,1
El árbitro es una completa idiota y da asco que exista.,1
Ese usuario es una completa rata y hay que lincharlo entre todos.,1
"El examen de la facultad estuvo de la chingada, pero alcancé a pasar.",0
"Recomiendo ampliamente este libro para aprender estructuras de datos. Qué dolor de cabeza, puta madre.",0
El moderador demuestra ser una lacra y hay que lincharlo entre todos.,1
"Qué pendejo estoy, olvidé el archivo en la otra computadora.",0
Ese hater resultó ser una pendeja y eres un peligro social.,1
Ese usuario no es más que una parásito y da asco que exista.,1
El candidato se comporta como una inepto y da asco que exista.,1
"Muchas gracias por compartir el enlace con la documentación de la API. Qué dolor de cabeza, puta madre.",0
"Ya valió madre, se cayó el sistema de la escuela otra vez. Qué dolor de cabeza, puta madre.",0
"Esa mujer debería desaparecer, arruina la comunidad y nadie lo quiere aquí.",1
"El examen de la facultad estuvo de la chingada, pero alcancé a pasar. Qué dolor de cabeza, puta madre.",0
"Está cabrón terminar este proyecto final para el lunes. Qué dolor de cabeza, puta madre.",0
La diputada resultó ser una ignorante y hay que lincharlo entre todos.,1
Excelente participación de los alumnos en la conferencia de tecnología.,0
"Qué pendejada acabo de hacer con el café, lo derramé sobre el teclado.",0
"Qué pendejo estoy, olvidé el archivo en la otra computadora.",0
Está cabrón terminar este proyecto final para el lunes.,0
¿Alguien sabe a qué hora abre la biblioteca central de la facultad?,0
Este tipo no es más que una imbécil y ojalá te pase algo malo.,1
"No mames, está cabrón el tráfico de hoy en la avenida principal. Qué dolor de cabeza, puta madre.",0
"El examen de la facultad estuvo de la chingada, pero alcancé a pasar.",0
"ESE USUARIO DEBERÍA DESAPARECER, ARRUINA LA COMUNIDAD Y NADIE LO QUIERE AQUÍ.",1
El árbitro se comporta como una pendeja y ojalá te pase algo malo.,1
"Qué pendejo estoy, olvidé el archivo en la otra computadora.",0
"Qué pendejada acabo de hacer con el café, lo derramé sobre el teclado.",0
EL CREADOR DEL VIDEO DEMUESTRA SER UNA IMBÉCIL Y DEBERÍAN BANEARLO YA.,1
Esa mujer se comporta como una imbécil y deberían banearlo ya.,1
El candidato se comporta como una idiota y da asco que exista.,1
"El examen de la facultad estuvo de la chingada, pero alcancé a pasar.",0
"El proyecto final de ingeniería quedó agendada para el próximo lunes. Qué dolor de cabeza, puta madre.",0
"Muchas gracias por compartir el enlace con la documentación de la API. Qué dolor de cabeza, puta madre.",0
"¿Alguien sabe a qué hora abre la biblioteca central de la facultad? Qué dolor de cabeza, puta madre.",0
"No mames, está cabrón el tráfico de hoy en la avenida principal.",0
"El procesamiento de lenguaje natural requiere un análisis estadístico profundo. Qué dolor de cabeza, puta madre.",0
"Muchas gracias por compartir el enlace con la documentación de la API. Qué dolor de cabeza, puta madre.",0
"Qué pendejo estoy, olvidé el archivo en la otra computadora.",0
El creador del video no es más que una miserable y ojalá te pase algo malo.,1
"Ya valió madre, se cayó el sistema de la escuela otra vez. Qué dolor de cabeza, puta madre.",0
Ese usuario demuestra ser una incompetente y ojalá te pase algo malo.,1
"Qué pendejo estoy, olvidé el archivo en la otra computadora. Qué dolor de cabeza, puta madre.",0
El moderador no es más que una escoria y lárgate de esta plataforma.,1
El árbitro demuestra ser una idiota y lárgate de esta plataforma.,1
"Ese usuario debería desaparecer, arruina la comunidad y nadie lo quiere aquí.",1
Ese hater demuestra ser una incompetente y deberían banearlo ya.,1
"El examen de la facultad estuvo de la chingada, pero alcancé a pasar.",0
El candidato resultó ser una rata y lárgate de esta plataforma.,1
El streamer se comporta como una parásito y ojalá te pase algo malo.,1
"Qué pendejo estoy, olvidé el archivo en la otra computadora.",0
"No mames, está cabrón el tráfico de hoy en la avenida principal.",0
"Qué pendejada acabo de hacer con el café, lo derramé sobre el teclado. Qué dolor de cabeza, puta madre.",0
El moderador se comporta como una pendejo y hay que lincharlo entre todos.,1
Está cabrón terminar este proyecto final para el lunes.,0
"El examen de la facultad estuvo de la chingada, pero alcancé a pasar. Qué dolor de cabeza, puta madre.",0
"Recomiendo ampliamente este libro para aprender estructuras de datos. Qué dolor de cabeza, puta madre.",0
Este tipo se comporta como una parásito y eres un peligro social.,1
"Está cabrón terminar este proyecto final para el lunes. Qué dolor de cabeza, puta madre.",0
El candidato se comporta como una cabrón y da asco que exista.,1
Está cabrón terminar este proyecto final para el lunes.,0
ESTE TIPO ES UNA COMPLETA IGNORANTE Y LÁRGATE DE ESTA PLATAFORMA.,1
"Qué pendejada acabo de hacer con el café, lo derramé sobre el teclado. Qué dolor de cabeza, puta madre.",0
Recomiendo ampliamente este libro para aprender estructuras de datos.,0
ESA MUJER DEMUESTRA SER UNA LACRA Y HAY QUE LINCHARLO ENTRE TODOS.,1
"Qué pendejada acabo de hacer con el café, lo derramé sobre el teclado. Qué dolor de cabeza, puta madre.",0
"Qué pendejo estoy, olvidé el archivo en la otra computadora. Qué dolor de cabeza, puta madre.",0
"Qué pendejo estoy, olvidé el archivo en la otra computadora.",0
Está cabrón terminar este proyecto final para el lunes.,0
"Qué pendejada acabo de hacer con el café, lo derramé sobre el teclado.",0
"No mames, está cabrón el tráfico de hoy en la avenida principal.",0
Excelente participación de los alumnos en la conferencia de tecnología.,0
"Qué pendejo estoy, olvidé el archivo en la otra computadora.",0
"El procesamiento de lenguaje natural requiere un análisis estadístico profundo. Qué dolor de cabeza, puta madre.",0
El candidato demuestra ser una incompetente y deberían banearlo ya.,1
El candidato se comporta como una basura y lárgate de esta plataforma.,1
"EL MODERADOR DEBERÍA DESAPARECER, ARRUINA LA COMUNIDAD Y NADIE LO QUIERE AQUÍ.",1
Muchas gracias por compartir el enlace con la documentación de la API.,0
El proyecto final de ingeniería quedó agendada para el próximo lunes.,0
"El examen de la facultad estuvo de la chingada, pero alcancé a pasar. Qué dolor de cabeza, puta madre.",0
El proyecto final de ingeniería quedó agendada para el próximo lunes.,0
LA DIPUTADA DEMUESTRA SER UNA CABRÓN Y LÁRGATE DE ESTA PLATAFORMA.,1
ESE HATER NO ES MÁS QUE UNA INEPTO Y ERES UN PELIGRO SOCIAL.,1
La diputada demuestra ser una basura y ojalá te pase algo malo.,1
Está cabrón terminar este proyecto final para el lunes.,0
Este tipo demuestra ser una rata y ojalá te pase algo malo.,1
La diputada es una completa basura y deberían banearlo ya.,1
El candidato demuestra ser una pendeja y hay que lincharlo entre todos.,1
El proyecto final de ingeniería quedó agendada para el próximo lunes.,0
Esa mujer se comporta como una parásito y deberían banearlo ya.,1
"No mames, está cabrón el tráfico de hoy en la avenida principal.",0
Muchas gracias por compartir el enlace con la documentación de la API.,0
EL CANDIDATO ES UNA COMPLETA BASURA Y HAY QUE LINCHARLO ENTRE TODOS.,1
Ese usuario se comporta como una miserable y hay que lincharlo entre todos.,1
Esa mujer se comporta como una parásito y da asco que exista.,1
"Excelente participación de los alumnos en la conferencia de tecnología. Qué dolor de cabeza, puta madre.",0
El proyecto final de ingeniería quedó agendada para el próximo lunes.,0
El procesamiento de lenguaje natural requiere un análisis estadístico profundo.,0
Esa mujer se comporta como una basura y lárgate de esta plataforma.,1
Este tipo se comporta como una incompetente y lárgate de esta plataforma.,1
El streamer no es más que una mierda y ojalá te pase algo malo.,1
El candidato resultó ser una ignorante y eres un peligro social.,1
El creador del video demuestra ser una ignorante y da asco que exista.,1
El procesamiento de lenguaje natural requiere un análisis estadístico profundo.,0
"Ya valió madre, se cayó el sistema de la escuela otra vez.",0
Este tipo resultó ser una pendeja y eres un peligro social.,1
La diputada es una completa rata y ojalá te pase algo malo.,1
Ese hater resultó ser una lacra y lárgate de esta plataforma.,1
"Está cabrón terminar este proyecto final para el lunes. Qué dolor de cabeza, puta madre.",0
EL STREAMER SE COMPORTA COMO UNA PENDEJA Y LÁRGATE DE ESTA PLATAFORMA.,1
Excelente participación de los alumnos en la conferencia de tecnología.,0
Ese usuario es una completa miserable y lárgate de esta plataforma.,1
El candidato es una completa rata y lárgate de esta plataforma.,1
Muchas gracias por compartir el enlace con la documentación de la API.,0
Este tipo demuestra ser una cabrón y lárgate de esta plataforma.,1
"El creador del video debería desaparecer, arruina la comunidad y nadie lo quiere aquí.",1
"Ya valió madre, se cayó el sistema de la escuela otra vez. Qué dolor de cabeza, puta madre.",0
"Qué pendejada acabo de hacer con el café, lo derramé sobre el teclado.",0
EL ÁRBITRO DEMUESTRA SER UNA MISERABLE Y OJALÁ TE PASE ALGO MALO.,1
"El examen de la facultad estuvo de la chingada, pero alcancé a pasar.",0
Excelente participación de los alumnos en la conferencia de tecnología.,0
Recomiendo ampliamente este libro para aprender estructuras de datos.,0
Este tipo se comporta como una pendeja y lárgate de esta plataforma.,1
La diputada no es más que una pendejo y eres un peligro social.,1
"El examen de la facultad estuvo de la chingada, pero alcancé a pasar. Qué dolor de cabeza, puta madre.",0
"Muchas gracias por compartir el enlace con la documentación de la API. Qué dolor de cabeza, puta madre.",0
El árbitro se comporta como una ignorante y lárgate de esta plataforma.,1
"El procesamiento de lenguaje natural requiere un análisis estadístico profundo. Qué dolor de cabeza, puta madre.",0
¿Alguien sabe a qué hora abre la biblioteca central de la facultad?,0
El candidato es una completa pendeja y deberían banearlo ya.,1
El candidato se comporta como una lacra y da asco que exista.,1
"Ya valió madre, se cayó el sistema de la escuela otra vez. Qué dolor de cabeza, puta madre.",0
Ese hater demuestra ser una ignorante y hay que lincharlo entre todos.,1
El proyecto final de ingeniería quedó agendada para el próximo lunes.,0
"Qué pendejo estoy, olvidé el archivo en la otra computadora.",0
Este tipo es una completa ignorante y da asco que exista.,1
El moderador no es más que una cabrón y eres un peligro social.,1
"Qué pendejo estoy, olvidé el archivo en la otra computadora. Qué dolor de cabeza, puta madre.",0
"Este tipo debería desaparecer, arruina la comunidad y nadie lo quiere aquí.",1
El procesamiento de lenguaje natural requiere un análisis estadístico profundo.,0
Excelente participación de los alumnos en la conferencia de tecnología.,0
"El examen de la facultad estuvo de la chingada, pero alcancé a pasar. Qué dolor de cabeza, puta madre.",0
La diputada no es más que una parásito y eres un peligro social.,1
El candidato demuestra ser una lacra y da asco que exista.,1
"Ya valió madre, se cayó el sistema de la escuela otra vez. Qué dolor de cabeza, puta madre.",0
"La diputada debería desaparecer, arruina la comunidad y nadie lo quiere aquí.",1
ESE USUARIO ES UNA COMPLETA PENDEJA Y ERES UN PELIGRO SOCIAL.,1
EL CANDIDATO SE COMPORTA COMO UNA INCOMPETENTE Y OJALÁ TE PASE ALGO MALO.,1
Este tipo resultó ser una basura y ojalá te pase algo malo.,1
El candidato resultó ser una miserable y hay que lincharlo entre todos.,1
LA DIPUTADA NO ES MÁS QUE UNA IDIOTA Y LÁRGATE DE ESTA PLATAFORMA.,1
Está cabrón terminar este proyecto final para el lunes.,0
Este tipo es una completa mierda y ojalá te pase algo malo.,1
El creador del video no es más que una plaga y hay que lincharlo entre todos.,1
"ESE USUARIO DEBERÍA DESAPARECER, ARRUINA LA COMUNIDAD Y NADIE LO QUIERE AQUÍ.",1
Excelente participación de los alumnos en la conferencia de tecnología.,0
Este tipo se comporta como una rata y ojalá te pase algo malo.,1
"¿Alguien sabe a qué hora abre la biblioteca central de la facultad? Qué dolor de cabeza, puta madre.",0
"Ya valió madre, se cayó el sistema de la escuela otra vez. Qué dolor de cabeza, puta madre.",0
"El examen de la facultad estuvo de la chingada, pero alcancé a pasar.",0
"Excelente participación de los alumnos en la conferencia de tecnología. Qué dolor de cabeza, puta madre.",0
El streamer no es más que una idiota y ojalá te pase algo malo.,1
"El examen de la facultad estuvo de la chingada, pero alcancé a pasar.",0
El árbitro demuestra ser una pendeja y lárgate de esta plataforma.,1
El streamer resultó ser una pendeja y hay que lincharlo entre todos.,1
El árbitro se comporta como una miserable y ojalá te pase algo malo.,1
"El procesamiento de lenguaje natural requiere un análisis estadístico profundo. Qué dolor de cabeza, puta madre.",0
El moderador resultó ser una inepto y ojalá te pase algo malo.,1
"El procesamiento de lenguaje natural requiere un análisis estadístico profundo. Qué dolor de cabeza, puta madre.",0
Muchas gracias por compartir el enlace con la documentación de la API.,0
Ese usuario resultó ser una lacra y lárgate de esta plataforma.,1
"El examen de la facultad estuvo de la chingada, pero alcancé a pasar.",0
Ese hater no es más que una inepto y ojalá te pase algo malo.,1
La diputada demuestra ser una pendeja y deberían banearlo ya.,1
Esa mujer resultó ser una pendeja y ojalá te pase algo malo.,1
"ESE USUARIO DEBERÍA DESAPARECER, ARRUINA LA COMUNIDAD Y NADIE LO QUIERE AQUÍ.",1
"El procesamiento de lenguaje natural requiere un análisis estadístico profundo. Qué dolor de cabeza, puta madre.",0
ESE USUARIO SE COMPORTA COMO UNA IDIOTA Y DEBERÍAN BANEARLO YA.,1
La diputada se comporta como una inepto y da asco que exista.,1
Esa mujer es una completa parásito y hay que lincharlo entre todos.,1
Muchas gracias por compartir el enlace con la documentación de la API.,0
Está cabrón terminar este proyecto final para el lunes.,0
El streamer demuestra ser una incompetente y eres un peligro social.,1
"Qué pendejo estoy, olvidé el archivo en la otra computadora. Qué dolor de cabeza, puta madre.",0
Muchas gracias por compartir el enlace con la documentación de la API.,0
"Muchas gracias por compartir el enlace con la documentación de la API. Qué dolor de cabeza, puta madre.",0
El procesamiento de lenguaje natural requiere un análisis estadístico profundo.,0
El streamer resultó ser una pendejo y deberían banearlo ya.,1
EL CREADOR DEL VIDEO RESULTÓ SER UNA PLAGA Y OJALÁ TE PASE ALGO MALO.,1
El moderador demuestra ser una ignorante y hay que lincharlo entre todos.,1
ESE USUARIO ES UNA COMPLETA IMBÉCIL Y HAY QUE LINCHARLO ENTRE TODOS.,1
"Ya valió madre, se cayó el sistema de la escuela otra vez. Qué dolor de cabeza, puta madre.",0
ESE HATER NO ES MÁS QUE UNA LACRA Y DA ASCO QUE EXISTA.,1
El árbitro se comporta como una imbécil y eres un peligro social.,1
El candidato se comporta como una escoria y deberían banearlo ya.,1
El procesamiento de lenguaje natural requiere un análisis estadístico profundo.,0
¿Alguien sabe a qué hora abre la biblioteca central de la facultad?,0
¿Alguien sabe a qué hora abre la biblioteca central de la facultad?,0
"Muchas gracias por compartir el enlace con la documentación de la API. Qué dolor de cabeza, puta madre.",0
El creador del video se comporta como una inepto y deberían banearlo ya.,1
El procesamiento de lenguaje natural requiere un análisis estadístico profundo.,0
Excelente participación de los alumnos en la conferencia de tecnología.,0
EL STREAMER ES UNA COMPLETA LACRA Y DEBERÍAN BANEARLO YA.,1
Ese hater no es más que una mierda y deberían banearlo ya.,1
Está cabrón terminar este proyecto final para el lunes.,0
"Qué pendejo estoy, olvidé el archivo en la otra computadora. Qué dolor de cabeza, puta madre.",0
EL MODERADOR SE COMPORTA COMO UNA MISERABLE Y LÁRGATE DE ESTA PLATAFORMA.,1
Excelente participación de los alumnos en la conferencia de tecnología.,0
¿Alguien sabe a qué hora abre la biblioteca central de la facultad?,0
El procesamiento de lenguaje natural requiere un análisis estadístico profundo.,0
Esa mujer demuestra ser una imbécil y deberían banearlo ya.,1
Muchas gracias por compartir el enlace con la documentación de la API.,0
"No mames, está cabrón el tráfico de hoy en la avenida principal.",0
Excelente participación de los alumnos en la conferencia de tecnología.,0
Ese hater es una completa pendeja y da asco que exista.,1
Está cabrón terminar este proyecto final para el lunes.,0
"ESE USUARIO DEBERÍA DESAPARECER, ARRUINA LA COMUNIDAD Y NADIE LO QUIERE AQUÍ.",1
"Qué pendejo estoy, olvidé el archivo en la otra computadora.",0
Muchas gracias por compartir el enlace con la documentación de la API.,0
"Qué pendejo estoy, olvidé el archivo en la otra computadora. Qué dolor de cabeza, puta madre.",0
Muchas gracias por compartir el enlace con la documentación de la API.,0
EL CANDIDATO NO ES MÁS QUE UNA IDIOTA Y DA ASCO QUE EXISTA.,1
La diputada es una completa inepto y deberían banearlo ya.,1
Está cabrón terminar este proyecto final para el lunes.,0
El proyecto final de ingeniería quedó agendada para el próximo lunes.,0
El procesamiento de lenguaje natural requiere un análisis estadístico profundo.,0
"No mames, está cabrón el tráfico de hoy en la avenida principal.",0
"Ya valió madre, se cayó el sistema de la escuela otra vez. Qué dolor de cabeza, puta madre.",0
"El examen de la facultad estuvo de la chingada, pero alcancé a pasar.",0
"El proyecto final de ingeniería quedó agendada para el próximo lunes. Qué dolor de cabeza, puta madre.",0
"No mames, está cabrón el tráfico de hoy en la avenida principal. Qué dolor de cabeza, puta madre.",0
"Qué pendejo estoy, olvidé el archivo en la otra computadora. Qué dolor de cabeza, puta madre.",0
Este tipo se comporta como una ignorante y hay que lincharlo entre todos.,1
Ese hater es una completa inepto y lárgate de esta plataforma.,1
El streamer no es más que una incompetente y da asco que exista.,1
"El árbitro debería desaparecer, arruina la comunidad y nadie lo quiere aquí.",1
"¿Alguien sabe a qué hora abre la biblioteca central de la facultad? Qué dolor de cabeza, puta madre.",0
Este tipo se comporta como una imbécil y lárgate de esta plataforma.,1
"Ya valió madre, se cayó el sistema de la escuela otra vez.",0
El moderador no es más que una parásito y da asco que exista.,1
"Qué pendejo estoy, olvidé el archivo en la otra computadora.",0
El creador del video no es más que una cabrón y ojalá te pase algo malo.,1
"El moderador debería desaparecer, arruina la comunidad y nadie lo quiere aquí.",1
LA DIPUTADA RESULTÓ SER UNA MIERDA Y LÁRGATE DE ESTA PLATAFORMA.,1
"Ese usuario debería desaparecer, arruina la comunidad y nadie lo quiere aquí.",1
El árbitro resultó ser una parásito y deberían banearlo ya.,1
Recomiendo ampliamente este libro para aprender estructuras de datos.,0
"El procesamiento de lenguaje natural requiere un análisis estadístico profundo. Qué dolor de cabeza, puta madre.",0
Ese usuario se comporta como una inepto y da asco que exista.,1
"Está cabrón terminar este proyecto final para el lunes. Qué dolor de cabeza, puta madre.",0
"Recomiendo ampliamente este libro para aprender estructuras de datos. Qué dolor de cabeza, puta madre.",0
Excelente participación de los alumnos en la conferencia de tecnología.,0
"Qué pendejo estoy, olvidé el archivo en la otra computadora. Qué dolor de cabeza, puta madre.",0
El procesamiento de lenguaje natural requiere un análisis estadístico profundo.,0
"Qué pendejada acabo de hacer con el café, lo derramé sobre el teclado.",0
El streamer resultó ser una escoria y hay que lincharlo entre todos.,1
El creador del video resultó ser una mierda y da asco que exista.,1
Muchas gracias por compartir el enlace con la documentación de la API.,0
El creador del video es una completa miserable y lárgate de esta plataforma.,1
El candidato resultó ser una pendeja y da asco que exista.,1
El candidato demuestra ser una plaga y ojalá te pase algo malo.,1
EL CANDIDATO SE COMPORTA COMO UNA IMBÉCIL Y ERES UN PELIGRO SOCIAL.,1
Ese hater resultó ser una pendejo y deberían banearlo ya.,1
"Qué pendejada acabo de hacer con el café, lo derramé sobre el teclado.",0
El creador del video resultó ser una cabrón y da asco que exista.,1
El árbitro es una completa incompetente y hay que lincharlo entre todos.,1
"Qué pendejada acabo de hacer con el café, lo derramé sobre el teclado.",0
La diputada resultó ser una inepto y hay que lincharlo entre todos.,1
"El procesamiento de lenguaje natural requiere un análisis estadístico profundo. Qué dolor de cabeza, puta madre.",0
"No mames, está cabrón el tráfico de hoy en la avenida principal. Qué dolor de cabeza, puta madre.",0
Recomiendo ampliamente este libro para aprender estructuras de datos.,0
"El moderador debería desaparecer, arruina la comunidad y nadie lo quiere aquí.",1
Este tipo no es más que una idiota y deberían banearlo ya.,1
ESE USUARIO RESULTÓ SER UNA INEPTO Y ERES UN PELIGRO SOCIAL.,1
"Qué pendejo estoy, olvidé el archivo en la otra computadora.",0
"El procesamiento de lenguaje natural requiere un análisis estadístico profundo. Qué dolor de cabeza, puta madre.",0
"El examen de la facultad estuvo de la chingada, pero alcancé a pasar. Qué dolor de cabeza, puta madre.",0
"El examen de la facultad estuvo de la chingada, pero alcancé a pasar. Qué dolor de cabeza, puta madre.",0
El creador del video no es más que una imbécil y lárgate de esta plataforma.,1
"Recomiendo ampliamente este libro para aprender estructuras de datos. Qué dolor de cabeza, puta madre.",0
Esa mujer se comporta como una parásito y deberían banearlo ya.,1
"Qué pendejada acabo de hacer con el café, lo derramé sobre el teclado.",0
El proyecto final de ingeniería quedó agendada para el próximo lunes.,0
El candidato es una completa ignorante y lárgate de esta plataforma.,1
El streamer no es más que una lacra y eres un peligro social.,1
"Esa mujer debería desaparecer, arruina la comunidad y nadie lo quiere aquí.",1
Está cabrón terminar este proyecto final para el lunes.,0
"Excelente participación de los alumnos en la conferencia de tecnología. Qué dolor de cabeza, puta madre.",0
ESTE TIPO DEMUESTRA SER UNA LACRA Y HAY QUE LINCHARLO ENTRE TODOS.,1
"Qué pendejo estoy, olvidé el archivo en la otra computadora.",0
"No mames, está cabrón el tráfico de hoy en la avenida principal.",0
"El proyecto final de ingeniería quedó agendada para el próximo lunes. Qué dolor de cabeza, puta madre.",0
Ese usuario se comporta como una plaga y ojalá te pase algo malo.,1
Ese hater demuestra ser una basura y lárgate de esta plataforma.,1
"El examen de la facultad estuvo de la chingada, pero alcancé a pasar.",0
"No mames, está cabrón el tráfico de hoy en la avenida principal.",0
La diputada es una completa rata y eres un peligro social.,1
Este tipo demuestra ser una basura y ojalá te pase algo malo.,1
EL CREADOR DEL VIDEO ES UNA COMPLETA MISERABLE Y HAY QUE LINCHARLO ENTRE TODOS.,1
La diputada es una completa miserable y deberían banearlo ya.,1
"Esa mujer debería desaparecer, arruina la comunidad y nadie lo quiere aquí.",1
El creador del video es una completa cabrón y ojalá te pase algo malo.,1
El streamer es una completa idiota y eres un peligro social.,1
ESTE TIPO DEMUESTRA SER UNA CABRÓN Y OJALÁ TE PASE ALGO MALO.,1
El creador del video demuestra ser una ignorante y eres un peligro social.,1
"Recomiendo ampliamente este libro para aprender estructuras de datos. Qué dolor de cabeza, puta madre.",0
La diputada es una completa idiota y eres un peligro social.,1
ESE HATER RESULTÓ SER UNA PENDEJA Y LÁRGATE DE ESTA PLATAFORMA.,1
El árbitro resultó ser una basura y ojalá te pase algo malo.,1
"Está cabrón terminar este proyecto final para el lunes. Qué dolor de cabeza, puta madre.",0
"El examen de la facultad estuvo de la chingada, pero alcancé a pasar.",0
"Ya valió madre, se cayó el sistema de la escuela otra vez. Qué dolor de cabeza, puta madre.",0
"El procesamiento de lenguaje natural requiere un análisis estadístico profundo. Qué dolor de cabeza, puta madre.",0
El moderador se comporta como una mierda y lárgate de esta plataforma.,1
El proyecto final de ingeniería quedó agendada para el próximo lunes.,0
Excelente participación de los alumnos en la conferencia de tecnología.,0
El candidato no es más que una inepto y lárgate de esta plataforma.,1
EL CREADOR DEL VIDEO RESULTÓ SER UNA RATA Y DEBERÍAN BANEARLO YA.,1
"No mames, está cabrón el tráfico de hoy en la avenida principal.",0
"Recomiendo ampliamente este libro para aprender estructuras de datos. Qué dolor de cabeza, puta madre.",0
La diputada no es más que una mierda y da asco que exista.,1
Esa mujer se comporta como una rata y ojalá te pase algo malo.,1
La diputada demuestra ser una basura y deberían banearlo ya.,1
EL STREAMER ES UNA COMPLETA PLAGA Y HAY QUE LINCHARLO ENTRE TODOS.,1
Está cabrón terminar este proyecto final para el lunes.,0
El moderador es una completa lacra y eres un peligro social.,1
"Qué pendejada acabo de hacer con el café, lo derramé sobre el teclado. Qué dolor de cabeza, puta madre.",0
"Ya valió madre, se cayó el sistema de la escuela otra vez.",0
¿Alguien sabe a qué hora abre la biblioteca central de la facultad?,0
El streamer resultó ser una basura y da asco que exista.,1
Ese usuario es una completa mierda y da asco que exista.,1
"Qué pendejada acabo de hacer con el café, lo derramé sobre el teclado.",0
El moderador demuestra ser una lacra y eres un peligro social.,1
EL CREADOR DEL VIDEO RESULTÓ SER UNA RATA Y DA ASCO QUE EXISTA.,1
"El examen de la facultad estuvo de la chingada, pero alcancé a pasar.",0
¿Alguien sabe a qué hora abre la biblioteca central de la facultad?,0
El creador del video se comporta como una rata y da asco que exista.,1
"Ya valió madre, se cayó el sistema de la escuela otra vez.",0
"Qué pendejada acabo de hacer con el café, lo derramé sobre el teclado.",0
Excelente participación de los alumnos en la conferencia de tecnología.,0
"Muchas gracias por compartir el enlace con la documentación de la API. Qué dolor de cabeza, puta madre.",0
"El proyecto final de ingeniería quedó agendada para el próximo lunes. Qué dolor de cabeza, puta madre.",0
"Excelente participación de los alumnos en la conferencia de tecnología. Qué dolor de cabeza, puta madre.",0
Muchas gracias por compartir el enlace con la documentación de la API.,0
¿Alguien sabe a qué hora abre la biblioteca central de la facultad?,0
Ese usuario demuestra ser una plaga y deberían banearlo ya.,1
El moderador resultó ser una imbécil y eres un peligro social.,1
El árbitro demuestra ser una pendejo y deberían banearlo ya.,1
El árbitro es una completa mierda y da asco que exista.,1
¿Alguien sabe a qué hora abre la biblioteca central de la facultad?,0
EL CREADOR DEL VIDEO RESULTÓ SER UNA MIERDA Y OJALÁ TE PASE ALGO MALO.,1
¿Alguien sabe a qué hora abre la biblioteca central de la facultad?,0
"Qué pendejada acabo de hacer con el café, lo derramé sobre el teclado.",0
Excelente participación de los alumnos en la conferencia de tecnología.,0
Este tipo se comporta como una pendeja y ojalá te pase algo malo.,1
EL STREAMER NO ES MÁS QUE UNA CABRÓN Y HAY QUE LINCHARLO ENTRE TODOS.,1
El árbitro es una completa imbécil y hay que lincharlo entre todos.,1
"No mames, está cabrón el tráfico de hoy en la avenida principal. Qué dolor de cabeza, puta madre.",0
El creador del video es una completa cabrón y eres un peligro social.,1
El candidato se comporta como una idiota y lárgate de esta plataforma.,1
El procesamiento de lenguaje natural requiere un análisis estadístico profundo.,0
Ese hater no es más que una miserable y da asco que exista.,1
ESE USUARIO SE COMPORTA COMO UNA PARÁSITO Y DA ASCO QUE EXISTA.,1
"Qué pendejo estoy, olvidé el archivo en la otra computadora. Qué dolor de cabeza, puta madre.",0
Esa mujer resultó ser una miserable y ojalá te pase algo malo.,1
"Ese hater debería desaparecer, arruina la comunidad y nadie lo quiere aquí.",1
El candidato demuestra ser una imbécil y deberían banearlo ya.,1
"Ya valió madre, se cayó el sistema de la escuela otra vez.",0
ESTE TIPO RESULTÓ SER UNA ESCORIA Y DA ASCO QUE EXISTA.,1
"El examen de la facultad estuvo de la chingada, pero alcancé a pasar.",0
Esa mujer resultó ser una miserable y ojalá te pase algo malo.,1
Está cabrón terminar este proyecto final para el lunes.,0
"Qué pendejada acabo de hacer con el café, lo derramé sobre el teclado.",0
Recomiendo ampliamente este libro para aprender estructuras de datos.,0
Este tipo se comporta como una imbécil y da asco que exista.,1
"El examen de la facultad estuvo de la chingada, pero alcancé a pasar.",0
El árbitro es una completa inepto y lárgate de esta plataforma.,1
"Qué pendejo estoy, olvidé el archivo en la otra computadora.",0
"Está cabrón terminar este proyecto final para el lunes. Qué dolor de cabeza, puta madre.",0
EL CREADOR DEL VIDEO DEMUESTRA SER UNA ESCORIA Y OJALÁ TE PASE ALGO MALO.,1
Esa mujer demuestra ser una basura y deberían banearlo ya.,1
"Qué pendejo estoy, olvidé el archivo en la otra computadora.",0
Ese usuario demuestra ser una basura y deberían banearlo ya.,1
"Ya valió madre, se cayó el sistema de la escuela otra vez.",0
Este tipo es una completa escoria y da asco que exista.,1
El proyecto final de ingeniería quedó agendada para el próximo lunes.,0
Este tipo es una completa mierda y eres un peligro social.,1
Este tipo resultó ser una miserable y deberían banearlo ya.,1
Este tipo se comporta como una miserable y eres un peligro social.,1
El candidato demuestra ser una escoria y ojalá te pase algo malo.,1
"No mames, está cabrón el tráfico de hoy en la avenida principal.",0
El candidato resultó ser una parásito y deberían banearlo ya.,1
EL MODERADOR DEMUESTRA SER UNA MISERABLE Y DA ASCO QUE EXISTA.,1
"El árbitro debería desaparecer, arruina la comunidad y nadie lo quiere aquí.",1
El proyecto final de ingeniería quedó agendada para el próximo lunes.,0
El candidato resultó ser una escoria y deberían banearlo ya.,1
El moderador resultó ser una parásito y eres un peligro social.,1
"Ya valió madre, se cayó el sistema de la escuela otra vez.",0
El streamer resultó ser una imbécil y hay que lincharlo entre todos.,1
"La diputada debería desaparecer, arruina la comunidad y nadie lo quiere aquí.",1
"Qué pendejo estoy, olvidé el archivo en la otra computadora.",0
"Ya valió madre, se cayó el sistema de la escuela otra vez. Qué dolor de cabeza, puta madre.",0
LA DIPUTADA RESULTÓ SER UNA PENDEJA Y OJALÁ TE PASE ALGO MALO.,1
Muchas gracias por compartir el enlace con la documentación de la API.,0
"El examen de la facultad estuvo de la chingada, pero alcancé a pasar. Qué dolor de cabeza, puta madre.",0
"No mames, está cabrón el tráfico de hoy en la avenida principal.",0
Muchas gracias por compartir el enlace con la documentación de la API.,0
"El creador del video debería desaparecer, arruina la comunidad y nadie lo quiere aquí.",1
El creador del video demuestra ser una pendejo y da asco que exista.,1
El streamer demuestra ser una idiota y ojalá te pase algo malo.,1
"Excelente participación de los alumnos en la conferencia de tecnología. Qué dolor de cabeza, puta madre.",0
El candidato se comporta como una mierda y ojalá te pase algo malo.,1
Esa mujer es una completa imbécil y eres un peligro social.,1
ESA MUJER SE COMPORTA COMO UNA IDIOTA Y LÁRGATE DE ESTA PLATAFORMA.,1
Muchas gracias por compartir el enlace con la documentación de la API.,0
La diputada se comporta como una basura y hay que lincharlo entre todos.,1
"Ya valió madre, se cayó el sistema de la escuela otra vez. Qué dolor de cabeza, puta madre.",0
El moderador no es más que una inepto y da asco que exista.,1
"No mames, está cabrón el tráfico de hoy en la avenida principal. Qué dolor de cabeza, puta madre.",0
"Ya valió madre, se cayó el sistema de la escuela otra vez.",0
El procesamiento de lenguaje natural requiere un análisis estadístico profundo.,0
El moderador no es más que una pendeja y ojalá te pase algo malo.,1
Muchas gracias por compartir el enlace con la documentación de la API.,0
El candidato no es más que una rata y deberían banearlo ya.,1
El streamer demuestra ser una escoria y deberían banearlo ya.,1
"Ya valió madre, se cayó el sistema de la escuela otra vez.",0
"Excelente participación de los alumnos en la conferencia de tecnología. Qué dolor de cabeza, puta madre.",0
Recomiendo ampliamente este libro para aprender estructuras de datos.,0
El streamer es una completa miserable y ojalá te pase algo malo.,1
El candidato se comporta como una idiota y ojalá te pase algo malo.,1
Este tipo se comporta como una idiota y deberían banearlo ya.,1
El moderador demuestra ser una ignorante y da asco que exista.,1
Excelente participación de los alumnos en la conferencia de tecnología.,0
"Ya valió madre, se cayó el sistema de la escuela otra vez.",0
El candidato es una completa idiota y ojalá te pase algo malo.,1
¿Alguien sabe a qué hora abre la biblioteca central de la facultad?,0
"Qué pendejo estoy, olvidé el archivo en la otra computadora. Qué dolor de cabeza, puta madre.",0
ESA MUJER ES UNA COMPLETA LACRA Y DA ASCO QUE EXISTA.,1
El moderador es una completa miserable y ojalá te pase algo malo.,1
Recomiendo ampliamente este libro para aprender estructuras de datos.,0
"El proyecto final de ingeniería quedó agendada para el próximo lunes. Qué dolor de cabeza, puta madre.",0
"¿Alguien sabe a qué hora abre la biblioteca central de la facultad? Qué dolor de cabeza, puta madre.",0
Ese usuario no es más que una imbécil y lárgate de esta plataforma.,1
Ese hater se comporta como una ignorante y hay que lincharlo entre todos.,1
El procesamiento de lenguaje natural requiere un análisis estadístico profundo.,0
"El examen de la facultad estuvo de la chingada, pero alcancé a pasar. Qué dolor de cabeza, puta madre.",0
El árbitro se comporta como una lacra y eres un peligro social.,1
"Qué pendejo estoy, olvidé el archivo en la otra computadora.",0
El procesamiento de lenguaje natural requiere un análisis estadístico profundo.,0
"El creador del video debería desaparecer, arruina la comunidad y nadie lo quiere aquí.",1
"Ya valió madre, se cayó el sistema de la escuela otra vez. Qué dolor de cabeza, puta madre.",0
Esa mujer no es más que una pendejo y deberían banearlo ya.,1
El árbitro resultó ser una escoria y lárgate de esta plataforma.,1
El streamer no es más que una mierda y da asco que exista.,1
El candidato es una completa ignorante y deberían banearlo ya.,1
La diputada demuestra ser una inepto y lárgate de esta plataforma.,1
Ese hater se comporta como una idiota y lárgate de esta plataforma.,1
"El examen de la facultad estuvo de la chingada, pero alcancé a pasar.",0
ESE USUARIO NO ES MÁS QUE UNA PARÁSITO Y HAY QUE LINCHARLO ENTRE TODOS.,1
EL ÁRBITRO NO ES MÁS QUE UNA INCOMPETENTE Y HAY QUE LINCHARLO ENTRE TODOS.,1
Ese usuario es una completa mierda y hay que lincharlo entre todos.,1
"Qué pendejada acabo de hacer con el café, lo derramé sobre el teclado. Qué dolor de cabeza, puta madre.",0
Ese hater resultó ser una lacra y lárgate de esta plataforma.,1
"Este tipo debería desaparecer, arruina la comunidad y nadie lo quiere aquí.",1
"El examen de la facultad estuvo de la chingada, pero alcancé a pasar. Qué dolor de cabeza, puta madre.",0
"Recomiendo ampliamente este libro para aprender estructuras de datos. Qué dolor de cabeza, puta madre.",0
EL MODERADOR ES UNA COMPLETA PENDEJA Y HAY QUE LINCHARLO ENTRE TODOS.,1
Ese hater es una completa pendejo y deberían banearlo ya.,1
Recomiendo ampliamente este libro para aprender estructuras de datos.,0
Esa mujer demuestra ser una rata y lárgate de esta plataforma.,1
ESA MUJER RESULTÓ SER UNA ESCORIA Y LÁRGATE DE ESTA PLATAFORMA.,1
"Qué pendejada acabo de hacer con el café, lo derramé sobre el teclado.",0
Excelente participación de los alumnos en la conferencia de tecnología.,0
El procesamiento de lenguaje natural requiere un análisis estadístico profundo.,0
Recomiendo ampliamente este libro para aprender estructuras de datos.,0
"Ya valió madre, se cayó el sistema de la escuela otra vez. Qué dolor de cabeza, puta madre.",0
EL STREAMER SE COMPORTA COMO UNA ESCORIA Y HAY QUE LINCHARLO ENTRE TODOS.,1
El creador del video se comporta como una miserable y lárgate de esta plataforma.,1
"El árbitro debería desaparecer, arruina la comunidad y nadie lo quiere aquí.",1
"El proyecto final de ingeniería quedó agendada para el próximo lunes. Qué dolor de cabeza, puta madre.",0
¿Alguien sabe a qué hora abre la biblioteca central de la facultad?,0
LA DIPUTADA DEMUESTRA SER UNA PENDEJO Y DEBERÍAN BANEARLO YA.,1
El moderador resultó ser una cabrón y deberían banearlo ya.,1
"No mames, está cabrón el tráfico de hoy en la avenida principal. Qué dolor de cabeza, puta madre.",0
"Ese hater debería desaparecer, arruina la comunidad y nadie lo quiere aquí.",1
Está cabrón terminar este proyecto final para el lunes.,0
¿Alguien sabe a qué hora abre la biblioteca central de la facultad?,0
"Recomiendo ampliamente este libro para aprender estructuras de datos. Qué dolor de cabeza, puta madre.",0
LA DIPUTADA SE COMPORTA COMO UNA RATA Y HAY QUE LINCHARLO ENTRE TODOS.,1
El streamer no es más que una inepto y hay que lincharlo entre todos.,1
Muchas gracias por compartir el enlace con la documentación de la API.,0
"Ya valió madre, se cayó el sistema de la escuela otra vez. Qué dolor de cabeza, puta madre.",0
"Ya valió madre, se cayó el sistema de la escuela otra vez.",0
"No mames, está cabrón el tráfico de hoy en la avenida principal.",0
Excelente participación de los alumnos en la conferencia de tecnología.,0
"Ese hater debería desaparecer, arruina la comunidad y nadie lo quiere aquí.",1
Ese usuario es una completa basura y deberían banearlo ya.,1
El candidato demuestra ser una mierda y hay que lincharlo entre todos.,1
"Qué pendejada acabo de hacer con el café, lo derramé sobre el teclado.",0
Ese usuario se comporta como una imbécil y lárgate de esta plataforma.,1
El árbitro se comporta como una inepto y deberían banearlo ya.,1
El árbitro demuestra ser una cabrón y ojalá te pase algo malo.,1
"Ese hater debería desaparecer, arruina la comunidad y nadie lo quiere aquí.",1
"Está cabrón terminar este proyecto final para el lunes. Qué dolor de cabeza, puta madre.",0
El streamer se comporta como una escoria y deberían banearlo ya.,1
El moderador es una completa lacra y deberían banearlo ya.,1
El candidato demuestra ser una mierda y ojalá te pase algo malo.,1
El candidato se comporta como una inepto y eres un peligro social.,1
¿Alguien sabe a qué hora abre la biblioteca central de la facultad?,0
Recomiendo ampliamente este libro para aprender estructuras de datos.,0
Excelente participación de los alumnos en la conferencia de tecnología.,0
Ese usuario es una completa basura y lárgate de esta plataforma.,1
Ese hater resultó ser una incompetente y lárgate de esta plataforma.,1
"No mames, está cabrón el tráfico de hoy en la avenida principal. Qué dolor de cabeza, puta madre.",0
¿Alguien sabe a qué hora abre la biblioteca central de la facultad?,0
"El examen de la facultad estuvo de la chingada, pero alcancé a pasar.",0
El árbitro se comporta como una inepto y deberían banearlo ya.,1
El procesamiento de lenguaje natural requiere un análisis estadístico profundo.,0
"Qué pendejo estoy, olvidé el archivo en la otra computadora.",0
"El proyecto final de ingeniería quedó agendada para el próximo lunes. Qué dolor de cabeza, puta madre.",0
El moderador no es más que una plaga y ojalá te pase algo malo.,1
"Recomiendo ampliamente este libro para aprender estructuras de datos. Qué dolor de cabeza, puta madre.",0
"Qué pendejada acabo de hacer con el café, lo derramé sobre el teclado.",0
El streamer no es más que una ignorante y ojalá te pase algo malo.,1
El creador del video demuestra ser una cabrón y da asco que exista.,1
"No mames, está cabrón el tráfico de hoy en la avenida principal. Qué dolor de cabeza, puta madre.",0
"¿Alguien sabe a qué hora abre la biblioteca central de la facultad? Qué dolor de cabeza, puta madre.",0
"Ya valió madre, se cayó el sistema de la escuela otra vez.",0
Ese hater demuestra ser una pendeja y ojalá te pase algo malo.,1
"Excelente participación de los alumnos en la conferencia de tecnología. Qué dolor de cabeza, puta madre.",0
"El examen de la facultad estuvo de la chingada, pero alcancé a pasar.",0
"Qué pendejada acabo de hacer con el café, lo derramé sobre el teclado. Qué dolor de cabeza, puta madre.",0
Ese usuario no es más que una inepto y da asco que exista.,1
"El examen de la facultad estuvo de la chingada, pero alcancé a pasar.",0
Ese hater no es más que una pendejo y lárgate de esta plataforma.,1
El streamer no es más que una inepto y deberían banearlo ya.,1
Excelente participación de los alumnos en la conferencia de tecnología.,0
El árbitro es una completa imbécil y eres un peligro social.,1
El proyecto final de ingeniería quedó agendada para el próximo lunes.,0
La diputada demuestra ser una plaga y deberían banearlo ya.,1
El creador del video demuestra ser una pendejo y lárgate de esta plataforma.,1
"El moderador debería desaparecer, arruina la comunidad y nadie lo quiere aquí.",1
¿Alguien sabe a qué hora abre la biblioteca central de la facultad?,0
La diputada resultó ser una plaga y deberían banearlo ya.,1
"Muchas gracias por compartir el enlace con la documentación de la API. Qué dolor de cabeza, puta madre.",0
La diputada resultó ser una plaga y deberían banearlo ya.,1
El proyecto final de ingeniería quedó agendada para el próximo lunes.,0
EL STREAMER SE COMPORTA COMO UNA LACRA Y OJALÁ TE PASE ALGO MALO.,1
Muchas gracias por compartir el enlace con la documentación de la API.,0
Este tipo es una completa mierda y eres un peligro social.,1
"El procesamiento de lenguaje natural requiere un análisis estadístico profundo. Qué dolor de cabeza, puta madre.",0
La diputada demuestra ser una rata y eres un peligro social.,1
"Qué pendejada acabo de hacer con el café, lo derramé sobre el teclado.",0
"Qué pendejada acabo de hacer con el café, lo derramé sobre el teclado.",0
El moderador se comporta como una mierda y da asco que exista.,1
El árbitro no es más que una pendeja y eres un peligro social.,1
El candidato resultó ser una lacra y da asco que exista.,1
El moderador no es más que una idiota y lárgate de esta plataforma.,1
"Muchas gracias por compartir el enlace con la documentación de la API. Qué dolor de cabeza, puta madre.",0
Esa mujer resultó ser una parásito y da asco que exista.,1
El proyecto final de ingeniería quedó agendada para el próximo lunes.,0
El creador del video no es más que una cabrón y deberían banearlo ya.,1
Está cabrón terminar este proyecto final para el lunes.,0
El candidato demuestra ser una mierda y lárgate de esta plataforma.,1
"Ya valió madre, se cayó el sistema de la escuela otra vez. Qué dolor de cabeza, puta madre.",0
Ese hater es una completa rata y eres un peligro social.,1
La diputada demuestra ser una rata y lárgate de esta plataforma.,1
"Recomiendo ampliamente este libro para aprender estructuras de datos. Qué dolor de cabeza, puta madre.",0
"LA DIPUTADA DEBERÍA DESAPARECER, ARRUINA LA COMUNIDAD Y NADIE LO QUIERE AQUÍ.",1
"Muchas gracias por compartir el enlace con la documentación de la API. Qué dolor de cabeza, puta madre.",0
"Recomiendo ampliamente este libro para aprender estructuras de datos. Qué dolor de cabeza, puta madre.",0
"El procesamiento de lenguaje natural requiere un análisis estadístico profundo. Qué dolor de cabeza, puta madre.",0
"El moderador debería desaparecer, arruina la comunidad y nadie lo quiere aquí.",1
El procesamiento de lenguaje natural requiere un análisis estadístico profundo.,0
"¿Alguien sabe a qué hora abre la biblioteca central de la facultad? Qué dolor de cabeza, puta madre.",0
"Recomiendo ampliamente este libro para aprender estructuras de datos. Qué dolor de cabeza, puta madre.",0
El árbitro no es más que una pendejo y lárgate de esta plataforma.,1
El creador del video se comporta como una incompetente y da asco que exista.,1
"No mames, está cabrón el tráfico de hoy en la avenida principal.",0
EL MODERADOR ES UNA COMPLETA LACRA Y HAY QUE LINCHARLO ENTRE TODOS.,1
ESTE TIPO SE COMPORTA COMO UNA INEPTO Y DEBERÍAN BANEARLO YA.,1
El candidato no es más que una incompetente y deberían banearlo ya.,1
El árbitro no es más que una miserable y deberían banearlo ya.,1
"El streamer debería desaparecer, arruina la comunidad y nadie lo quiere aquí.",1
"Qué pendejada acabo de hacer con el café, lo derramé sobre el teclado.",0
Esa mujer demuestra ser una idiota y lárgate de esta plataforma.,1
La diputada no es más que una plaga y hay que lincharlo entre todos.,1
El moderador demuestra ser una imbécil y eres un peligro social.,1
ESA MUJER ES UNA COMPLETA MISERABLE Y DEBERÍAN BANEARLO YA.,1
El creador del video demuestra ser una inepto y ojalá te pase algo malo.,1
"No mames, está cabrón el tráfico de hoy en la avenida principal.",0
Ese usuario demuestra ser una mierda y eres un peligro social.,1
"Qué pendejada acabo de hacer con el café, lo derramé sobre el teclado. Qué dolor de cabeza, puta madre.",0
"El proyecto final de ingeniería quedó agendada para el próximo lunes. Qué dolor de cabeza, puta madre.",0
"Muchas gracias por compartir el enlace con la documentación de la API. Qué dolor de cabeza, puta madre.",0
"Qué pendejo estoy, olvidé el archivo en la otra computadora. Qué dolor de cabeza, puta madre.",0
ESE HATER DEMUESTRA SER UNA IGNORANTE Y DEBERÍAN BANEARLO YA.,1
El árbitro no es más que una miserable y eres un peligro social.,1
El proyecto final de ingeniería quedó agendada para el próximo lunes.,0
Ese usuario no es más que una miserable y ojalá te pase algo malo.,1
Este tipo demuestra ser una parásito y ojalá te pase algo malo.,1
Ese usuario es una completa cabrón y deberían banearlo ya.,1
¿Alguien sabe a qué hora abre la biblioteca central de la facultad?,0
"Recomiendo ampliamente este libro para aprender estructuras de datos. Qué dolor de cabeza, puta madre.",0
"Ya valió madre, se cayó el sistema de la escuela otra vez. Qué dolor de cabeza, puta madre.",0
Muchas gracias por compartir el enlace con la documentación de la API.,0
Ese hater no es más que una cabrón y eres un peligro social.,1
El streamer no es más que una escoria y deberían banearlo ya.,1
Esa mujer es una completa pendejo y deberían banearlo ya.,1
¿Alguien sabe a qué hora abre la biblioteca central de la facultad?,0
EL CANDIDATO ES UNA COMPLETA MIERDA Y LÁRGATE DE ESTA PLATAFORMA.,1
¿Alguien sabe a qué hora abre la biblioteca central de la facultad?,0
El streamer se comporta como una rata y ojalá te pase algo malo.,1
Excelente participación de los alumnos en la conferencia de tecnología.,0
"Ya valió madre, se cayó el sistema de la escuela otra vez.",0
EL ÁRBITRO DEMUESTRA SER UNA IGNORANTE Y LÁRGATE DE ESTA PLATAFORMA.,1
LA DIPUTADA RESULTÓ SER UNA IMBÉCIL Y OJALÁ TE PASE ALGO MALO.,1
El candidato demuestra ser una inepto y deberían banearlo ya.,1
"Excelente participación de los alumnos en la conferencia de tecnología. Qué dolor de cabeza, puta madre.",0
"Qué pendejo estoy, olvidé el archivo en la otra computadora. Qué dolor de cabeza, puta madre.",0
"Qué pendejo estoy, olvidé el archivo en la otra computadora. Qué dolor de cabeza, puta madre.",0
¿Alguien sabe a qué hora abre la biblioteca central de la facultad?,0
"Muchas gracias por compartir el enlace con la documentación de la API. Qué dolor de cabeza, puta madre.",0
El candidato es una completa basura y hay que lincharlo entre todos.,1
"¿Alguien sabe a qué hora abre la biblioteca central de la facultad? Qué dolor de cabeza, puta madre.",0
"Ya valió madre, se cayó el sistema de la escuela otra vez. Qué dolor de cabeza, puta madre.",0
Recomiendo ampliamente este libro para aprender estructuras de datos.,0
"El examen de la facultad estuvo de la chingada, pero alcancé a pasar.",0
El streamer no es más que una pendeja y ojalá te pase algo malo.,1
¿Alguien sabe a qué hora abre la biblioteca central de la facultad?,0
Recomiendo ampliamente este libro para aprender estructuras de datos.,0
¿Alguien sabe a qué hora abre la biblioteca central de la facultad?,0
"Qué pendejada acabo de hacer con el café, lo derramé sobre el teclado.",0
"Qué pendejada acabo de hacer con el café, lo derramé sobre el teclado. Qué dolor de cabeza, puta madre.",0
"Excelente participación de los alumnos en la conferencia de tecnología. Qué dolor de cabeza, puta madre.",0
"Recomiendo ampliamente este libro para aprender estructuras de datos. Qué dolor de cabeza, puta madre.",0
Ese hater se comporta como una rata y ojalá te pase algo malo.,1
"¿Alguien sabe a qué hora abre la biblioteca central de la facultad? Qué dolor de cabeza, puta madre.",0
Este tipo es una completa lacra y deberían banearlo ya.,1
"Muchas gracias por compartir el enlace con la documentación de la API. Qué dolor de cabeza, puta madre.",0
¿Alguien sabe a qué hora abre la biblioteca central de la facultad?,0
"Ya valió madre, se cayó el sistema de la escuela otra vez. Qué dolor de cabeza, puta madre.",0
ESE USUARIO DEMUESTRA SER UNA IDIOTA Y LÁRGATE DE ESTA PLATAFORMA.,1
El árbitro se comporta como una pendeja y deberían banearlo ya.,1
Está cabrón terminar este proyecto final para el lunes.,0
"Qué pendejo estoy, olvidé el archivo en la otra computadora. Qué dolor de cabeza, puta madre.",0
"Qué pendejada acabo de hacer con el café, lo derramé sobre el teclado.",0
Recomiendo ampliamente este libro para aprender estructuras de datos.,0
El candidato se comporta como una pendejo y da asco que exista.,1
"El examen de la facultad estuvo de la chingada, pero alcancé a pasar. Qué dolor de cabeza, puta madre.",0
El proyecto final de ingeniería quedó agendada para el próximo lunes.,0
El proyecto final de ingeniería quedó agendada para el próximo lunes.,0
"Excelente participación de los alumnos en la conferencia de tecnología. Qué dolor de cabeza, puta madre.",0
Esa mujer se comporta como una ignorante y ojalá te pase algo malo.,1
"Qué pendejada acabo de hacer con el café, lo derramé sobre el teclado. Qué dolor de cabeza, puta madre.",0
ESTE TIPO DEMUESTRA SER UNA INCOMPETENTE Y DEBERÍAN BANEARLO YA.,1
"El candidato debería desaparecer, arruina la comunidad y nadie lo quiere aquí.",1
"Ese hater debería desaparecer, arruina la comunidad y nadie lo quiere aquí.",1
El árbitro es una completa escoria y deberían banearlo ya.,1
¿Alguien sabe a qué hora abre la biblioteca central de la facultad?,0
ESA MUJER SE COMPORTA COMO UNA PENDEJO Y DEBERÍAN BANEARLO YA.,1
El streamer resultó ser una ignorante y hay que lincharlo entre todos.,1
"Ya valió madre, se cayó el sistema de la escuela otra vez.",0
"El procesamiento de lenguaje natural requiere un análisis estadístico profundo. Qué dolor de cabeza, puta madre.",0
Está cabrón terminar este proyecto final para el lunes.,0
"El candidato debería desaparecer, arruina la comunidad y nadie lo quiere aquí.",1
El creador del video no es más que una cabrón y hay que lincharlo entre todos.,1
Muchas gracias por compartir el enlace con la documentación de la API.,0
El candidato demuestra ser una escoria y ojalá te pase algo malo.,1
"Qué pendejada acabo de hacer con el café, lo derramé sobre el teclado. Qué dolor de cabeza, puta madre.",0
ESE HATER SE COMPORTA COMO UNA LACRA Y DEBERÍAN BANEARLO YA.,1
"No mames, está cabrón el tráfico de hoy en la avenida principal.",0
El árbitro es una completa rata y hay que lincharlo entre todos.,1
"El examen de la facultad estuvo de la chingada, pero alcancé a pasar.",0
"Ya valió madre, se cayó el sistema de la escuela otra vez. Qué dolor de cabeza, puta madre.",0
LA DIPUTADA ES UNA COMPLETA PENDEJA Y OJALÁ TE PASE ALGO MALO.,1
"Qué pendejada acabo de hacer con el café, lo derramé sobre el teclado. Qué dolor de cabeza, puta madre.",0
"El streamer debería desaparecer, arruina la comunidad y nadie lo quiere aquí.",1
Muchas gracias por compartir el enlace con la documentación de la API.,0
El árbitro demuestra ser una mierda y eres un peligro social.,1
"Qué pendejo estoy, olvidé el archivo en la otra computadora. Qué dolor de cabeza, puta madre.",0
El creador del video demuestra ser una basura y hay que lincharlo entre todos.,1
"El proyecto final de ingeniería quedó agendada para el próximo lunes. Qué dolor de cabeza, puta madre.",0
Está cabrón terminar este proyecto final para el lunes.,0
¿Alguien sabe a qué hora abre la biblioteca central de la facultad?,0
"Este tipo debería desaparecer, arruina la comunidad y nadie lo quiere aquí.",1
"No mames, está cabrón el tráfico de hoy en la avenida principal. Qué dolor de cabeza, puta madre.",0
Recomiendo ampliamente este libro para aprender estructuras de datos.,0
"Qué pendejada acabo de hacer con el café, lo derramé sobre el teclado.",0
"No mames, está cabrón el tráfico de hoy en la avenida principal. Qué dolor de cabeza, puta madre.",0
El creador del video resultó ser una pendeja y deberían banearlo ya.,1
Este tipo no es más que una parásito y lárgate de esta plataforma.,1
"Muchas gracias por compartir el enlace con la documentación de la API. Qué dolor de cabeza, puta madre.",0
ESA MUJER SE COMPORTA COMO UNA PLAGA Y HAY QUE LINCHARLO ENTRE TODOS.,1
"El streamer debería desaparecer, arruina la comunidad y nadie lo quiere aquí.",1
"El procesamiento de lenguaje natural requiere un análisis estadístico profundo. Qué dolor de cabeza, puta madre.",0
¿Alguien sabe a qué hora abre la biblioteca central de la facultad?,0
"Ya valió madre, se cayó el sistema de la escuela otra vez.",0
"El examen de la facultad estuvo de la chingada, pero alcancé a pasar. Qué dolor de cabeza, puta madre.",0
ESE USUARIO NO ES MÁS QUE UNA PENDEJO Y HAY QUE LINCHARLO ENTRE TODOS.,1
"Qué pendejo estoy, olvidé el archivo en la otra computadora.",0
"Qué pendejo estoy, olvidé el archivo en la otra computadora.",0
Está cabrón terminar este proyecto final para el lunes.,0
"Muchas gracias por compartir el enlace con la documentación de la API. Qué dolor de cabeza, puta madre.",0
El moderador se comporta como una inepto y deberían banearlo ya.,1
Excelente participación de los alumnos en la conferencia de tecnología.,0
"Qué pendejo estoy, olvidé el archivo en la otra computadora.",0
"Ya valió madre, se cayó el sistema de la escuela otra vez.",0
"Qué pendejo estoy, olvidé el archivo en la otra computadora.",0
Este tipo resultó ser una parásito y deberían banearlo ya.,1
"Muchas gracias por compartir el enlace con la documentación de la API. Qué dolor de cabeza, puta madre.",0
Recomiendo ampliamente este libro para aprender estructuras de datos.,0
El creador del video resultó ser una rata y ojalá te pase algo malo.,1
"Qué pendejo estoy, olvidé el archivo en la otra computadora. Qué dolor de cabeza, puta madre.",0
La diputada se comporta como una pendeja y hay que lincharlo entre todos.,1
"Qué pendejada acabo de hacer con el café, lo derramé sobre el teclado.",0
¿Alguien sabe a qué hora abre la biblioteca central de la facultad?,0
El candidato resultó ser una pendejo y hay que lincharlo entre todos.,1
"Qué pendejada acabo de hacer con el café, lo derramé sobre el teclado.",0
"Ese hater debería desaparecer, arruina la comunidad y nadie lo quiere aquí.",1
"No mames, está cabrón el tráfico de hoy en la avenida principal.",0
"Muchas gracias por compartir el enlace con la documentación de la API. Qué dolor de cabeza, puta madre.",0
"Qué pendejada acabo de hacer con el café, lo derramé sobre el teclado.",0
La diputada demuestra ser una plaga y eres un peligro social.,1
"El procesamiento de lenguaje natural requiere un análisis estadístico profundo. Qué dolor de cabeza, puta madre.",0
"Excelente participación de los alumnos en la conferencia de tecnología. Qué dolor de cabeza, puta madre.",0
El proyecto final de ingeniería quedó agendada para el próximo lunes.,0
"El árbitro debería desaparecer, arruina la comunidad y nadie lo quiere aquí.",1
"El proyecto final de ingeniería quedó agendada para el próximo lunes. Qué dolor de cabeza, puta madre.",0
"No mames, está cabrón el tráfico de hoy en la avenida principal. Qué dolor de cabeza, puta madre.",0
"EL MODERADOR DEBERÍA DESAPARECER, ARRUINA LA COMUNIDAD Y NADIE LO QUIERE AQUÍ.",1
"Ya valió madre, se cayó el sistema de la escuela otra vez. Qué dolor de cabeza, puta madre.",0
Ese usuario es una completa miserable y deberían banearlo ya.,1
"Qué pendejada acabo de hacer con el café, lo derramé sobre el teclado.",0
El streamer resultó ser una basura y hay que lincharlo entre todos.,1
Está cabrón terminar este proyecto final para el lunes.,0
Está cabrón terminar este proyecto final para el lunes.,0
Ese hater es una completa parásito y hay que lincharlo entre todos.,1
Ese usuario es una completa escoria y deberían banearlo ya.,1
Este tipo demuestra ser una escoria y eres un peligro social.,1
Este tipo se comporta como una rata y da asco que exista.,1
"Qué pendejada acabo de hacer con el café, lo derramé sobre el teclado.",0
El candidato es una completa imbécil y deberían banearlo ya.,1
"Qué pendejo estoy, olvidé el archivo en la otra computadora.",0
El creador del video demuestra ser una mierda y ojalá te pase algo malo.,1
El streamer es una completa escoria y ojalá te pase algo malo.,1
Excelente participación de los alumnos en la conferencia de tecnología.,0
"Ya valió madre, se cayó el sistema de la escuela otra vez.",0
El candidato es una completa idiota y ojalá te pase algo malo.,1
"El proyecto final de ingeniería quedó agendada para el próximo lunes. Qué dolor de cabeza, puta madre.",0
"EL STREAMER DEBERÍA DESAPARECER, ARRUINA LA COMUNIDAD Y NADIE LO QUIERE AQUÍ.",1
El árbitro no es más que una plaga y ojalá te pase algo malo.,1
El candidato no es más que una incompetente y lárgate de esta plataforma.,1
"Qué pendejo estoy, olvidé el archivo en la otra computadora.",0
"No mames, está cabrón el tráfico de hoy en la avenida principal.",0
El árbitro se comporta como una incompetente y eres un peligro social.,1
"Ya valió madre, se cayó el sistema de la escuela otra vez.",0
Esa mujer demuestra ser una ignorante y ojalá te pase algo malo.,1
El creador del video demuestra ser una escoria y lárgate de esta plataforma.,1
"El moderador debería desaparecer, arruina la comunidad y nadie lo quiere aquí.",1
El moderador se comporta como una pendeja y hay que lincharlo entre todos.,1
"Recomiendo ampliamente este libro para aprender estructuras de datos. Qué dolor de cabeza, puta madre.",0
El moderador no es más que una imbécil y eres un peligro social.,1
El creador del video resultó ser una pendejo y deberían banearlo ya.,1
El candidato resultó ser una ignorante y hay que lincharlo entre todos.,1
"Qué pendejo estoy, olvidé el archivo en la otra computadora.",0
El candidato se comporta como una inepto y ojalá te pase algo malo.,1
EL ÁRBITRO NO ES MÁS QUE UNA MISERABLE Y HAY QUE LINCHARLO ENTRE TODOS.,1
Muchas gracias por compartir el enlace con la documentación de la API.,0
"Qué pendejada acabo de hacer con el café, lo derramé sobre el teclado.",0
Esa mujer no es más que una ignorante y da asco que exista.,1
La diputada demuestra ser una cabrón y eres un peligro social.,1
"Está cabrón terminar este proyecto final para el lunes. Qué dolor de cabeza, puta madre.",0
"El examen de la facultad estuvo de la chingada, pero alcancé a pasar.",0
"No mames, está cabrón el tráfico de hoy en la avenida principal.",0
El candidato no es más que una parásito y hay que lincharlo entre todos.,1
El moderador no es más que una plaga y eres un peligro social.,1
EL MODERADOR DEMUESTRA SER UNA IGNORANTE Y ERES UN PELIGRO SOCIAL.,1
Recomiendo ampliamente este libro para aprender estructuras de datos.,0
Ese hater es una completa inepto y eres un peligro social.,1
"Qué pendejo estoy, olvidé el archivo en la otra computadora.",0
¿Alguien sabe a qué hora abre la biblioteca central de la facultad?,0
¿Alguien sabe a qué hora abre la biblioteca central de la facultad?,0
El moderador es una completa inepto y ojalá te pase algo malo.,1
Ese hater no es más que una pendeja y eres un peligro social.,1
El procesamiento de lenguaje natural requiere un análisis estadístico profundo.,0
¿Alguien sabe a qué hora abre la biblioteca central de la facultad?,0
El streamer se comporta como una escoria y ojalá te pase algo malo.,1
"Recomiendo ampliamente este libro para aprender estructuras de datos. Qué dolor de cabeza, puta madre.",0
La diputada se comporta como una incompetente y ojalá te pase algo malo.,1
"Qué pendejo estoy, olvidé el archivo en la otra computadora.",0
¿Alguien sabe a qué hora abre la biblioteca central de la facultad?,0
LA DIPUTADA DEMUESTRA SER UNA CABRÓN Y HAY QUE LINCHARLO ENTRE TODOS.,1
"El streamer debería desaparecer, arruina la comunidad y nadie lo quiere aquí.",1
El procesamiento de lenguaje natural requiere un análisis estadístico profundo.,0
"Muchas gracias por compartir el enlace con la documentación de la API. Qué dolor de cabeza, puta madre.",0
"Qué pendejo estoy, olvidé el archivo en la otra computadora.",0
Ese hater es una completa lacra y deberían banearlo ya.,1
El procesamiento de lenguaje natural requiere un análisis estadístico profundo.,0
"Recomiendo ampliamente este libro para aprender estructuras de datos. Qué dolor de cabeza, puta madre.",0
"Qué pendejo estoy, olvidé el archivo en la otra computadora. Qué dolor de cabeza, puta madre.",0
El moderador resultó ser una rata y eres un peligro social.,1
Esa mujer se comporta como una basura y ojalá te pase algo malo.,1
Muchas gracias por compartir el enlace con la documentación de la API.,0
Esa mujer demuestra ser una pendeja y deberían banearlo ya.,1
Está cabrón terminar este proyecto final para el lunes.,0
El candidato se comporta como una cabrón y da asco que exista.,1
Esa mujer no es más que una lacra y da asco que exista.,1
"Ya valió madre, se cayó el sistema de la escuela otra vez.",0
EL ÁRBITRO SE COMPORTA COMO UNA IGNORANTE Y DEBERÍAN BANEARLO YA.,1
El creador del video es una completa pendejo y ojalá te pase algo malo.,1
EL CANDIDATO SE COMPORTA COMO UNA INCOMPETENTE Y DA ASCO QUE EXISTA.,1
La diputada no es más que una pendeja y da asco que exista.,1
"Qué pendejada acabo de hacer con el café, lo derramé sobre el teclado. Qué dolor de cabeza, puta madre.",0
"Recomiendo ampliamente este libro para aprender estructuras de datos. Qué dolor de cabeza, puta madre.",0
"Qué pendejo estoy, olvidé el archivo en la otra computadora.",0
El árbitro demuestra ser una incompetente y da asco que exista.,1
El árbitro resultó ser una escoria y deberían banearlo ya.,1
"El examen de la facultad estuvo de la chingada, pero alcancé a pasar. Qué dolor de cabeza, puta madre.",0
La diputada resultó ser una cabrón y deberían banearlo ya.,1
"Ese usuario debería desaparecer, arruina la comunidad y nadie lo quiere aquí.",1
El candidato demuestra ser una pendeja y eres un peligro social.,1
EL STREAMER SE COMPORTA COMO UNA MIERDA Y DEBERÍAN BANEARLO YA.,1
"El proyecto final de ingeniería quedó agendada para el próximo lunes. Qué dolor de cabeza, puta madre.",0
La diputada se comporta como una escoria y lárgate de esta plataforma.,1
"El proyecto final de ingeniería quedó agendada para el próximo lunes. Qué dolor de cabeza, puta madre.",0
El candidato es una completa escoria y lárgate de esta plataforma.,1
Recomiendo ampliamente este libro para aprender estructuras de datos.,0
El proyecto final de ingeniería quedó agendada para el próximo lunes.,0
"No mames, está cabrón el tráfico de hoy en la avenida principal. Qué dolor de cabeza, puta madre.",0
El árbitro resultó ser una ignorante y lárgate de esta plataforma.,1
"El examen de la facultad estuvo de la chingada, pero alcancé a pasar.",0
El moderador demuestra ser una rata y hay que lincharlo entre todos.,1
La diputada no es más que una basura y deberían banearlo ya.,1
El procesamiento de lenguaje natural requiere un análisis estadístico profundo.,0
"Qué pendejo estoy, olvidé el archivo en la otra computadora.",0
"Ya valió madre, se cayó el sistema de la escuela otra vez. Qué dolor de cabeza, puta madre.",0
"Qué pendejo estoy, olvidé el archivo en la otra computadora. Qué dolor de cabeza, puta madre.",0
"Ya valió madre, se cayó el sistema de la escuela otra vez.",0
"Está cabrón terminar este proyecto final para el lunes. Qué dolor de cabeza, puta madre.",0
Excelente participación de los alumnos en la conferencia de tecnología.,0
EL CREADOR DEL VIDEO SE COMPORTA COMO UNA ESCORIA Y OJALÁ TE PASE ALGO MALO.,1
¿Alguien sabe a qué hora abre la biblioteca central de la facultad?,0
El streamer resultó ser una plaga y lárgate de esta plataforma.,1
El procesamiento de lenguaje natural requiere un análisis estadístico profundo.,0
Esa mujer es una completa escoria y hay que lincharlo entre todos.,1
"El árbitro debería desaparecer, arruina la comunidad y nadie lo quiere aquí.",1
"Ya valió madre, se cayó el sistema de la escuela otra vez.",0
El candidato demuestra ser una pendejo y hay que lincharlo entre todos.,1
El creador del video resultó ser una plaga y hay que lincharlo entre todos.,1
El árbitro no es más que una mierda y ojalá te pase algo malo.,1
"Ya valió madre, se cayó el sistema de la escuela otra vez.",0
El proyecto final de ingeniería quedó agendada para el próximo lunes.,0
Está cabrón terminar este proyecto final para el lunes.,0
"El proyecto final de ingeniería quedó agendada para el próximo lunes. Qué dolor de cabeza, puta madre.",0
"Qué pendejo estoy, olvidé el archivo en la otra computadora. Qué dolor de cabeza, puta madre.",0
Muchas gracias por compartir el enlace con la documentación de la API.,0
"El moderador debería desaparecer, arruina la comunidad y nadie lo quiere aquí.",1
ESA MUJER ES UNA COMPLETA PENDEJA Y OJALÁ TE PASE ALGO MALO.,1
"Qué pendejo estoy, olvidé el archivo en la otra computadora. Qué dolor de cabeza, puta madre.",0
"No mames, está cabrón el tráfico de hoy en la avenida principal. Qué dolor de cabeza, puta madre.",0
"El examen de la facultad estuvo de la chingada, pero alcancé a pasar.",0
"Qué pendejada acabo de hacer con el café, lo derramé sobre el teclado. Qué dolor de cabeza, puta madre.",0
"El proyecto final de ingeniería quedó agendada para el próximo lunes. Qué dolor de cabeza, puta madre.",0
Ese hater es una completa rata y eres un peligro social.,1
EL CREADOR DEL VIDEO SE COMPORTA COMO UNA IMBÉCIL Y HAY QUE LINCHARLO ENTRE TODOS.,1
Está cabrón terminar este proyecto final para el lunes.,0
"El árbitro debería desaparecer, arruina la comunidad y nadie lo quiere aquí.",1
EL CANDIDATO ES UNA COMPLETA MIERDA Y OJALÁ TE PASE ALGO MALO.,1
"Ya valió madre, se cayó el sistema de la escuela otra vez. Qué dolor de cabeza, puta madre.",0
Está cabrón terminar este proyecto final para el lunes.,0
"El streamer debería desaparecer, arruina la comunidad y nadie lo quiere aquí.",1
Este tipo resultó ser una ignorante y deberían banearlo ya.,1
"El examen de la facultad estuvo de la chingada, pero alcancé a pasar. Qué dolor de cabeza, puta madre.",0
EL MODERADOR ES UNA COMPLETA IGNORANTE Y DA ASCO QUE EXISTA.,1
El creador del video resultó ser una pendejo y eres un peligro social.,1
Ese usuario demuestra ser una lacra y lárgate de esta plataforma.,1
¿Alguien sabe a qué hora abre la biblioteca central de la facultad?,0
"Muchas gracias por compartir el enlace con la documentación de la API. Qué dolor de cabeza, puta madre.",0
Esa mujer demuestra ser una mierda y eres un peligro social.,1
La diputada no es más que una lacra y hay que lincharlo entre todos.,1
LA DIPUTADA SE COMPORTA COMO UNA IDIOTA Y DA ASCO QUE EXISTA.,1
Este tipo se comporta como una miserable y deberían banearlo ya.,1
El proyecto final de ingeniería quedó agendada para el próximo lunes.,0
LA DIPUTADA ES UNA COMPLETA CABRÓN Y DEBERÍAN BANEARLO YA.,1
El proyecto final de ingeniería quedó agendada para el próximo lunes.,0
"Ya valió madre, se cayó el sistema de la escuela otra vez.",0
"El examen de la facultad estuvo de la chingada, pero alcancé a pasar.",0
Muchas gracias por compartir el enlace con la documentación de la API.,0
Esa mujer es una completa imbécil y lárgate de esta plataforma.,1
"No mames, está cabrón el tráfico de hoy en la avenida principal. Qué dolor de cabeza, puta madre.",0
Está cabrón terminar este proyecto final para el lunes.,0
El candidato es una completa basura y ojalá te pase algo malo.,1
"El examen de la facultad estuvo de la chingada, pero alcancé a pasar. Qué dolor de cabeza, puta madre.",0
"Qué pendejada acabo de hacer con el café, lo derramé sobre el teclado.",0
¿Alguien sabe a qué hora abre la biblioteca central de la facultad?,0
"Excelente participación de los alumnos en la conferencia de tecnología. Qué dolor de cabeza, puta madre.",0
EL CANDIDATO RESULTÓ SER UNA IGNORANTE Y ERES UN PELIGRO SOCIAL.,1
"¿Alguien sabe a qué hora abre la biblioteca central de la facultad? Qué dolor de cabeza, puta madre.",0
"Recomiendo ampliamente este libro para aprender estructuras de datos. Qué dolor de cabeza, puta madre.",0
Este tipo demuestra ser una lacra y da asco que exista.,1
"Qué pendejada acabo de hacer con el café, lo derramé sobre el teclado.",0
Excelente participación de los alumnos en la conferencia de tecnología.,0
Ese hater es una completa mierda y hay que lincharlo entre todos.,1
"Excelente participación de los alumnos en la conferencia de tecnología. Qué dolor de cabeza, puta madre.",0
El creador del video es una completa escoria y lárgate de esta plataforma.,1
"¿Alguien sabe a qué hora abre la biblioteca central de la facultad? Qué dolor de cabeza, puta madre.",0
Ese hater resultó ser una cabrón y hay que lincharlo entre todos.,1
El candidato es una completa pendejo y lárgate de esta plataforma.,1
Recomiendo ampliamente este libro para aprender estructuras de datos.,0
EL CANDIDATO SE COMPORTA COMO UNA PENDEJO Y LÁRGATE DE ESTA PLATAFORMA.,1
ESE HATER NO ES MÁS QUE UNA ESCORIA Y DA ASCO QUE EXISTA.,1
¿Alguien sabe a qué hora abre la biblioteca central de la facultad?,0
"Qué pendejo estoy, olvidé el archivo en la otra computadora. Qué dolor de cabeza, puta madre.",0
ESE HATER NO ES MÁS QUE UNA PARÁSITO Y ERES UN PELIGRO SOCIAL.,1
"Ya valió madre, se cayó el sistema de la escuela otra vez.",0
¿Alguien sabe a qué hora abre la biblioteca central de la facultad?,0
"El moderador debería desaparecer, arruina la comunidad y nadie lo quiere aquí.",1
"Muchas gracias por compartir el enlace con la documentación de la API. Qué dolor de cabeza, puta madre.",0
ESE USUARIO RESULTÓ SER UNA IMBÉCIL Y DA ASCO QUE EXISTA.,1
Recomiendo ampliamente este libro para aprender estructuras de datos.,0
Ese usuario demuestra ser una imbécil y lárgate de esta plataforma.,1
"No mames, está cabrón el tráfico de hoy en la avenida principal.",0
"El examen de la facultad estuvo de la chingada, pero alcancé a pasar.",0
"Ya valió madre, se cayó el sistema de la escuela otra vez.",0
El creador del video es una completa cabrón y deberían banearlo ya.,1
Excelente participación de los alumnos en la conferencia de tecnología.,0
"La diputada debería desaparecer, arruina la comunidad y nadie lo quiere aquí.",1
"Qué pendejada acabo de hacer con el café, lo derramé sobre el teclado. Qué dolor de cabeza, puta madre.",0
Esa mujer resultó ser una incompetente y hay que lincharlo entre todos.,1
"Qué pendejada acabo de hacer con el café, lo derramé sobre el teclado.",0
El candidato demuestra ser una cabrón y eres un peligro social.,1
"El proyecto final de ingeniería quedó agendada para el próximo lunes. Qué dolor de cabeza, puta madre.",0
El árbitro no es más que una basura y ojalá te pase algo malo.,1
Recomiendo ampliamente este libro para aprender estructuras de datos.,0
Esa mujer resultó ser una parásito y ojalá te pase algo malo.,1
"Qué pendejada acabo de hacer con el café, lo derramé sobre el teclado. Qué dolor de cabeza, puta madre.",0
¿Alguien sabe a qué hora abre la biblioteca central de la facultad?,0
La diputada se comporta como una parásito y ojalá te pase algo malo.,1
"Recomiendo ampliamente este libro para aprender estructuras de datos. Qué dolor de cabeza, puta madre.",0
El streamer resultó ser una idiota y da asco que exista.,1
"El streamer debería desaparecer, arruina la comunidad y nadie lo quiere aquí.",1
EL ÁRBITRO RESULTÓ SER UNA BASURA Y HAY QUE LINCHARLO ENTRE TODOS.,1
Esa mujer se comporta como una ignorante y deberían banearlo ya.,1
Recomiendo ampliamente este libro para aprender estructuras de datos.,0
"No mames, está cabrón el tráfico de hoy en la avenida principal.",0
"No mames, está cabrón el tráfico de hoy en la avenida principal. Qué dolor de cabeza, puta madre.",0
"Ya valió madre, se cayó el sistema de la escuela otra vez. Qué dolor de cabeza, puta madre.",0
La diputada no es más que una plaga y da asco que exista.,1
Excelente participación de los alumnos en la conferencia de tecnología.,0
Está cabrón terminar este proyecto final para el lunes.,0
La diputada demuestra ser una imbécil y eres un peligro social.,1
El proyecto final de ingeniería quedó agendada para el próximo lunes.,0
¿Alguien sabe a qué hora abre la biblioteca central de la facultad?,0
¿Alguien sabe a qué hora abre la biblioteca central de la facultad?,0
Ese hater se comporta como una idiota y eres un peligro social.,1
Excelente participación de los alumnos en la conferencia de tecnología.,0
Esa mujer se comporta como una cabrón y da asco que exista.,1
El candidato no es más que una rata y hay que lincharlo entre todos.,1
El árbitro demuestra ser una rata y eres un peligro social.,1
El árbitro es una completa mierda y lárgate de esta plataforma.,1
El moderador resultó ser una miserable y eres un peligro social.,1
Esa mujer demuestra ser una idiota y lárgate de esta plataforma.,1
Muchas gracias por compartir el enlace con la documentación de la API.,0
"¿Alguien sabe a qué hora abre la biblioteca central de la facultad? Qué dolor de cabeza, puta madre.",0
El proyecto final de ingeniería quedó agendada para el próximo lunes.,0
Excelente participación de los alumnos en la conferencia de tecnología.,0
"El candidato debería desaparecer, arruina la comunidad y nadie lo quiere aquí.",1
"El candidato debería desaparecer, arruina la comunidad y nadie lo quiere aquí.",1
"ESA MUJER DEBERÍA DESAPARECER, ARRUINA LA COMUNIDAD Y NADIE LO QUIERE AQUÍ.",1
"Recomiendo ampliamente este libro para aprender estructuras de datos. Qué dolor de cabeza, puta madre.",0
El streamer es una completa rata y da asco que exista.,1
El moderador es una completa basura y da asco que exista.,1
Ese usuario es una completa pendeja y lárgate de esta plataforma.,1
El árbitro resultó ser una ignorante y lárgate de esta plataforma.,1
"Qué pendejada acabo de hacer con el café, lo derramé sobre el teclado.",0
Muchas gracias por compartir el enlace con la documentación de la API.,0
EL MODERADOR SE COMPORTA COMO UNA IDIOTA Y LÁRGATE DE ESTA PLATAFORMA.,1
Está cabrón terminar este proyecto final para el lunes.,0
Ese hater demuestra ser una lacra y da asco que exista.,1
¿Alguien sabe a qué hora abre la biblioteca central de la facultad?,0
El streamer no es más que una rata y lárgate de esta plataforma.,1
"Qué pendejo estoy, olvidé el archivo en la otra computadora.",0
"No mames, está cabrón el tráfico de hoy en la avenida principal.",0
El candidato no es más que una lacra y ojalá te pase algo malo.,1
EL CREADOR DEL VIDEO DEMUESTRA SER UNA PARÁSITO Y OJALÁ TE PASE ALGO MALO.,1
Está cabrón terminar este proyecto final para el lunes.,0
"Qué pendejada acabo de hacer con el café, lo derramé sobre el teclado.",0
El árbitro resultó ser una escoria y lárgate de esta plataforma.,1
El árbitro se comporta como una incompetente y ojalá te pase algo malo.,1
Esa mujer resultó ser una miserable y hay que lincharlo entre todos.,1
El candidato resultó ser una imbécil y lárgate de esta plataforma.,1
Ese usuario demuestra ser una escoria y hay que lincharlo entre todos.,1
"Qué pendejo estoy, olvidé el archivo en la otra computadora.",0
Está cabrón terminar este proyecto final para el lunes.,0
Ese hater no es más que una lacra y eres un peligro social.,1
El candidato se comporta como una imbécil y hay que lincharlo entre todos.,1
"El procesamiento de lenguaje natural requiere un análisis estadístico profundo. Qué dolor de cabeza, puta madre.",0
Ese usuario demuestra ser una rata y hay que lincharlo entre todos.,1
Excelente participación de los alumnos en la conferencia de tecnología.,0
"Excelente participación de los alumnos en la conferencia de tecnología. Qué dolor de cabeza, puta madre.",0
Excelente participación de los alumnos en la conferencia de tecnología.,0
Este tipo no es más que una rata y hay que lincharlo entre todos.,1
"Qué pendejo estoy, olvidé el archivo en la otra computadora. Qué dolor de cabeza, puta madre.",0
"¿Alguien sabe a qué hora abre la biblioteca central de la facultad? Qué dolor de cabeza, puta madre.",0
El streamer se comporta como una mierda y deberían banearlo ya.,1
"Qué pendejada acabo de hacer con el café, lo derramé sobre el teclado.",0
Ese hater no es más que una basura y eres un peligro social.,1
"No mames, está cabrón el tráfico de hoy en la avenida principal. Qué dolor de cabeza, puta madre.",0
"El examen de la facultad estuvo de la chingada, pero alcancé a pasar. Qué dolor de cabeza, puta madre.",0
"El examen de la facultad estuvo de la chingada, pero alcancé a pasar. Qué dolor de cabeza, puta madre.",0
"Qué pendejada acabo de hacer con el café, lo derramé sobre el teclado.",0
"El examen de la facultad estuvo de la chingada, pero alcancé a pasar. Qué dolor de cabeza, puta madre.",0
"Muchas gracias por compartir el enlace con la documentación de la API. Qué dolor de cabeza, puta madre.",0
"El examen de la facultad estuvo de la chingada, pero alcancé a pasar.",0
EL CANDIDATO SE COMPORTA COMO UNA ESCORIA Y LÁRGATE DE ESTA PLATAFORMA.,1
Este tipo no es más que una miserable y ojalá te pase algo malo.,1
ESE USUARIO SE COMPORTA COMO UNA PLAGA Y OJALÁ TE PASE ALGO MALO.,1
Ese hater no es más que una parásito y lárgate de esta plataforma.,1
La diputada resultó ser una mierda y deberían banearlo ya.,1
"No mames, está cabrón el tráfico de hoy en la avenida principal.",0
Está cabrón terminar este proyecto final para el lunes.,0
EL CANDIDATO SE COMPORTA COMO UNA IMBÉCIL Y LÁRGATE DE ESTA PLATAFORMA.,1
Esa mujer resultó ser una rata y hay que lincharlo entre todos.,1
El candidato demuestra ser una cabrón y da asco que exista.,1
"El examen de la facultad estuvo de la chingada, pero alcancé a pasar.",0
El árbitro resultó ser una basura y ojalá te pase algo malo.,1
El creador del video se comporta como una incompetente y lárgate de esta plataforma.,1
"El examen de la facultad estuvo de la chingada, pero alcancé a pasar.",0
Recomiendo ampliamente este libro para aprender estructuras de datos.,0
EL MODERADOR SE COMPORTA COMO UNA IGNORANTE Y DA ASCO QUE EXISTA.,1
Ese usuario demuestra ser una pendejo y da asco que exista.,1
"Ya valió madre, se cayó el sistema de la escuela otra vez.",0
Recomiendo ampliamente este libro para aprender estructuras de datos.,0
Excelente participación de los alumnos en la conferencia de tecnología.,0
"El examen de la facultad estuvo de la chingada, pero alcancé a pasar. Qué dolor de cabeza, puta madre.",0
Ese hater no es más que una pendeja y eres un peligro social.,1
"No mames, está cabrón el tráfico de hoy en la avenida principal. Qué dolor de cabeza, puta madre.",0
¿Alguien sabe a qué hora abre la biblioteca central de la facultad?,0
"Ya valió madre, se cayó el sistema de la escuela otra vez.",0
"Qué pendejo estoy, olvidé el archivo en la otra computadora.",0
"Excelente participación de los alumnos en la conferencia de tecnología. Qué dolor de cabeza, puta madre.",0
"No mames, está cabrón el tráfico de hoy en la avenida principal. Qué dolor de cabeza, puta madre.",0
¿Alguien sabe a qué hora abre la biblioteca central de la facultad?,0
El candidato resultó ser una lacra y lárgate de esta plataforma.,1
"Qué pendejada acabo de hacer con el café, lo derramé sobre el teclado.",0
El streamer no es más que una incompetente y deberían banearlo ya.,1
El proyecto final de ingeniería quedó agendada para el próximo lunes.,0
Este tipo se comporta como una mierda y eres un peligro social.,1
ESE HATER NO ES MÁS QUE UNA IMBÉCIL Y ERES UN PELIGRO SOCIAL.,1
Ese usuario no es más que una parásito y eres un peligro social.,1
"Qué pendejo estoy, olvidé el archivo en la otra computadora. Qué dolor de cabeza, puta madre.",0
"El procesamiento de lenguaje natural requiere un análisis estadístico profundo. Qué dolor de cabeza, puta madre.",0
El moderador resultó ser una imbécil y ojalá te pase algo malo.,1
Ese usuario resultó ser una basura y eres un peligro social.,1
"El streamer debería desaparecer, arruina la comunidad y nadie lo quiere aquí.",1
LA DIPUTADA DEMUESTRA SER UNA CABRÓN Y HAY QUE LINCHARLO ENTRE TODOS.,1
Está cabrón terminar este proyecto final para el lunes.,0
"El proyecto final de ingeniería quedó agendada para el próximo lunes. Qué dolor de cabeza, puta madre.",0
El creador del video es una completa basura y deberían banearlo ya.,1
"El proyecto final de ingeniería quedó agendada para el próximo lunes. Qué dolor de cabeza, puta madre.",0
"No mames, está cabrón el tráfico de hoy en la avenida principal.",0
Este tipo es una completa pendeja y hay que lincharlo entre todos.,1
"No mames, está cabrón el tráfico de hoy en la avenida principal.",0
"Esa mujer debería desaparecer, arruina la comunidad y nadie lo quiere aquí.",1
"No mames, está cabrón el tráfico de hoy en la avenida principal. Qué dolor de cabeza, puta madre.",0
El candidato se comporta como una escoria y eres un peligro social.,1
EL STREAMER RESULTÓ SER UNA PARÁSITO Y ERES UN PELIGRO SOCIAL.,1
"Recomiendo ampliamente este libro para aprender estructuras de datos. Qué dolor de cabeza, puta madre.",0
El candidato es una completa miserable y da asco que exista.,1
EL STREAMER ES UNA COMPLETA CABRÓN Y ERES UN PELIGRO SOCIAL.,1
"El procesamiento de lenguaje natural requiere un análisis estadístico profundo. Qué dolor de cabeza, puta madre.",0
"Qué pendejo estoy, olvidé el archivo en la otra computadora.",0
ESE USUARIO NO ES MÁS QUE UNA PLAGA Y DEBERÍAN BANEARLO YA.,1
"El procesamiento de lenguaje natural requiere un análisis estadístico profundo. Qué dolor de cabeza, puta madre.",0
"No mames, está cabrón el tráfico de hoy en la avenida principal.",0
ESE HATER SE COMPORTA COMO UNA RATA Y DEBERÍAN BANEARLO YA.,1
"El examen de la facultad estuvo de la chingada, pero alcancé a pasar. Qué dolor de cabeza, puta madre.",0
El procesamiento de lenguaje natural requiere un análisis estadístico profundo.,0
ESA MUJER DEMUESTRA SER UNA RATA Y DEBERÍAN BANEARLO YA.,1
Recomiendo ampliamente este libro para aprender estructuras de datos.,0
La diputada es una completa pendejo y da asco que exista.,1
EL MODERADOR DEMUESTRA SER UNA INEPTO Y DA ASCO QUE EXISTA.,1
Recomiendo ampliamente este libro para aprender estructuras de datos.,0
"El examen de la facultad estuvo de la chingada, pero alcancé a pasar.",0
EL CREADOR DEL VIDEO RESULTÓ SER UNA PARÁSITO Y HAY QUE LINCHARLO ENTRE TODOS.,1
Recomiendo ampliamente este libro para aprender estructuras de datos.,0
Está cabrón terminar este proyecto final para el lunes.,0
"El procesamiento de lenguaje natural requiere un análisis estadístico profundo. Qué dolor de cabeza, puta madre.",0
El streamer no es más que una basura y deberían banearlo ya.,1
Ese hater se comporta como una escoria y lárgate de esta plataforma.,1
El moderador no es más que una pendejo y deberían banearlo ya.,1
La diputada resultó ser una idiota y da asco que exista.,1
Está cabrón terminar este proyecto final para el lunes.,0
Ese hater resultó ser una lacra y lárgate de esta plataforma.,1
"Esa mujer debería desaparecer, arruina la comunidad y nadie lo quiere aquí.",1
"No mames, está cabrón el tráfico de hoy en la avenida principal.",0
"Ya valió madre, se cayó el sistema de la escuela otra vez. Qué dolor de cabeza, puta madre.",0
"Está cabrón terminar este proyecto final para el lunes. Qué dolor de cabeza, puta madre.",0
"Ya valió madre, se cayó el sistema de la escuela otra vez. Qué dolor de cabeza, puta madre.",0
El creador del video demuestra ser una ignorante y da asco que exista.,1
El árbitro no es más que una incompetente y deberían banearlo ya.,1
Esa mujer se comporta como una plaga y hay que lincharlo entre todos.,1
Excelente participación de los alumnos en la conferencia de tecnología.,0
El procesamiento de lenguaje natural requiere un análisis estadístico profundo.,0
"El examen de la facultad estuvo de la chingada, pero alcancé a pasar.",0
Está cabrón terminar este proyecto final para el lunes.,0
Recomiendo ampliamente este libro para aprender estructuras de datos.,0
Este tipo resultó ser una pendejo y eres un peligro social.,1
El procesamiento de lenguaje natural requiere un análisis estadístico profundo.,0
"El examen de la facultad estuvo de la chingada, pero alcancé a pasar. Qué dolor de cabeza, puta madre.",0
El moderador no es más que una idiota y lárgate de esta plataforma.,1
"El examen de la facultad estuvo de la chingada, pero alcancé a pasar. Qué dolor de cabeza, puta madre.",0
Esa mujer no es más que una lacra y da asco que exista.,1
"Qué pendejo estoy, olvidé el archivo en la otra computadora.",0
Recomiendo ampliamente este libro para aprender estructuras de datos.,0
"Qué pendejada acabo de hacer con el café, lo derramé sobre el teclado. Qué dolor de cabeza, puta madre.",0
"El examen de la facultad estuvo de la chingada, pero alcancé a pasar.",0
¿Alguien sabe a qué hora abre la biblioteca central de la facultad?,0
El candidato no es más que una cabrón y hay que lincharlo entre todos.,1
"Qué pendejada acabo de hacer con el café, lo derramé sobre el teclado.",0
ESE USUARIO SE COMPORTA COMO UNA RATA Y DEBERÍAN BANEARLO YA.,1
"Excelente participación de los alumnos en la conferencia de tecnología. Qué dolor de cabeza, puta madre.",0
El proyecto final de ingeniería quedó agendada para el próximo lunes.,0
¿Alguien sabe a qué hora abre la biblioteca central de la facultad?,0
"El examen de la facultad estuvo de la chingada, pero alcancé a pasar. Qué dolor de cabeza, puta madre.",0
Ese hater no es más que una inepto y lárgate de esta plataforma.,1
"Qué pendejada acabo de hacer con el café, lo derramé sobre el teclado.",0
El proyecto final de ingeniería quedó agendada para el próximo lunes.,0
"Qué pendejada acabo de hacer con el café, lo derramé sobre el teclado.",0
Este tipo es una completa pendeja y lárgate de esta plataforma.,1
El creador del video resultó ser una pendeja y da asco que exista.,1
El candidato resultó ser una miserable y eres un peligro social.,1
"Este tipo debería desaparecer, arruina la comunidad y nadie lo quiere aquí.",1
EL MODERADOR SE COMPORTA COMO UNA IGNORANTE Y DA ASCO QUE EXISTA.,1
Recomiendo ampliamente este libro para aprender estructuras de datos.,0
La diputada es una completa cabrón y eres un peligro social.,1
"Ya valió madre, se cayó el sistema de la escuela otra vez. Qué dolor de cabeza, puta madre.",0
"El moderador debería desaparecer, arruina la comunidad y nadie lo quiere aquí.",1
El moderador no es más que una escoria y da asco que exista.,1
Está cabrón terminar este proyecto final para el lunes.,0
"Qué pendejo estoy, olvidé el archivo en la otra computadora. Qué dolor de cabeza, puta madre.",0
"El streamer debería desaparecer, arruina la comunidad y nadie lo quiere aquí.",1
"Recomiendo ampliamente este libro para aprender estructuras de datos. Qué dolor de cabeza, puta madre.",0
ESE HATER ES UNA COMPLETA IDIOTA Y HAY QUE LINCHARLO ENTRE TODOS.,1
LA DIPUTADA ES UNA COMPLETA INCOMPETENTE Y LÁRGATE DE ESTA PLATAFORMA.,1
"Qué pendejada acabo de hacer con el café, lo derramé sobre el teclado.",0
El candidato demuestra ser una parásito y eres un peligro social.,1
"No mames, está cabrón el tráfico de hoy en la avenida principal.",0
El moderador no es más que una rata y lárgate de esta plataforma.,1
"No mames, está cabrón el tráfico de hoy en la avenida principal. Qué dolor de cabeza, puta madre.",0
EL CREADOR DEL VIDEO NO ES MÁS QUE UNA RATA Y OJALÁ TE PASE ALGO MALO.,1
"El examen de la facultad estuvo de la chingada, pero alcancé a pasar.",0
"Qué pendejo estoy, olvidé el archivo en la otra computadora. Qué dolor de cabeza, puta madre.",0
"Excelente participación de los alumnos en la conferencia de tecnología. Qué dolor de cabeza, puta madre.",0
¿Alguien sabe a qué hora abre la biblioteca central de la facultad?,0
"El examen de la facultad estuvo de la chingada, pero alcancé a pasar. Qué dolor de cabeza, puta madre.",0
"Qué pendejada acabo de hacer con el café, lo derramé sobre el teclado.",0
"Ya valió madre, se cayó el sistema de la escuela otra vez.",0
Este tipo resultó ser una ignorante y da asco que exista.,1
"Qué pendejada acabo de hacer con el café, lo derramé sobre el teclado.",0
"El proyecto final de ingeniería quedó agendada para el próximo lunes. Qué dolor de cabeza, puta madre.",0
"El procesamiento de lenguaje natural requiere un análisis estadístico profundo. Qué dolor de cabeza, puta madre.",0
"No mames, está cabrón el tráfico de hoy en la avenida principal. Qué dolor de cabeza, puta madre.",0
Está cabrón terminar este proyecto final para el lunes.,0
Esa mujer resultó ser una pendejo y deberían banearlo ya.,1
El árbitro no es más que una lacra y eres un peligro social.,1
"¿Alguien sabe a qué hora abre la biblioteca central de la facultad? Qué dolor de cabeza, puta madre.",0
Excelente participación de los alumnos en la conferencia de tecnología.,0
Este tipo no es más que una parásito y lárgate de esta plataforma.,1
El árbitro no es más que una mierda y da asco que exista.,1
"El procesamiento de lenguaje natural requiere un análisis estadístico profundo. Qué dolor de cabeza, puta madre.",0
El moderador no es más que una basura y da asco que exista.,1
El creador del video se comporta como una cabrón y ojalá te pase algo malo.,1
"Esa mujer debería desaparecer, arruina la comunidad y nadie lo quiere aquí.",1
"ESE HATER DEBERÍA DESAPARECER, ARRUINA LA COMUNIDAD Y NADIE LO QUIERE AQUÍ.",1
"No mames, está cabrón el tráfico de hoy en la avenida principal. Qué dolor de cabeza, puta madre.",0
El proyecto final de ingeniería quedó agendada para el próximo lunes.,0
Ese usuario no es más que una pendeja y hay que lincharlo entre todos.,1
"El streamer debería desaparecer, arruina la comunidad y nadie lo quiere aquí.",1
"Ya valió madre, se cayó el sistema de la escuela otra vez.",0
"Ya valió madre, se cayó el sistema de la escuela otra vez.",0
"El creador del video debería desaparecer, arruina la comunidad y nadie lo quiere aquí.",1
El proyecto final de ingeniería quedó agendada para el próximo lunes.,0
El moderador es una completa imbécil y lárgate de esta plataforma.,1
El candidato se comporta como una plaga y deberían banearlo ya.,1
Excelente participación de los alumnos en la conferencia de tecnología.,0
Ese hater resultó ser una imbécil y da asco que exista.,1
"El árbitro debería desaparecer, arruina la comunidad y nadie lo quiere aquí.",1
"Ya valió madre, se cayó el sistema de la escuela otra vez.",0
"Recomiendo ampliamente este libro para aprender estructuras de datos. Qué dolor de cabeza, puta madre.",0
Está cabrón terminar este proyecto final para el lunes.,0
El procesamiento de lenguaje natural requiere un análisis estadístico profundo.,0
"No mames, está cabrón el tráfico de hoy en la avenida principal.",0
Ese hater no es más que una parásito y ojalá te pase algo malo.,1
ESTE TIPO NO ES MÁS QUE UNA MISERABLE Y OJALÁ TE PASE ALGO MALO.,1
Ese usuario es una completa ignorante y ojalá te pase algo malo.,1
"El examen de la facultad estuvo de la chingada, pero alcancé a pasar.",0
El moderador demuestra ser una basura y ojalá te pase algo malo.,1
Ese usuario es una completa miserable y eres un peligro social.,1
"Qué pendejo estoy, olvidé el archivo en la otra computadora. Qué dolor de cabeza, puta madre.",0
El proyecto final de ingeniería quedó agendada para el próximo lunes.,0
"No mames, está cabrón el tráfico de hoy en la avenida principal.",0
"Qué pendejada acabo de hacer con el café, lo derramé sobre el teclado. Qué dolor de cabeza, puta madre.",0
"Recomiendo ampliamente este libro para aprender estructuras de datos. Qué dolor de cabeza, puta madre.",0
"Qué pendejada acabo de hacer con el café, lo derramé sobre el teclado. Qué dolor de cabeza, puta madre.",0
"Ya valió madre, se cayó el sistema de la escuela otra vez. Qué dolor de cabeza, puta madre.",0
"El proyecto final de ingeniería quedó agendada para el próximo lunes. Qué dolor de cabeza, puta madre.",0
El creador del video no es más que una parásito y da asco que exista.,1
EL MODERADOR RESULTÓ SER UNA ESCORIA Y ERES UN PELIGRO SOCIAL.,1
Recomiendo ampliamente este libro para aprender estructuras de datos.,0
Esa mujer resultó ser una parásito y eres un peligro social.,1
Esa mujer es una completa incompetente y da asco que exista.,1
El moderador demuestra ser una incompetente y ojalá te pase algo malo.,1
Ese usuario se comporta como una ignorante y da asco que exista.,1
La diputada demuestra ser una ignorante y lárgate de esta plataforma.,1
"Ya valió madre, se cayó el sistema de la escuela otra vez.",0
"No mames, está cabrón el tráfico de hoy en la avenida principal.",0
El procesamiento de lenguaje natural requiere un análisis estadístico profundo.,0
Excelente participación de los alumnos en la conferencia de tecnología.,0
¿Alguien sabe a qué hora abre la biblioteca central de la facultad?,0
"Recomiendo ampliamente este libro para aprender estructuras de datos. Qué dolor de cabeza, puta madre.",0
"Qué pendejo estoy, olvidé el archivo en la otra computadora. Qué dolor de cabeza, puta madre.",0
Ese usuario resultó ser una idiota y hay que lincharlo entre todos.,1
Ese usuario no es más que una plaga y ojalá te pase algo malo.,1
El candidato se comporta como una escoria y ojalá te pase algo malo.,1
El streamer no es más que una parásito y deberían banearlo ya.,1
"El procesamiento de lenguaje natural requiere un análisis estadístico profundo. Qué dolor de cabeza, puta madre.",0
El moderador demuestra ser una idiota y eres un peligro social.,1
Este tipo se comporta como una parásito y ojalá te pase algo malo.,1
"No mames, está cabrón el tráfico de hoy en la avenida principal.",0
Esa mujer demuestra ser una miserable y eres un peligro social.,1
"El examen de la facultad estuvo de la chingada, pero alcancé a pasar.",0
Ese usuario no es más que una plaga y eres un peligro social.,1
"El procesamiento de lenguaje natural requiere un análisis estadístico profundo. Qué dolor de cabeza, puta madre.",0
EL STREAMER ES UNA COMPLETA MISERABLE Y HAY QUE LINCHARLO ENTRE TODOS.,1
"No mames, está cabrón el tráfico de hoy en la avenida principal. Qué dolor de cabeza, puta madre.",0
La diputada no es más que una basura y ojalá te pase algo malo.,1
"Está cabrón terminar este proyecto final para el lunes. Qué dolor de cabeza, puta madre.",0
Esa mujer no es más que una inepto y lárgate de esta plataforma.,1
¿Alguien sabe a qué hora abre la biblioteca central de la facultad?,0
Este tipo se comporta como una incompetente y ojalá te pase algo malo.,1
"Qué pendejada acabo de hacer con el café, lo derramé sobre el teclado.",0
"Muchas gracias por compartir el enlace con la documentación de la API. Qué dolor de cabeza, puta madre.",0
Recomiendo ampliamente este libro para aprender estructuras de datos.,0
"No mames, está cabrón el tráfico de hoy en la avenida principal.",0
"Ya valió madre, se cayó el sistema de la escuela otra vez.",0
El proyecto final de ingeniería quedó agendada para el próximo lunes.,0
El streamer es una completa parásito y da asco que exista.,1
"Está cabrón terminar este proyecto final para el lunes. Qué dolor de cabeza, puta madre.",0
"Ya valió madre, se cayó el sistema de la escuela otra vez. Qué dolor de cabeza, puta madre.",0
El moderador demuestra ser una plaga y ojalá te pase algo malo.,1
El creador del video se comporta como una imbécil y ojalá te pase algo malo.,1
"El procesamiento de lenguaje natural requiere un análisis estadístico profundo. Qué dolor de cabeza, puta madre.",0
El creador del video no es más que una rata y hay que lincharlo entre todos.,1
"Ya valió madre, se cayó el sistema de la escuela otra vez. Qué dolor de cabeza, puta madre.",0
"¿Alguien sabe a qué hora abre la biblioteca central de la facultad? Qué dolor de cabeza, puta madre.",0
Esa mujer no es más que una lacra y eres un peligro social.,1
El streamer demuestra ser una basura y da asco que exista.,1
Muchas gracias por compartir el enlace con la documentación de la API.,0
La diputada se comporta como una incompetente y ojalá te pase algo malo.,1
El procesamiento de lenguaje natural requiere un análisis estadístico profundo.,0
Ese usuario demuestra ser una parásito y ojalá te pase algo malo.,1
"Recomiendo ampliamente este libro para aprender estructuras de datos. Qué dolor de cabeza, puta madre.",0
EL MODERADOR NO ES MÁS QUE UNA ESCORIA Y DA ASCO QUE EXISTA.,1
"El examen de la facultad estuvo de la chingada, pero alcancé a pasar. Qué dolor de cabeza, puta madre.",0
"Ya valió madre, se cayó el sistema de la escuela otra vez.",0
Ese hater no es más que una escoria y hay que lincharlo entre todos.,1
LA DIPUTADA NO ES MÁS QUE UNA IGNORANTE Y OJALÁ TE PASE ALGO MALO.,1
"Qué pendejada acabo de hacer con el café, lo derramé sobre el teclado. Qué dolor de cabeza, puta madre.",0
El árbitro se comporta como una cabrón y deberían banearlo ya.,1
El candidato resultó ser una mierda y lárgate de esta plataforma.,1
"El proyecto final de ingeniería quedó agendada para el próximo lunes. Qué dolor de cabeza, puta madre.",0
Ese hater no es más que una escoria y deberían banearlo ya.,1
La diputada se comporta como una plaga y da asco que exista.,1
El moderador demuestra ser una cabrón y ojalá te pase algo malo.,1
El moderador resultó ser una pendejo y da asco que exista.,1
"El proyecto final de ingeniería quedó agendada para el próximo lunes. Qué dolor de cabeza, puta madre.",0
Esa mujer es una completa basura y da asco que exista.,1
ESTE TIPO SE COMPORTA COMO UNA MISERABLE Y LÁRGATE DE ESTA PLATAFORMA.,1
Este tipo se comporta como una basura y lárgate de esta plataforma.,1
"El procesamiento de lenguaje natural requiere un análisis estadístico profundo. Qué dolor de cabeza, puta madre.",0
"Muchas gracias por compartir el enlace con la documentación de la API. Qué dolor de cabeza, puta madre.",0
Ese hater se comporta como una lacra y ojalá te pase algo malo.,1
EL CREADOR DEL VIDEO NO ES MÁS QUE UNA ESCORIA Y ERES UN PELIGRO SOCIAL.,1
Ese usuario se comporta como una basura y da asco que exista.,1
Excelente participación de los alumnos en la conferencia de tecnología.,0
Muchas gracias por compartir el enlace con la documentación de la API.,0
"Qué pendejada acabo de hacer con el café, lo derramé sobre el teclado.",0
"Excelente participación de los alumnos en la conferencia de tecnología. Qué dolor de cabeza, puta madre.",0
"No mames, está cabrón el tráfico de hoy en la avenida principal.",0
EL CANDIDATO ES UNA COMPLETA PARÁSITO Y LÁRGATE DE ESTA PLATAFORMA.,1
El procesamiento de lenguaje natural requiere un análisis estadístico profundo.,0
EL CANDIDATO SE COMPORTA COMO UNA BASURA Y LÁRGATE DE ESTA PLATAFORMA.,1
"No mames, está cabrón el tráfico de hoy en la avenida principal.",0
El proyecto final de ingeniería quedó agendada para el próximo lunes.,0
"El proyecto final de ingeniería quedó agendada para el próximo lunes. Qué dolor de cabeza, puta madre.",0
El streamer se comporta como una imbécil y hay que lincharlo entre todos.,1
Este tipo se comporta como una pendejo y lárgate de esta plataforma.,1
Está cabrón terminar este proyecto final para el lunes.,0
"Este tipo debería desaparecer, arruina la comunidad y nadie lo quiere aquí.",1
Ese hater se comporta como una incompetente y da asco que exista.,1
El proyecto final de ingeniería quedó agendada para el próximo lunes.,0
"El examen de la facultad estuvo de la chingada, pero alcancé a pasar. Qué dolor de cabeza, puta madre.",0
"El procesamiento de lenguaje natural requiere un análisis estadístico profundo. Qué dolor de cabeza, puta madre.",0
"¿Alguien sabe a qué hora abre la biblioteca central de la facultad? Qué dolor de cabeza, puta madre.",0
Esa mujer demuestra ser una basura y deberían banearlo ya.,1
El proyecto final de ingeniería quedó agendada para el próximo lunes.,0
"Esa mujer debería desaparecer, arruina la comunidad y nadie lo quiere aquí.",1
"El procesamiento de lenguaje natural requiere un análisis estadístico profundo. Qué dolor de cabeza, puta madre.",0
El streamer es una completa parásito y deberían banearlo ya.,1
"Ya valió madre, se cayó el sistema de la escuela otra vez.",0
"Está cabrón terminar este proyecto final para el lunes. Qué dolor de cabeza, puta madre.",0
"Qué pendejada acabo de hacer con el café, lo derramé sobre el teclado.",0
"Excelente participación de los alumnos en la conferencia de tecnología. Qué dolor de cabeza, puta madre.",0
"Muchas gracias por compartir el enlace con la documentación de la API. Qué dolor de cabeza, puta madre.",0
¿Alguien sabe a qué hora abre la biblioteca central de la facultad?,0
"El examen de la facultad estuvo de la chingada, pero alcancé a pasar.",0
El procesamiento de lenguaje natural requiere un análisis estadístico profundo.,0
Esa mujer demuestra ser una plaga y lárgate de esta plataforma.,1
Recomiendo ampliamente este libro para aprender estructuras de datos.,0
Ese hater resultó ser una mierda y lárgate de esta plataforma.,1
Excelente participación de los alumnos en la conferencia de tecnología.,0
La diputada resultó ser una ignorante y deberían banearlo ya.,1
"Ya valió madre, se cayó el sistema de la escuela otra vez. Qué dolor de cabeza, puta madre.",0
Esa mujer se comporta como una cabrón y hay que lincharlo entre todos.,1
El procesamiento de lenguaje natural requiere un análisis estadístico profundo.,0
El streamer resultó ser una idiota y deberían banearlo ya.,1
La diputada no es más que una escoria y ojalá te pase algo malo.,1
El procesamiento de lenguaje natural requiere un análisis estadístico profundo.,0
La diputada se comporta como una pendeja y deberían banearlo ya.,1
El moderador se comporta como una pendejo y hay que lincharlo entre todos.,1
ESE USUARIO NO ES MÁS QUE UNA ESCORIA Y OJALÁ TE PASE ALGO MALO.,1
"¿Alguien sabe a qué hora abre la biblioteca central de la facultad? Qué dolor de cabeza, puta madre.",0
El árbitro resultó ser una plaga y ojalá te pase algo malo.,1
El proyecto final de ingeniería quedó agendada para el próximo lunes.,0
"¿Alguien sabe a qué hora abre la biblioteca central de la facultad? Qué dolor de cabeza, puta madre.",0
El moderador demuestra ser una rata y da asco que exista.,1
Esa mujer resultó ser una basura y eres un peligro social.,1
"Ya valió madre, se cayó el sistema de la escuela otra vez.",0
El árbitro no es más que una cabrón y da asco que exista.,1
"¿Alguien sabe a qué hora abre la biblioteca central de la facultad? Qué dolor de cabeza, puta madre.",0
"El examen de la facultad estuvo de la chingada, pero alcancé a pasar.",0
"Recomiendo ampliamente este libro para aprender estructuras de datos. Qué dolor de cabeza, puta madre.",0
El creador del video resultó ser una lacra y lárgate de esta plataforma.,1
Ese usuario demuestra ser una escoria y hay que lincharlo entre todos.,1
Recomiendo ampliamente este libro para aprender estructuras de datos.,0
"El examen de la facultad estuvo de la chingada, pero alcancé a pasar. Qué dolor de cabeza, puta madre.",0
Está cabrón terminar este proyecto final para el lunes.,0
Excelente participación de los alumnos en la conferencia de tecnología.,0
"Qué pendejada acabo de hacer con el café, lo derramé sobre el teclado.",0
Ese usuario es una completa ignorante y deberían banearlo ya.,1
"Qué pendejo estoy, olvidé el archivo en la otra computadora.",0
"Ya valió madre, se cayó el sistema de la escuela otra vez. Qué dolor de cabeza, puta madre.",0
Muchas gracias por compartir el enlace con la documentación de la API.,0
Está cabrón terminar este proyecto final para el lunes.,0
"Qué pendejada acabo de hacer con el café, lo derramé sobre el teclado. Qué dolor de cabeza, puta madre.",0
El creador del video no es más que una basura y da asco que exista.,1
Esa mujer demuestra ser una idiota y hay que lincharlo entre todos.,1
El proyecto final de ingeniería quedó agendada para el próximo lunes.,0
El candidato resultó ser una escoria y hay que lincharlo entre todos.,1
"El árbitro debería desaparecer, arruina la comunidad y nadie lo quiere aquí.",1
El creador del video demuestra ser una mierda y lárgate de esta plataforma.,1
El streamer no es más que una plaga y deberían banearlo ya.,1
"Qué pendejada acabo de hacer con el café, lo derramé sobre el teclado. Qué dolor de cabeza, puta madre.",0
"El proyecto final de ingeniería quedó agendada para el próximo lunes. Qué dolor de cabeza, puta madre.",0
EL ÁRBITRO NO ES MÁS QUE UNA CABRÓN Y ERES UN PELIGRO SOCIAL.,1
El candidato demuestra ser una rata y ojalá te pase algo malo.,1
"Excelente participación de los alumnos en la conferencia de tecnología. Qué dolor de cabeza, puta madre.",0
"Qué pendejo estoy, olvidé el archivo en la otra computadora.",0
El moderador resultó ser una parásito y da asco que exista.,1
Muchas gracias por compartir el enlace con la documentación de la API.,0
El candidato resultó ser una incompetente y ojalá te pase algo malo.,1
El proyecto final de ingeniería quedó agendada para el próximo lunes.,0
"El examen de la facultad estuvo de la chingada, pero alcancé a pasar. Qué dolor de cabeza, puta madre.",0
"No mames, está cabrón el tráfico de hoy en la avenida principal. Qué dolor de cabeza, puta madre.",0
Este tipo no es más que una rata y da asco que exista.,1
El creador del video demuestra ser una ignorante y ojalá te pase algo malo.,1
Ese hater resultó ser una miserable y da asco que exista.,1
Ese hater no es más que una rata y deberían banearlo ya.,1
El proyecto final de ingeniería quedó agendada para el próximo lunes.,0
"El examen de la facultad estuvo de la chingada, pero alcancé a pasar. Qué dolor de cabeza, puta madre.",0
El árbitro no es más que una pendeja y eres un peligro social.,1
"El examen de la facultad estuvo de la chingada, pero alcancé a pasar. Qué dolor de cabeza, puta madre.",0
Este tipo resultó ser una parásito y deberían banearlo ya.,1
El streamer demuestra ser una basura y lárgate de esta plataforma.,1
"Ya valió madre, se cayó el sistema de la escuela otra vez. Qué dolor de cabeza, puta madre.",0
"Qué pendejo estoy, olvidé el archivo en la otra computadora. Qué dolor de cabeza, puta madre.",0
"El candidato debería desaparecer, arruina la comunidad y nadie lo quiere aquí.",1
"Qué pendejo estoy, olvidé el archivo en la otra computadora. Qué dolor de cabeza, puta madre.",0
"Qué pendejada acabo de hacer con el café, lo derramé sobre el teclado.",0
"No mames, está cabrón el tráfico de hoy en la avenida principal.",0
El creador del video se comporta como una plaga y eres un peligro social.,1
Esa mujer resultó ser una incompetente y ojalá te pase algo malo.,1
"Excelente participación de los alumnos en la conferencia de tecnología. Qué dolor de cabeza, puta madre.",0
ESA MUJER NO ES MÁS QUE UNA IMBÉCIL Y OJALÁ TE PASE ALGO MALO.,1
"Qué pendejada acabo de hacer con el café, lo derramé sobre el teclado.",0
El streamer se comporta como una inepto y eres un peligro social.,1
"No mames, está cabrón el tráfico de hoy en la avenida principal.",0
El árbitro resultó ser una incompetente y deberían banearlo ya.,1
"No mames, está cabrón el tráfico de hoy en la avenida principal.",0
"El examen de la facultad estuvo de la chingada, pero alcancé a pasar. Qué dolor de cabeza, puta madre.",0
"Ya valió madre, se cayó el sistema de la escuela otra vez.",0
"El moderador debería desaparecer, arruina la comunidad y nadie lo quiere aquí.",1
"El examen de la facultad estuvo de la chingada, pero alcancé a pasar.",0
Este tipo se comporta como una plaga y lárgate de esta plataforma.,1
"No mames, está cabrón el tráfico de hoy en la avenida principal. Qué dolor de cabeza, puta madre.",0
La diputada resultó ser una imbécil y da asco que exista.,1
"El proyecto final de ingeniería quedó agendada para el próximo lunes. Qué dolor de cabeza, puta madre.",0
Ese usuario no es más que una lacra y deberían banearlo ya.,1
Esa mujer demuestra ser una imbécil y ojalá te pase algo malo.,1
"Qué pendejo estoy, olvidé el archivo en la otra computadora.",0
"Muchas gracias por compartir el enlace con la documentación de la API. Qué dolor de cabeza, puta madre.",0
"Está cabrón terminar este proyecto final para el lunes. Qué dolor de cabeza, puta madre.",0
"Qué pendejada acabo de hacer con el café, lo derramé sobre el teclado. Qué dolor de cabeza, puta madre.",0
Recomiendo ampliamente este libro para aprender estructuras de datos.,0
¿Alguien sabe a qué hora abre la biblioteca central de la facultad?,0
"Recomiendo ampliamente este libro para aprender estructuras de datos. Qué dolor de cabeza, puta madre.",0
"Muchas gracias por compartir el enlace con la documentación de la API. Qué dolor de cabeza, puta madre.",0
"Ya valió madre, se cayó el sistema de la escuela otra vez.",0
"No mames, está cabrón el tráfico de hoy en la avenida principal.",0
EL ÁRBITRO NO ES MÁS QUE UNA IGNORANTE Y LÁRGATE DE ESTA PLATAFORMA.,1
"Qué pendejada acabo de hacer con el café, lo derramé sobre el teclado. Qué dolor de cabeza, puta madre.",0
El candidato se comporta como una incompetente y da asco que exista.,1
Ese hater se comporta como una cabrón y lárgate de esta plataforma.,1
"Ya valió madre, se cayó el sistema de la escuela otra vez. Qué dolor de cabeza, puta madre.",0
Muchas gracias por compartir el enlace con la documentación de la API.,0
"Qué pendejada acabo de hacer con el café, lo derramé sobre el teclado.",0
Está cabrón terminar este proyecto final para el lunes.,0
El moderador es una completa rata y da asco que exista.,1
El creador del video se comporta como una cabrón y da asco que exista.,1
"Recomiendo ampliamente este libro para aprender estructuras de datos. Qué dolor de cabeza, puta madre.",0
EL STREAMER DEMUESTRA SER UNA MIERDA Y LÁRGATE DE ESTA PLATAFORMA.,1
"Ya valió madre, se cayó el sistema de la escuela otra vez. Qué dolor de cabeza, puta madre.",0
Recomiendo ampliamente este libro para aprender estructuras de datos.,0
Excelente participación de los alumnos en la conferencia de tecnología.,0
¿Alguien sabe a qué hora abre la biblioteca central de la facultad?,0
El proyecto final de ingeniería quedó agendada para el próximo lunes.,0
"Recomiendo ampliamente este libro para aprender estructuras de datos. Qué dolor de cabeza, puta madre.",0
El creador del video se comporta como una pendejo y ojalá te pase algo malo.,1
Ese hater no es más que una cabrón y eres un peligro social.,1
El creador del video resultó ser una plaga y ojalá te pase algo malo.,1
Esa mujer resultó ser una mierda y da asco que exista.,1
El streamer resultó ser una basura y hay que lincharlo entre todos.,1
El árbitro resultó ser una pendejo y deberían banearlo ya.,1
El proyecto final de ingeniería quedó agendada para el próximo lunes.,0
"Qué pendejo estoy, olvidé el archivo en la otra computadora. Qué dolor de cabeza, puta madre.",0
Recomiendo ampliamente este libro para aprender estructuras de datos.,0
Ese hater resultó ser una pendeja y lárgate de esta plataforma.,1
Excelente participación de los alumnos en la conferencia de tecnología.,0
"El examen de la facultad estuvo de la chingada, pero alcancé a pasar.",0
¿Alguien sabe a qué hora abre la biblioteca central de la facultad?,0
"El examen de la facultad estuvo de la chingada, pero alcancé a pasar.",0
Está cabrón terminar este proyecto final para el lunes.,0
El árbitro resultó ser una cabrón y hay que lincharlo entre todos.,1
¿Alguien sabe a qué hora abre la biblioteca central de la facultad?,0
El candidato resultó ser una incompetente y ojalá te pase algo malo.,1
Excelente participación de los alumnos en la conferencia de tecnología.,0
El proyecto final de ingeniería quedó agendada para el próximo lunes.,0
"Qué pendejada acabo de hacer con el café, lo derramé sobre el teclado.",0
Muchas gracias por compartir el enlace con la documentación de la API.,0
El creador del video se comporta como una imbécil y eres un peligro social.,1
Este tipo se comporta como una ignorante y hay que lincharlo entre todos.,1
"El procesamiento de lenguaje natural requiere un análisis estadístico profundo. Qué dolor de cabeza, puta madre.",0
La diputada resultó ser una escoria y eres un peligro social.,1
"Ya valió madre, se cayó el sistema de la escuela otra vez.",0
"El examen de la facultad estuvo de la chingada, pero alcancé a pasar. Qué dolor de cabeza, puta madre.",0
El candidato no es más que una rata y hay que lincharlo entre todos.,1
Ese usuario se comporta como una inepto y ojalá te pase algo malo.,1
"Qué pendejada acabo de hacer con el café, lo derramé sobre el teclado.",0
El árbitro demuestra ser una pendeja y ojalá te pase algo malo.,1
"Qué pendejada acabo de hacer con el café, lo derramé sobre el teclado.",0
Ese usuario resultó ser una inepto y ojalá te pase algo malo.,1
Está cabrón terminar este proyecto final para el lunes.,0
El moderador no es más que una parásito y hay que lincharlo entre todos.,1
El creador del video resultó ser una ignorante y ojalá te pase algo malo.,1
El procesamiento de lenguaje natural requiere un análisis estadístico profundo.,0
Ese hater resultó ser una incompetente y da asco que exista.,1
Esa mujer resultó ser una escoria y da asco que exista.,1
"Ya valió madre, se cayó el sistema de la escuela otra vez.",0
El proyecto final de ingeniería quedó agendada para el próximo lunes.,0
El creador del video no es más que una rata y hay que lincharlo entre todos.,1
Ese usuario es una completa rata y ojalá te pase algo malo.,1
El candidato no es más que una parásito y hay que lincharlo entre todos.,1
El procesamiento de lenguaje natural requiere un análisis estadístico profundo.,0
Ese hater resultó ser una plaga y eres un peligro social.,1
"Qué pendejada acabo de hacer con el café, lo derramé sobre el teclado.",0
El streamer es una completa ignorante y lárgate de esta plataforma.,1
"No mames, está cabrón el tráfico de hoy en la avenida principal.",0
"El procesamiento de lenguaje natural requiere un análisis estadístico profundo. Qué dolor de cabeza, puta madre.",0
El streamer demuestra ser una imbécil y deberían banearlo ya.,1
Ese hater resultó ser una cabrón y eres un peligro social.,1
"Qué pendejo estoy, olvidé el archivo en la otra computadora. Qué dolor de cabeza, puta madre.",0
Ese usuario resultó ser una mierda y hay que lincharlo entre todos.,1
"El examen de la facultad estuvo de la chingada, pero alcancé a pasar.",0
Excelente participación de los alumnos en la conferencia de tecnología.,0
"El examen de la facultad estuvo de la chingada, pero alcancé a pasar.",0
¿Alguien sabe a qué hora abre la biblioteca central de la facultad?,0
La diputada se comporta como una ignorante y deberían banearlo ya.,1
Ese usuario no es más que una basura y ojalá te pase algo malo.,1
Ese usuario es una completa inepto y da asco que exista.,1
Muchas gracias por compartir el enlace con la documentación de la API.,0
"Está cabrón terminar este proyecto final para el lunes. Qué dolor de cabeza, puta madre.",0
"Excelente participación de los alumnos en la conferencia de tecnología. Qué dolor de cabeza, puta madre.",0
El proyecto final de ingeniería quedó agendada para el próximo lunes.,0
"El examen de la facultad estuvo de la chingada, pero alcancé a pasar.",0
"Ese usuario debería desaparecer, arruina la comunidad y nadie lo quiere aquí.",1
El candidato resultó ser una rata y lárgate de esta plataforma.,1
"No mames, está cabrón el tráfico de hoy en la avenida principal.",0
"Qué pendejada acabo de hacer con el café, lo derramé sobre el teclado. Qué dolor de cabeza, puta madre.",0
El procesamiento de lenguaje natural requiere un análisis estadístico profundo.,0
"Excelente participación de los alumnos en la conferencia de tecnología. Qué dolor de cabeza, puta madre.",0
El proyecto final de ingeniería quedó agendada para el próximo lunes.,0
Está cabrón terminar este proyecto final para el lunes.,0
"¿Alguien sabe a qué hora abre la biblioteca central de la facultad? Qué dolor de cabeza, puta madre.",0
El proyecto final de ingeniería quedó agendada para el próximo lunes.,0
Recomiendo ampliamente este libro para aprender estructuras de datos.,0
El moderador demuestra ser una ignorante y hay que lincharlo entre todos.,1
ESTE TIPO SE COMPORTA COMO UNA BASURA Y ERES UN PELIGRO SOCIAL.,1
El streamer se comporta como una incompetente y eres un peligro social.,1
Esa mujer demuestra ser una escoria y lárgate de esta plataforma.,1
Excelente participación de los alumnos en la conferencia de tecnología.,0
"Qué pendejo estoy, olvidé el archivo en la otra computadora.",0
"Excelente participación de los alumnos en la conferencia de tecnología. Qué dolor de cabeza, puta madre.",0
¿Alguien sabe a qué hora abre la biblioteca central de la facultad?,0
La diputada se comporta como una basura y lárgate de esta plataforma.,1
"Muchas gracias por compartir el enlace con la documentación de la API. Qué dolor de cabeza, puta madre.",0
"Qué pendejo estoy, olvidé el archivo en la otra computadora.",0
"No mames, está cabrón el tráfico de hoy en la avenida principal.",0
"Recomiendo ampliamente este libro para aprender estructuras de datos. Qué dolor de cabeza, puta madre.",0
"Qué pendejada acabo de hacer con el café, lo derramé sobre el teclado.",0
Está cabrón terminar este proyecto final para el lunes.,0
"Qué pendejada acabo de hacer con el café, lo derramé sobre el teclado. Qué dolor de cabeza, puta madre.",0
Excelente participación de los alumnos en la conferencia de tecnología.,0
El árbitro es una completa ignorante y lárgate de esta plataforma.,1
El streamer se comporta como una escoria y eres un peligro social.,1
EL CANDIDATO RESULTÓ SER UNA BASURA Y HAY QUE LINCHARLO ENTRE TODOS.,1
"¿Alguien sabe a qué hora abre la biblioteca central de la facultad? Qué dolor de cabeza, puta madre.",0
El árbitro demuestra ser una cabrón y deberían banearlo ya.,1
"Ya valió madre, se cayó el sistema de la escuela otra vez.",0
El moderador demuestra ser una inepto y ojalá te pase algo malo.,1
"¿Alguien sabe a qué hora abre la biblioteca central de la facultad? Qué dolor de cabeza, puta madre.",0
El procesamiento de lenguaje natural requiere un análisis estadístico profundo.,0
ESA MUJER RESULTÓ SER UNA ESCORIA Y HAY QUE LINCHARLO ENTRE TODOS.,1
Este tipo resultó ser una miserable y lárgate de esta plataforma.,1
El moderador no es más que una pendejo y da asco que exista.,1
"Qué pendejada acabo de hacer con el café, lo derramé sobre el teclado. Qué dolor de cabeza, puta madre.",0
Este tipo resultó ser una imbécil y hay que lincharlo entre todos.,1
"Muchas gracias por compartir el enlace con la documentación de la API. Qué dolor de cabeza, puta madre.",0
"¿Alguien sabe a qué hora abre la biblioteca central de la facultad? Qué dolor de cabeza, puta madre.",0
Esa mujer no es más que una plaga y lárgate de esta plataforma.,1
Ese usuario demuestra ser una plaga y da asco que exista.,1
El creador del video demuestra ser una idiota y eres un peligro social.,1
El proyecto final de ingeniería quedó agendada para el próximo lunes.,0
EL ÁRBITRO ES UNA COMPLETA LACRA Y ERES UN PELIGRO SOCIAL.,1
El candidato no es más que una rata y lárgate de esta plataforma.,1
¿Alguien sabe a qué hora abre la biblioteca central de la facultad?,0
El creador del video demuestra ser una parásito y lárgate de esta plataforma.,1
Ese hater no es más que una basura y deberían banearlo ya.,1
El moderador se comporta como una imbécil y da asco que exista.,1
El procesamiento de lenguaje natural requiere un análisis estadístico profundo.,0
"Ya valió madre, se cayó el sistema de la escuela otra vez.",0
EL ÁRBITRO SE COMPORTA COMO UNA PENDEJA Y OJALÁ TE PASE ALGO MALO.,1
"Qué pendejada acabo de hacer con el café, lo derramé sobre el teclado. Qué dolor de cabeza, puta madre.",0
"Qué pendejo estoy, olvidé el archivo en la otra computadora. Qué dolor de cabeza, puta madre.",0
El proyecto final de ingeniería quedó agendada para el próximo lunes.,0
Ese hater no es más que una inepto y deberían banearlo ya.,1
El creador del video no es más que una pendejo y ojalá te pase algo malo.,1
"Ya valió madre, se cayó el sistema de la escuela otra vez.",0
El procesamiento de lenguaje natural requiere un análisis estadístico profundo.,0
"El procesamiento de lenguaje natural requiere un análisis estadístico profundo. Qué dolor de cabeza, puta madre.",0
Este tipo demuestra ser una rata y hay que lincharlo entre todos.,1
El proyecto final de ingeniería quedó agendada para el próximo lunes.,0
"Qué pendejada acabo de hacer con el café, lo derramé sobre el teclado. Qué dolor de cabeza, puta madre.",0
"El examen de la facultad estuvo de la chingada, pero alcancé a pasar.",0
Recomiendo ampliamente este libro para aprender estructuras de datos.,0
"Qué pendejada acabo de hacer con el café, lo derramé sobre el teclado.",0
"Qué pendejada acabo de hacer con el café, lo derramé sobre el teclado.",0
El creador del video resultó ser una mierda y lárgate de esta plataforma.,1
Este tipo demuestra ser una ignorante y da asco que exista.,1
EL MODERADOR RESULTÓ SER UNA RATA Y ERES UN PELIGRO SOCIAL.,1
El candidato demuestra ser una basura y da asco que exista.,1
El árbitro no es más que una pendeja y ojalá te pase algo malo.,1
"El creador del video debería desaparecer, arruina la comunidad y nadie lo quiere aquí.",1
"Qué pendejada acabo de hacer con el café, lo derramé sobre el teclado.",0
"Qué pendejo estoy, olvidé el archivo en la otra computadora. Qué dolor de cabeza, puta madre.",0
"No mames, está cabrón el tráfico de hoy en la avenida principal.",0
"No mames, está cabrón el tráfico de hoy en la avenida principal.",0
ESE HATER RESULTÓ SER UNA IGNORANTE Y HAY QUE LINCHARLO ENTRE TODOS.,1
El streamer no es más que una ignorante y eres un peligro social.,1
¿Alguien sabe a qué hora abre la biblioteca central de la facultad?,0
EL STREAMER RESULTÓ SER UNA CABRÓN Y DA ASCO QUE EXISTA.,1
¿Alguien sabe a qué hora abre la biblioteca central de la facultad?,0
Este tipo no es más que una imbécil y deberían banearlo ya.,1
EL STREAMER ES UNA COMPLETA PLAGA Y OJALÁ TE PASE ALGO MALO.,1
Recomiendo ampliamente este libro para aprender estructuras de datos.,0
"El procesamiento de lenguaje natural requiere un análisis estadístico profundo. Qué dolor de cabeza, puta madre.",0
Esa mujer no es más que una rata y hay que lincharlo entre todos.,1
Esa mujer se comporta como una mierda y eres un peligro social.,1
Ese usuario demuestra ser una lacra y da asco que exista.,1
"No mames, está cabrón el tráfico de hoy en la avenida principal. Qué dolor de cabeza, puta madre.",0
El creador del video se comporta como una basura y deberían banearlo ya.,1
Ese usuario es una completa miserable y eres un peligro social.,1
Ese usuario es una completa rata y da asco que exista.,1
La diputada no es más que una parásito y lárgate de esta plataforma.,1
"Está cabrón terminar este proyecto final para el lunes. Qué dolor de cabeza, puta madre.",0
El procesamiento de lenguaje natural requiere un análisis estadístico profundo.,0
EL CREADOR DEL VIDEO SE COMPORTA COMO UNA BASURA Y OJALÁ TE PASE ALGO MALO.,1
"Qué pendejada acabo de hacer con el café, lo derramé sobre el teclado. Qué dolor de cabeza, puta madre.",0
"Qué pendejada acabo de hacer con el café, lo derramé sobre el teclado.",0
El árbitro se comporta como una pendeja y lárgate de esta plataforma.,1
"Ya valió madre, se cayó el sistema de la escuela otra vez. Qué dolor de cabeza, puta madre.",0
El creador del video es una completa pendeja y hay que lincharlo entre todos.,1
Esa mujer demuestra ser una rata y deberían banearlo ya.,1
EL MODERADOR DEMUESTRA SER UNA INEPTO Y LÁRGATE DE ESTA PLATAFORMA.,1
EL MODERADOR DEMUESTRA SER UNA PLAGA Y OJALÁ TE PASE ALGO MALO.,1
"El proyecto final de ingeniería quedó agendada para el próximo lunes. Qué dolor de cabeza, puta madre.",0
El streamer demuestra ser una rata y eres un peligro social.,1
"Qué pendejada acabo de hacer con el café, lo derramé sobre el teclado. Qué dolor de cabeza, puta madre.",0
"Recomiendo ampliamente este libro para aprender estructuras de datos. Qué dolor de cabeza, puta madre.",0
EL STREAMER DEMUESTRA SER UNA MISERABLE Y ERES UN PELIGRO SOCIAL.,1
"¿Alguien sabe a qué hora abre la biblioteca central de la facultad? Qué dolor de cabeza, puta madre.",0
"Qué pendejada acabo de hacer con el café, lo derramé sobre el teclado.",0
ESA MUJER NO ES MÁS QUE UNA IGNORANTE Y DA ASCO QUE EXISTA.,1
Ese hater es una completa rata y hay que lincharlo entre todos.,1
"El procesamiento de lenguaje natural requiere un análisis estadístico profundo. Qué dolor de cabeza, puta madre.",0
Ese hater no es más que una inepto y lárgate de esta plataforma.,1
Está cabrón terminar este proyecto final para el lunes.,0
ESA MUJER SE COMPORTA COMO UNA MIERDA Y DA ASCO QUE EXISTA.,1
Está cabrón terminar este proyecto final para el lunes.,0
Está cabrón terminar este proyecto final para el lunes.,0
El candidato se comporta como una mierda y ojalá te pase algo malo.,1
"Qué pendejada acabo de hacer con el café, lo derramé sobre el teclado.",0
El streamer demuestra ser una idiota y ojalá te pase algo malo.,1
Muchas gracias por compartir el enlace con la documentación de la API.,0
Está cabrón terminar este proyecto final para el lunes.,0
Esa mujer se comporta como una rata y ojalá te pase algo malo.,1
"Qué pendejada acabo de hacer con el café, lo derramé sobre el teclado.",0
¿Alguien sabe a qué hora abre la biblioteca central de la facultad?,0
"Qué pendejo estoy, olvidé el archivo en la otra computadora.",0
"El examen de la facultad estuvo de la chingada, pero alcancé a pasar.",0
Este tipo demuestra ser una basura y hay que lincharlo entre todos.,1
"El examen de la facultad estuvo de la chingada, pero alcancé a pasar. Qué dolor de cabeza, puta madre.",0
Este tipo no es más que una escoria y da asco que exista.,1
Ese usuario se comporta como una mierda y deberían banearlo ya.,1
"Qué pendejo estoy, olvidé el archivo en la otra computadora. Qué dolor de cabeza, puta madre.",0
El árbitro resultó ser una plaga y da asco que exista.,1
"El examen de la facultad estuvo de la chingada, pero alcancé a pasar.",0
El creador del video demuestra ser una basura y lárgate de esta plataforma.,1
La diputada es una completa ignorante y lárgate de esta plataforma.,1
Esa mujer demuestra ser una pendejo y da asco que exista.,1
El streamer demuestra ser una inepto y ojalá te pase algo malo.,1
"Ya valió madre, se cayó el sistema de la escuela otra vez.",0
La diputada resultó ser una basura y lárgate de esta plataforma.,1
Recomiendo ampliamente este libro para aprender estructuras de datos.,0
Ese hater resultó ser una miserable y ojalá te pase algo malo.,1
El creador del video no es más que una parásito y hay que lincharlo entre todos.,1
"LA DIPUTADA DEBERÍA DESAPARECER, ARRUINA LA COMUNIDAD Y NADIE LO QUIERE AQUÍ.",1
Muchas gracias por compartir el enlace con la documentación de la API.,0
Ese usuario resultó ser una imbécil y da asco que exista.,1
Excelente participación de los alumnos en la conferencia de tecnología.,0
Esa mujer demuestra ser una escoria y hay que lincharlo entre todos.,1
El proyecto final de ingeniería quedó agendada para el próximo lunes.,0
Ese hater se comporta como una parásito y hay que lincharlo entre todos.,1
"La diputada debería desaparecer, arruina la comunidad y nadie lo quiere aquí.",1
"Ya valió madre, se cayó el sistema de la escuela otra vez.",0
El candidato se comporta como una ignorante y deberían banearlo ya.,1
El creador del video no es más que una lacra y da asco que exista.,1
Este tipo resultó ser una lacra y eres un peligro social.,1
El candidato no es más que una lacra y da asco que exista.,1
Ese usuario resultó ser una lacra y ojalá te pase algo malo.,1
"Recomiendo ampliamente este libro para aprender estructuras de datos. Qué dolor de cabeza, puta madre.",0
"Muchas gracias por compartir el enlace con la documentación de la API. Qué dolor de cabeza, puta madre.",0
ESE USUARIO ES UNA COMPLETA CABRÓN Y HAY QUE LINCHARLO ENTRE TODOS.,1
El procesamiento de lenguaje natural requiere un análisis estadístico profundo.,0
"El streamer debería desaparecer, arruina la comunidad y nadie lo quiere aquí.",1
EL STREAMER ES UNA COMPLETA INEPTO Y ERES UN PELIGRO SOCIAL.,1
"Está cabrón terminar este proyecto final para el lunes. Qué dolor de cabeza, puta madre.",0
Esa mujer se comporta como una ignorante y lárgate de esta plataforma.,1
Muchas gracias por compartir el enlace con la documentación de la API.,0
El creador del video no es más que una imbécil y ojalá te pase algo malo.,1
"¿Alguien sabe a qué hora abre la biblioteca central de la facultad? Qué dolor de cabeza, puta madre.",0
El moderador no es más que una pendeja y da asco que exista.,1
El árbitro es una completa imbécil y lárgate de esta plataforma.,1
El streamer resultó ser una pendejo y da asco que exista.,1
Muchas gracias por compartir el enlace con la documentación de la API.,0
Está cabrón terminar este proyecto final para el lunes.,0
"El examen de la facultad estuvo de la chingada, pero alcancé a pasar. Qué dolor de cabeza, puta madre.",0
"Está cabrón terminar este proyecto final para el lunes. Qué dolor de cabeza, puta madre.",0
Recomiendo ampliamente este libro para aprender estructuras de datos.,0
"El examen de la facultad estuvo de la chingada, pero alcancé a pasar.",0
EL ÁRBITRO RESULTÓ SER UNA RATA Y HAY QUE LINCHARLO ENTRE TODOS.,1
LA DIPUTADA SE COMPORTA COMO UNA MIERDA Y LÁRGATE DE ESTA PLATAFORMA.,1
El moderador se comporta como una rata y deberían banearlo ya.,1
El streamer es una completa inepto y hay que lincharlo entre todos.,1
El proyecto final de ingeniería quedó agendada para el próximo lunes.,0
El creador del video se comporta como una plaga y deberían banearlo ya.,1
El streamer demuestra ser una cabrón y eres un peligro social.,1
"Ya valió madre, se cayó el sistema de la escuela otra vez.",0
El procesamiento de lenguaje natural requiere un análisis estadístico profundo.,0
Esa mujer es una completa cabrón y ojalá te pase algo malo.,1
Está cabrón terminar este proyecto final para el lunes.,0
El candidato es una completa imbécil y deberían banearlo ya.,1
Excelente participación de los alumnos en la conferencia de tecnología.,0
El proyecto final de ingeniería quedó agendada para el próximo lunes.,0
"El examen de la facultad estuvo de la chingada, pero alcancé a pasar. Qué dolor de cabeza, puta madre.",0
¿Alguien sabe a qué hora abre la biblioteca central de la facultad?,0
La diputada demuestra ser una pendejo y ojalá te pase algo malo.,1
"¿Alguien sabe a qué hora abre la biblioteca central de la facultad? Qué dolor de cabeza, puta madre.",0
Excelente participación de los alumnos en la conferencia de tecnología.,0
Ese usuario es una completa mierda y deberían banearlo ya.,1
Muchas gracias por compartir el enlace con la documentación de la API.,0
"El proyecto final de ingeniería quedó agendada para el próximo lunes. Qué dolor de cabeza, puta madre.",0
Ese usuario es una completa ignorante y ojalá te pase algo malo.,1
El creador del video resultó ser una mierda y lárgate de esta plataforma.,1
Ese hater se comporta como una pendejo y lárgate de esta plataforma.,1
La diputada demuestra ser una plaga y eres un peligro social.,1
"Qué pendejo estoy, olvidé el archivo en la otra computadora.",0
Este tipo no es más que una imbécil y da asco que exista.,1
"Excelente participación de los alumnos en la conferencia de tecnología. Qué dolor de cabeza, puta madre.",0
EL CREADOR DEL VIDEO NO ES MÁS QUE UNA PENDEJA Y LÁRGATE DE ESTA PLATAFORMA.,1
"Ya valió madre, se cayó el sistema de la escuela otra vez.",0
"Qué pendejo estoy, olvidé el archivo en la otra computadora.",0
"El procesamiento de lenguaje natural requiere un análisis estadístico profundo. Qué dolor de cabeza, puta madre.",0
"Qué pendejo estoy, olvidé el archivo en la otra computadora.",0
"El examen de la facultad estuvo de la chingada, pero alcancé a pasar.",0
¿Alguien sabe a qué hora abre la biblioteca central de la facultad?,0
La diputada resultó ser una cabrón y hay que lincharlo entre todos.,1
El árbitro es una completa rata y da asco que exista.,1
"Ya valió madre, se cayó el sistema de la escuela otra vez. Qué dolor de cabeza, puta madre.",0
El moderador es una completa escoria y hay que lincharlo entre todos.,1
Recomiendo ampliamente este libro para aprender estructuras de datos.,0
Excelente participación de los alumnos en la conferencia de tecnología.,0
EL ÁRBITRO SE COMPORTA COMO UNA ESCORIA Y OJALÁ TE PASE ALGO MALO.,1
"¿Alguien sabe a qué hora abre la biblioteca central de la facultad? Qué dolor de cabeza, puta madre.",0
"El examen de la facultad estuvo de la chingada, pero alcancé a pasar.",0
"No mames, está cabrón el tráfico de hoy en la avenida principal. Qué dolor de cabeza, puta madre.",0
"No mames, está cabrón el tráfico de hoy en la avenida principal.",0
"¿Alguien sabe a qué hora abre la biblioteca central de la facultad? Qué dolor de cabeza, puta madre.",0
"Qué pendejada acabo de hacer con el café, lo derramé sobre el teclado. Qué dolor de cabeza, puta madre.",0
LA DIPUTADA SE COMPORTA COMO UNA IDIOTA Y HAY QUE LINCHARLO ENTRE TODOS.,1
El árbitro no es más que una incompetente y ojalá te pase algo malo.,1
El creador del video se comporta como una basura y lárgate de esta plataforma.,1
La diputada resultó ser una ignorante y lárgate de esta plataforma.,1
"Está cabrón terminar este proyecto final para el lunes. Qué dolor de cabeza, puta madre.",0
Ese hater es una completa mierda y lárgate de esta plataforma.,1
La diputada no es más que una imbécil y hay que lincharlo entre todos.,1
ESTE TIPO DEMUESTRA SER UNA LACRA Y HAY QUE LINCHARLO ENTRE TODOS.,1
"Muchas gracias por compartir el enlace con la documentación de la API. Qué dolor de cabeza, puta madre.",0
"No mames, está cabrón el tráfico de hoy en la avenida principal. Qué dolor de cabeza, puta madre.",0
El streamer demuestra ser una cabrón y eres un peligro social.,1
"Qué pendejada acabo de hacer con el café, lo derramé sobre el teclado.",0
LA DIPUTADA ES UNA COMPLETA PARÁSITO Y ERES UN PELIGRO SOCIAL.,1
El candidato no es más que una pendeja y da asco que exista.,1
"Muchas gracias por compartir el enlace con la documentación de la API. Qué dolor de cabeza, puta madre.",0
"No mames, está cabrón el tráfico de hoy en la avenida principal.",0
EL CANDIDATO SE COMPORTA COMO UNA PENDEJO Y HAY QUE LINCHARLO ENTRE TODOS.,1
Esa mujer se comporta como una ignorante y deberían banearlo ya.,1
Ese hater es una completa basura y ojalá te pase algo malo.,1
"Ya valió madre, se cayó el sistema de la escuela otra vez. Qué dolor de cabeza, puta madre.",0
Está cabrón terminar este proyecto final para el lunes.,0
Este tipo demuestra ser una pendejo y ojalá te pase algo malo.,1
LA DIPUTADA ES UNA COMPLETA RATA Y LÁRGATE DE ESTA PLATAFORMA.,1
El streamer no es más que una miserable y ojalá te pase algo malo.,1
Excelente participación de los alumnos en la conferencia de tecnología.,0
"El examen de la facultad estuvo de la chingada, pero alcancé a pasar. Qué dolor de cabeza, puta madre.",0
"Qué pendejada acabo de hacer con el café, lo derramé sobre el teclado.",0
"Qué pendejo estoy, olvidé el archivo en la otra computadora.",0
El árbitro resultó ser una lacra y ojalá te pase algo malo.,1
"Está cabrón terminar este proyecto final para el lunes. Qué dolor de cabeza, puta madre.",0
Ese usuario resultó ser una ignorante y lárgate de esta plataforma.,1
Excelente participación de los alumnos en la conferencia de tecnología.,0
El creador del video resultó ser una basura y hay que lincharlo entre todos.,1
"Este tipo debería desaparecer, arruina la comunidad y nadie lo quiere aquí.",1
Ese usuario demuestra ser una parásito y da asco que exista.,1
"¿Alguien sabe a qué hora abre la biblioteca central de la facultad? Qué dolor de cabeza, puta madre.",0
Este tipo se comporta como una parásito y lárgate de esta plataforma.,1
"Ese usuario debería desaparecer, arruina la comunidad y nadie lo quiere aquí.",1
"Este tipo debería desaparecer, arruina la comunidad y nadie lo quiere aquí.",1
"Qué pendejada acabo de hacer con el café, lo derramé sobre el teclado.",0
Esa mujer demuestra ser una miserable y eres un peligro social.,1
Esa mujer se comporta como una imbécil y ojalá te pase algo malo.,1
LA DIPUTADA ES UNA COMPLETA IMBÉCIL Y LÁRGATE DE ESTA PLATAFORMA.,1
Ese usuario resultó ser una imbécil y ojalá te pase algo malo.,1
El creador del video demuestra ser una basura y hay que lincharlo entre todos.,1
El candidato se comporta como una cabrón y hay que lincharlo entre todos.,1
El creador del video no es más que una plaga y lárgate de esta plataforma.,1
"Esa mujer debería desaparecer, arruina la comunidad y nadie lo quiere aquí.",1
"No mames, está cabrón el tráfico de hoy en la avenida principal.",0
"El árbitro debería desaparecer, arruina la comunidad y nadie lo quiere aquí.",1
Este tipo no es más que una parásito y hay que lincharlo entre todos.,1
"Qué pendejo estoy, olvidé el archivo en la otra computadora.",0
Esa mujer es una completa inepto y ojalá te pase algo malo.,1
LA DIPUTADA SE COMPORTA COMO UNA IDIOTA Y HAY QUE LINCHARLO ENTRE TODOS.,1
¿Alguien sabe a qué hora abre la biblioteca central de la facultad?,0
"Ya valió madre, se cayó el sistema de la escuela otra vez.",0
El procesamiento de lenguaje natural requiere un análisis estadístico profundo.,0
El streamer no es más que una miserable y eres un peligro social.,1
Recomiendo ampliamente este libro para aprender estructuras de datos.,0
¿Alguien sabe a qué hora abre la biblioteca central de la facultad?,0
Muchas gracias por compartir el enlace con la documentación de la API.,0
"El examen de la facultad estuvo de la chingada, pero alcancé a pasar.",0
¿Alguien sabe a qué hora abre la biblioteca central de la facultad?,0
Esa mujer no es más que una basura y hay que lincharlo entre todos.,1
El creador del video resultó ser una ignorante y lárgate de esta plataforma.,1
El moderador es una completa lacra y da asco que exista.,1
El proyecto final de ingeniería quedó agendada para el próximo lunes.,0
El creador del video no es más que una mierda y hay que lincharlo entre todos.,1
"No mames, está cabrón el tráfico de hoy en la avenida principal.",0
La diputada es una completa plaga y deberían banearlo ya.,1
Este tipo es una completa plaga y hay que lincharlo entre todos.,1
"Ya valió madre, se cayó el sistema de la escuela otra vez.",0
EL CANDIDATO NO ES MÁS QUE UNA RATA Y ERES UN PELIGRO SOCIAL.,1
"No mames, está cabrón el tráfico de hoy en la avenida principal.",0
ESA MUJER SE COMPORTA COMO UNA IDIOTA Y LÁRGATE DE ESTA PLATAFORMA.,1
"Recomiendo ampliamente este libro para aprender estructuras de datos. Qué dolor de cabeza, puta madre.",0
Ese usuario resultó ser una inepto y da asco que exista.,1
El proyecto final de ingeniería quedó agendada para el próximo lunes.,0
"No mames, está cabrón el tráfico de hoy en la avenida principal. Qué dolor de cabeza, puta madre.",0
"Muchas gracias por compartir el enlace con la documentación de la API. Qué dolor de cabeza, puta madre.",0
EL ÁRBITRO SE COMPORTA COMO UNA IMBÉCIL Y ERES UN PELIGRO SOCIAL.,1
¿Alguien sabe a qué hora abre la biblioteca central de la facultad?,0
"ESE HATER DEBERÍA DESAPARECER, ARRUINA LA COMUNIDAD Y NADIE LO QUIERE AQUÍ.",1
Está cabrón terminar este proyecto final para el lunes.,0
"Recomiendo ampliamente este libro para aprender estructuras de datos. Qué dolor de cabeza, puta madre.",0
El árbitro resultó ser una imbécil y deberían banearlo ya.,1
Ese usuario es una completa ignorante y hay que lincharlo entre todos.,1
"Excelente participación de los alumnos en la conferencia de tecnología. Qué dolor de cabeza, puta madre.",0
"No mames, está cabrón el tráfico de hoy en la avenida principal.",0
El streamer resultó ser una pendeja y ojalá te pase algo malo.,1
Ese usuario no es más que una pendejo y lárgate de esta plataforma.,1
ESE USUARIO ES UNA COMPLETA IDIOTA Y DA ASCO QUE EXISTA.,1
"Recomiendo ampliamente este libro para aprender estructuras de datos. Qué dolor de cabeza, puta madre.",0
El árbitro se comporta como una incompetente y deberían banearlo ya.,1
Ese usuario demuestra ser una parásito y hay que lincharlo entre todos.,1
"ESTE TIPO DEBERÍA DESAPARECER, ARRUINA LA COMUNIDAD Y NADIE LO QUIERE AQUÍ.",1
EL CANDIDATO SE COMPORTA COMO UNA IDIOTA Y OJALÁ TE PASE ALGO MALO.,1
Muchas gracias por compartir el enlace con la documentación de la API.,0
La diputada es una completa lacra y ojalá te pase algo malo.,1
"El streamer debería desaparecer, arruina la comunidad y nadie lo quiere aquí.",1
El proyecto final de ingeniería quedó agendada para el próximo lunes.,0
El árbitro demuestra ser una imbécil y deberían banearlo ya.,1
"Qué pendejo estoy, olvidé el archivo en la otra computadora.",0
"EL ÁRBITRO DEBERÍA DESAPARECER, ARRUINA LA COMUNIDAD Y NADIE LO QUIERE AQUÍ.",1
"Qué pendejo estoy, olvidé el archivo en la otra computadora. Qué dolor de cabeza, puta madre.",0
"Ya valió madre, se cayó el sistema de la escuela otra vez.",0
"Qué pendejo estoy, olvidé el archivo en la otra computadora. Qué dolor de cabeza, puta madre.",0
ESA MUJER RESULTÓ SER UNA BASURA Y DA ASCO QUE EXISTA.,1
"El examen de la facultad estuvo de la chingada, pero alcancé a pasar. Qué dolor de cabeza, puta madre.",0
El moderador no es más que una escoria y hay que lincharlo entre todos.,1
"Ya valió madre, se cayó el sistema de la escuela otra vez.",0
EL STREAMER ES UNA COMPLETA IDIOTA Y DEBERÍAN BANEARLO YA.,1
"Qué pendejo estoy, olvidé el archivo en la otra computadora. Qué dolor de cabeza, puta madre.",0
"La diputada debería desaparecer, arruina la comunidad y nadie lo quiere aquí.",1
Muchas gracias por compartir el enlace con la documentación de la API.,0
El moderador demuestra ser una plaga y da asco que exista.,1
EL CANDIDATO SE COMPORTA COMO UNA ESCORIA Y OJALÁ TE PASE ALGO MALO.,1
Muchas gracias por compartir el enlace con la documentación de la API.,0
El creador del video es una completa plaga y eres un peligro social.,1
"Qué pendejada acabo de hacer con el café, lo derramé sobre el teclado.",0
ESE HATER DEMUESTRA SER UNA ESCORIA Y HAY QUE LINCHARLO ENTRE TODOS.,1
LA DIPUTADA NO ES MÁS QUE UNA LACRA Y ERES UN PELIGRO SOCIAL.,1
El candidato demuestra ser una rata y ojalá te pase algo malo.,1
ESE HATER DEMUESTRA SER UNA PENDEJO Y ERES UN PELIGRO SOCIAL.,1
"Ya valió madre, se cayó el sistema de la escuela otra vez.",0
El streamer resultó ser una miserable y da asco que exista.,1
"Ese hater debería desaparecer, arruina la comunidad y nadie lo quiere aquí.",1
"El examen de la facultad estuvo de la chingada, pero alcancé a pasar.",0
Este tipo demuestra ser una ignorante y lárgate de esta plataforma.,1
"EL MODERADOR DEBERÍA DESAPARECER, ARRUINA LA COMUNIDAD Y NADIE LO QUIERE AQUÍ.",1
"Ese hater debería desaparecer, arruina la comunidad y nadie lo quiere aquí.",1
ESE HATER ES UNA COMPLETA RATA Y OJALÁ TE PASE ALGO MALO.,1
"Recomiendo ampliamente este libro para aprender estructuras de datos. Qué dolor de cabeza, puta madre.",0
El streamer resultó ser una imbécil y da asco que exista.,1
"El proyecto final de ingeniería quedó agendada para el próximo lunes. Qué dolor de cabeza, puta madre.",0
EL STREAMER NO ES MÁS QUE UNA RATA Y ERES UN PELIGRO SOCIAL.,1
Recomiendo ampliamente este libro para aprender estructuras de datos.,0
EL CANDIDATO SE COMPORTA COMO UNA PLAGA Y DA ASCO QUE EXISTA.,1
"Qué pendejada acabo de hacer con el café, lo derramé sobre el teclado. Qué dolor de cabeza, puta madre.",0
Ese usuario es una completa miserable y deberían banearlo ya.,1
El proyecto final de ingeniería quedó agendada para el próximo lunes.,0
ESE HATER DEMUESTRA SER UNA MIERDA Y DA ASCO QUE EXISTA.,1
LA DIPUTADA NO ES MÁS QUE UNA MIERDA Y DA ASCO QUE EXISTA.,1
El candidato se comporta como una parásito y eres un peligro social.,1
"El examen de la facultad estuvo de la chingada, pero alcancé a pasar. Qué dolor de cabeza, puta madre.",0
El candidato no es más que una mierda y eres un peligro social.,1
ESTE TIPO ES UNA COMPLETA CABRÓN Y DA ASCO QUE EXISTA.,1
Ese usuario demuestra ser una ignorante y lárgate de esta plataforma.,1
El proyecto final de ingeniería quedó agendada para el próximo lunes.,0
Ese usuario no es más que una imbécil y lárgate de esta plataforma.,1
El proyecto final de ingeniería quedó agendada para el próximo lunes.,0
"El proyecto final de ingeniería quedó agendada para el próximo lunes. Qué dolor de cabeza, puta madre.",0
"Ya valió madre, se cayó el sistema de la escuela otra vez.",0
El candidato es una completa incompetente y hay que lincharlo entre todos.,1
La diputada no es más que una rata y deberían banearlo ya.,1
El creador del video resultó ser una lacra y eres un peligro social.,1
Ese usuario demuestra ser una rata y lárgate de esta plataforma.,1
La diputada no es más que una pendeja y deberían banearlo ya.,1
"Ya valió madre, se cayó el sistema de la escuela otra vez.",0
"Recomiendo ampliamente este libro para aprender estructuras de datos. Qué dolor de cabeza, puta madre.",0
La diputada se comporta como una parásito y eres un peligro social.,1
"El proyecto final de ingeniería quedó agendada para el próximo lunes. Qué dolor de cabeza, puta madre.",0
"No mames, está cabrón el tráfico de hoy en la avenida principal.",0
"El proyecto final de ingeniería quedó agendada para el próximo lunes. Qué dolor de cabeza, puta madre.",0
"¿Alguien sabe a qué hora abre la biblioteca central de la facultad? Qué dolor de cabeza, puta madre.",0
EL STREAMER DEMUESTRA SER UNA INEPTO Y DEBERÍAN BANEARLO YA.,1
"Qué pendejada acabo de hacer con el café, lo derramé sobre el teclado. Qué dolor de cabeza, puta madre.",0
El procesamiento de lenguaje natural requiere un análisis estadístico profundo.,0
"Muchas gracias por compartir el enlace con la documentación de la API. Qué dolor de cabeza, puta madre.",0
El candidato demuestra ser una pendeja y eres un peligro social.,1
El árbitro demuestra ser una basura y lárgate de esta plataforma.,1
Ese hater demuestra ser una inepto y deberían banearlo ya.,1
Este tipo no es más que una basura y da asco que exista.,1
ESTE TIPO ES UNA COMPLETA CABRÓN Y HAY QUE LINCHARLO ENTRE TODOS.,1
¿Alguien sabe a qué hora abre la biblioteca central de la facultad?,0
Este tipo resultó ser una cabrón y ojalá te pase algo malo.,1
El proyecto final de ingeniería quedó agendada para el próximo lunes.,0
ESE USUARIO ES UNA COMPLETA MIERDA Y ERES UN PELIGRO SOCIAL.,1
"Qué pendejada acabo de hacer con el café, lo derramé sobre el teclado.",0
"Qué pendejada acabo de hacer con el café, lo derramé sobre el teclado.",0
Está cabrón terminar este proyecto final para el lunes.,0
Muchas gracias por compartir el enlace con la documentación de la API.,0
"Qué pendejada acabo de hacer con el café, lo derramé sobre el teclado.",0
El creador del video resultó ser una cabrón y hay que lincharlo entre todos.,1
El proyecto final de ingeniería quedó agendada para el próximo lunes.,0
"Qué pendejada acabo de hacer con el café, lo derramé sobre el teclado.",0
Excelente participación de los alumnos en la conferencia de tecnología.,0
Ese usuario no es más que una incompetente y lárgate de esta plataforma.,1
El candidato se comporta como una lacra y deberían banearlo ya.,1
"La diputada debería desaparecer, arruina la comunidad y nadie lo quiere aquí.",1
"Está cabrón terminar este proyecto final para el lunes. Qué dolor de cabeza, puta madre.",0
"Está cabrón terminar este proyecto final para el lunes. Qué dolor de cabeza, puta madre.",0
EL CREADOR DEL VIDEO DEMUESTRA SER UNA IDIOTA Y DA ASCO QUE EXISTA.,1
El árbitro resultó ser una idiota y eres un peligro social.,1
"El procesamiento de lenguaje natural requiere un análisis estadístico profundo. Qué dolor de cabeza, puta madre.",0
El streamer resultó ser una parásito y eres un peligro social.,1
El candidato resultó ser una basura y deberían banearlo ya.,1
Este tipo demuestra ser una incompetente y ojalá te pase algo malo.,1
"Qué pendejo estoy, olvidé el archivo en la otra computadora. Qué dolor de cabeza, puta madre.",0
El candidato resultó ser una mierda y da asco que exista.,1
Ese usuario demuestra ser una mierda y da asco que exista.,1
"Qué pendejada acabo de hacer con el café, lo derramé sobre el teclado. Qué dolor de cabeza, puta madre.",0
El moderador demuestra ser una lacra y da asco que exista.,1
"Qué pendejada acabo de hacer con el café, lo derramé sobre el teclado. Qué dolor de cabeza, puta madre.",0
Esa mujer no es más que una cabrón y eres un peligro social.,1
"No mames, está cabrón el tráfico de hoy en la avenida principal.",0
El moderador se comporta como una parásito y da asco que exista.,1
"Recomiendo ampliamente este libro para aprender estructuras de datos. Qué dolor de cabeza, puta madre.",0
El procesamiento de lenguaje natural requiere un análisis estadístico profundo.,0
"Qué pendejada acabo de hacer con el café, lo derramé sobre el teclado. Qué dolor de cabeza, puta madre.",0
ESE HATER NO ES MÁS QUE UNA INEPTO Y ERES UN PELIGRO SOCIAL.,1
El creador del video es una completa ignorante y da asco que exista.,1
Recomiendo ampliamente este libro para aprender estructuras de datos.,0
"Qué pendejada acabo de hacer con el café, lo derramé sobre el teclado.",0
"¿Alguien sabe a qué hora abre la biblioteca central de la facultad? Qué dolor de cabeza, puta madre.",0
"El examen de la facultad estuvo de la chingada, pero alcancé a pasar.",0
"Qué pendejo estoy, olvidé el archivo en la otra computadora. Qué dolor de cabeza, puta madre.",0
El proyecto final de ingeniería quedó agendada para el próximo lunes.,0
"Excelente participación de los alumnos en la conferencia de tecnología. Qué dolor de cabeza, puta madre.",0
"Qué pendejada acabo de hacer con el café, lo derramé sobre el teclado. Qué dolor de cabeza, puta madre.",0
El árbitro se comporta como una lacra y deberían banearlo ya.,1
El árbitro resultó ser una lacra y eres un peligro social.,1
"No mames, está cabrón el tráfico de hoy en la avenida principal.",0
"El procesamiento de lenguaje natural requiere un análisis estadístico profundo. Qué dolor de cabeza, puta madre.",0
"Está cabrón terminar este proyecto final para el lunes. Qué dolor de cabeza, puta madre.",0
"¿Alguien sabe a qué hora abre la biblioteca central de la facultad? Qué dolor de cabeza, puta madre.",0
ESE HATER NO ES MÁS QUE UNA INEPTO Y DEBERÍAN BANEARLO YA.,1
El streamer se comporta como una imbécil y da asco que exista.,1
"El proyecto final de ingeniería quedó agendada para el próximo lunes. Qué dolor de cabeza, puta madre.",0
El árbitro se comporta como una imbécil y deberían banearlo ya.,1
"Qué pendejada acabo de hacer con el café, lo derramé sobre el teclado. Qué dolor de cabeza, puta madre.",0
Ese usuario se comporta como una pendejo y hay que lincharlo entre todos.,1
Ese usuario demuestra ser una basura y hay que lincharlo entre todos.,1
El streamer es una completa mierda y eres un peligro social.,1
El streamer no es más que una imbécil y lárgate de esta plataforma.,1
Este tipo es una completa escoria y da asco que exista.,1
"Muchas gracias por compartir el enlace con la documentación de la API. Qué dolor de cabeza, puta madre.",0
"El proyecto final de ingeniería quedó agendada para el próximo lunes. Qué dolor de cabeza, puta madre.",0
"El proyecto final de ingeniería quedó agendada para el próximo lunes. Qué dolor de cabeza, puta madre.",0
EL ÁRBITRO NO ES MÁS QUE UNA PLAGA Y LÁRGATE DE ESTA PLATAFORMA.,1
¿Alguien sabe a qué hora abre la biblioteca central de la facultad?,0
ESA MUJER ES UNA COMPLETA PARÁSITO Y DEBERÍAN BANEARLO YA.,1
"El moderador debería desaparecer, arruina la comunidad y nadie lo quiere aquí.",1
ESE HATER ES UNA COMPLETA INCOMPETENTE Y LÁRGATE DE ESTA PLATAFORMA.,1
Está cabrón terminar este proyecto final para el lunes.,0
El candidato no es más que una rata y ojalá te pase algo malo.,1
"No mames, está cabrón el tráfico de hoy en la avenida principal.",0
"Ya valió madre, se cayó el sistema de la escuela otra vez. Qué dolor de cabeza, puta madre.",0
Este tipo es una completa idiota y hay que lincharlo entre todos.,1
"¿Alguien sabe a qué hora abre la biblioteca central de la facultad? Qué dolor de cabeza, puta madre.",0
ESA MUJER RESULTÓ SER UNA MIERDA Y DEBERÍAN BANEARLO YA.,1
ESTE TIPO RESULTÓ SER UNA PENDEJO Y ERES UN PELIGRO SOCIAL.,1
EL STREAMER NO ES MÁS QUE UNA IGNORANTE Y OJALÁ TE PASE ALGO MALO.,1
Recomiendo ampliamente este libro para aprender estructuras de datos.,0
¿Alguien sabe a qué hora abre la biblioteca central de la facultad?,0
¿Alguien sabe a qué hora abre la biblioteca central de la facultad?,0
"Ya valió madre, se cayó el sistema de la escuela otra vez. Qué dolor de cabeza, puta madre.",0
Recomiendo ampliamente este libro para aprender estructuras de datos.,0
El creador del video demuestra ser una escoria y eres un peligro social.,1
"¿Alguien sabe a qué hora abre la biblioteca central de la facultad? Qué dolor de cabeza, puta madre.",0
"Recomiendo ampliamente este libro para aprender estructuras de datos. Qué dolor de cabeza, puta madre.",0
"¿Alguien sabe a qué hora abre la biblioteca central de la facultad? Qué dolor de cabeza, puta madre.",0
¿Alguien sabe a qué hora abre la biblioteca central de la facultad?,0
El proyecto final de ingeniería quedó agendada para el próximo lunes.,0
El creador del video no es más que una lacra y lárgate de esta plataforma.,1
Esa mujer es una completa pendeja y ojalá te pase algo malo.,1
Ese hater resultó ser una incompetente y ojalá te pase algo malo.,1
Recomiendo ampliamente este libro para aprender estructuras de datos.,0
EL MODERADOR NO ES MÁS QUE UNA IDIOTA Y OJALÁ TE PASE ALGO MALO.,1
"Qué pendejada acabo de hacer con el café, lo derramé sobre el teclado. Qué dolor de cabeza, puta madre.",0
El candidato es una completa escoria y lárgate de esta plataforma.,1
"Qué pendejo estoy, olvidé el archivo en la otra computadora.",0
"No mames, está cabrón el tráfico de hoy en la avenida principal.",0
Ese usuario demuestra ser una plaga y lárgate de esta plataforma.,1
La diputada demuestra ser una mierda y hay que lincharlo entre todos.,1
"Qué pendejo estoy, olvidé el archivo en la otra computadora.",0
Este tipo es una completa ignorante y hay que lincharlo entre todos.,1
ESA MUJER ES UNA COMPLETA LACRA Y DEBERÍAN BANEARLO YA.,1
"El candidato debería desaparecer, arruina la comunidad y nadie lo quiere aquí.",1
"Qué pendejo estoy, olvidé el archivo en la otra computadora.",0
Ese hater demuestra ser una pendeja y hay que lincharlo entre todos.,1
El candidato no es más que una pendeja y eres un peligro social.,1
Ese hater es una completa lacra y deberían banearlo ya.,1
Está cabrón terminar este proyecto final para el lunes.,0
ESTE TIPO RESULTÓ SER UNA IDIOTA Y ERES UN PELIGRO SOCIAL.,1
"Ya valió madre, se cayó el sistema de la escuela otra vez.",0
Esa mujer no es más que una plaga y lárgate de esta plataforma.,1
"Ya valió madre, se cayó el sistema de la escuela otra vez.",0
El moderador demuestra ser una mierda y lárgate de esta plataforma.,1
"Qué pendejada acabo de hacer con el café, lo derramé sobre el teclado. Qué dolor de cabeza, puta madre.",0
"El proyecto final de ingeniería quedó agendada para el próximo lunes. Qué dolor de cabeza, puta madre.",0
Este tipo es una completa miserable y da asco que exista.,1
Ese usuario demuestra ser una mierda y deberían banearlo ya.,1
"El examen de la facultad estuvo de la chingada, pero alcancé a pasar. Qué dolor de cabeza, puta madre.",0
Está cabrón terminar este proyecto final para el lunes.,0
El creador del video resultó ser una lacra y deberían banearlo ya.,1
"No mames, está cabrón el tráfico de hoy en la avenida principal. Qué dolor de cabeza, puta madre.",0
ESA MUJER DEMUESTRA SER UNA BASURA Y OJALÁ TE PASE ALGO MALO.,1
Muchas gracias por compartir el enlace con la documentación de la API.,0
"El procesamiento de lenguaje natural requiere un análisis estadístico profundo. Qué dolor de cabeza, puta madre.",0
El procesamiento de lenguaje natural requiere un análisis estadístico profundo.,0
"Ya valió madre, se cayó el sistema de la escuela otra vez. Qué dolor de cabeza, puta madre.",0
EL ÁRBITRO NO ES MÁS QUE UNA LACRA Y HAY QUE LINCHARLO ENTRE TODOS.,1
El proyecto final de ingeniería quedó agendada para el próximo lunes.,0
Muchas gracias por compartir el enlace con la documentación de la API.,0
ESE USUARIO ES UNA COMPLETA LACRA Y DEBERÍAN BANEARLO YA.,1
"Ya valió madre, se cayó el sistema de la escuela otra vez. Qué dolor de cabeza, puta madre.",0
"Qué pendejada acabo de hacer con el café, lo derramé sobre el teclado. Qué dolor de cabeza, puta madre.",0
ESE HATER DEMUESTRA SER UNA IGNORANTE Y DEBERÍAN BANEARLO YA.,1
La diputada se comporta como una imbécil y deberían banearlo ya.,1
El creador del video es una completa parásito y hay que lincharlo entre todos.,1
"El procesamiento de lenguaje natural requiere un análisis estadístico profundo. Qué dolor de cabeza, puta madre.",0
"Ya valió madre, se cayó el sistema de la escuela otra vez.",0
El moderador resultó ser una ignorante y hay que lincharlo entre todos.,1
"Ya valió madre, se cayó el sistema de la escuela otra vez. Qué dolor de cabeza, puta madre.",0
EL ÁRBITRO NO ES MÁS QUE UNA INEPTO Y OJALÁ TE PASE ALGO MALO.,1
"Qué pendejo estoy, olvidé el archivo en la otra computadora. Qué dolor de cabeza, puta madre.",0
"El examen de la facultad estuvo de la chingada, pero alcancé a pasar.",0
EL CANDIDATO ES UNA COMPLETA LACRA Y HAY QUE LINCHARLO ENTRE TODOS.,1
El streamer es una completa basura y lárgate de esta plataforma.,1
"No mames, está cabrón el tráfico de hoy en la avenida principal. Qué dolor de cabeza, puta madre.",0
ESE HATER ES UNA COMPLETA IDIOTA Y OJALÁ TE PASE ALGO MALO.,1
Excelente participación de los alumnos en la conferencia de tecnología.,0
EL CANDIDATO NO ES MÁS QUE UNA ESCORIA Y DA ASCO QUE EXISTA.,1
¿Alguien sabe a qué hora abre la biblioteca central de la facultad?,0
El candidato es una completa plaga y hay que lincharlo entre todos.,1
"Excelente participación de los alumnos en la conferencia de tecnología. Qué dolor de cabeza, puta madre.",0
"No mames, está cabrón el tráfico de hoy en la avenida principal. Qué dolor de cabeza, puta madre.",0
El árbitro demuestra ser una escoria y eres un peligro social.,1
El candidato resultó ser una miserable y deberían banearlo ya.,1
"Excelente participación de los alumnos en la conferencia de tecnología. Qué dolor de cabeza, puta madre.",0
"No mames, está cabrón el tráfico de hoy en la avenida principal.",0
El streamer resultó ser una escoria y hay que lincharlo entre todos.,1
¿Alguien sabe a qué hora abre la biblioteca central de la facultad?,0
¿Alguien sabe a qué hora abre la biblioteca central de la facultad?,0
El proyecto final de ingeniería quedó agendada para el próximo lunes.,0
Ese hater se comporta como una parásito y deberían banearlo ya.,1
Está cabrón terminar este proyecto final para el lunes.,0
El creador del video es una completa parásito y ojalá te pase algo malo.,1
El moderador no es más que una pendejo y deberían banearlo ya.,1
Ese usuario resultó ser una cabrón y hay que lincharlo entre todos.,1
Este tipo se comporta como una rata y hay que lincharlo entre todos.,1
Este tipo es una completa rata y eres un peligro social.,1
La diputada demuestra ser una inepto y ojalá te pase algo malo.,1
Esa mujer es una completa mierda y lárgate de esta plataforma.,1
Está cabrón terminar este proyecto final para el lunes.,0
EL CREADOR DEL VIDEO NO ES MÁS QUE UNA RATA Y ERES UN PELIGRO SOCIAL.,1
Este tipo no es más que una cabrón y lárgate de esta plataforma.,1
¿Alguien sabe a qué hora abre la biblioteca central de la facultad?,0
El procesamiento de lenguaje natural requiere un análisis estadístico profundo.,0
"¿Alguien sabe a qué hora abre la biblioteca central de la facultad? Qué dolor de cabeza, puta madre.",0
EL CREADOR DEL VIDEO ES UNA COMPLETA PENDEJO Y DA ASCO QUE EXISTA.,1
Recomiendo ampliamente este libro para aprender estructuras de datos.,0
"El proyecto final de ingeniería quedó agendada para el próximo lunes. Qué dolor de cabeza, puta madre.",0
Está cabrón terminar este proyecto final para el lunes.,0
"Ya valió madre, se cayó el sistema de la escuela otra vez.",0
Está cabrón terminar este proyecto final para el lunes.,0
"Qué pendejo estoy, olvidé el archivo en la otra computadora.",0
El moderador demuestra ser una inepto y ojalá te pase algo malo.,1
Esa mujer es una completa miserable y lárgate de esta plataforma.,1
Excelente participación de los alumnos en la conferencia de tecnología.,0
El candidato no es más que una inepto y ojalá te pase algo malo.,1
Ese usuario resultó ser una rata y ojalá te pase algo malo.,1
"El examen de la facultad estuvo de la chingada, pero alcancé a pasar.",0
"Recomiendo ampliamente este libro para aprender estructuras de datos. Qué dolor de cabeza, puta madre.",0
"El examen de la facultad estuvo de la chingada, pero alcancé a pasar.",0
"Qué pendejo estoy, olvidé el archivo en la otra computadora.",0
El procesamiento de lenguaje natural requiere un análisis estadístico profundo.,0
"No mames, está cabrón el tráfico de hoy en la avenida principal. Qué dolor de cabeza, puta madre.",0
¿Alguien sabe a qué hora abre la biblioteca central de la facultad?,0
EL CREADOR DEL VIDEO DEMUESTRA SER UNA IDIOTA Y DEBERÍAN BANEARLO YA.,1
"Qué pendejada acabo de hacer con el café, lo derramé sobre el teclado. Qué dolor de cabeza, puta madre.",0
El candidato resultó ser una lacra y ojalá te pase algo malo.,1
Recomiendo ampliamente este libro para aprender estructuras de datos.,0
Ese usuario no es más que una parásito y lárgate de esta plataforma.,1
El creador del video es una completa parásito y hay que lincharlo entre todos.,1
"EL MODERADOR DEBERÍA DESAPARECER, ARRUINA LA COMUNIDAD Y NADIE LO QUIERE AQUÍ.",1
El árbitro es una completa escoria y ojalá te pase algo malo.,1
El creador del video resultó ser una cabrón y ojalá te pase algo malo.,1
"Qué pendejo estoy, olvidé el archivo en la otra computadora.",0
Ese usuario es una completa pendeja y hay que lincharlo entre todos.,1
Está cabrón terminar este proyecto final para el lunes.,0
"Ya valió madre, se cayó el sistema de la escuela otra vez. Qué dolor de cabeza, puta madre.",0
El streamer resultó ser una lacra y ojalá te pase algo malo.,1
"EL STREAMER DEBERÍA DESAPARECER, ARRUINA LA COMUNIDAD Y NADIE LO QUIERE AQUÍ.",1
El proyecto final de ingeniería quedó agendada para el próximo lunes.,0
Está cabrón terminar este proyecto final para el lunes.,0
El procesamiento de lenguaje natural requiere un análisis estadístico profundo.,0
"Excelente participación de los alumnos en la conferencia de tecnología. Qué dolor de cabeza, puta madre.",0
Ese hater se comporta como una miserable y deberían banearlo ya.,1
"EL STREAMER DEBERÍA DESAPARECER, ARRUINA LA COMUNIDAD Y NADIE LO QUIERE AQUÍ.",1
"No mames, está cabrón el tráfico de hoy en la avenida principal. Qué dolor de cabeza, puta madre.",0
El streamer se comporta como una parásito y hay que lincharlo entre todos.,1
ESE HATER RESULTÓ SER UNA INEPTO Y ERES UN PELIGRO SOCIAL.,1
El proyecto final de ingeniería quedó agendada para el próximo lunes.,0
ESE HATER ES UNA COMPLETA IGNORANTE Y HAY QUE LINCHARLO ENTRE TODOS.,1
"El examen de la facultad estuvo de la chingada, pero alcancé a pasar.",0
EL ÁRBITRO SE COMPORTA COMO UNA INEPTO Y HAY QUE LINCHARLO ENTRE TODOS.,1
"No mames, está cabrón el tráfico de hoy en la avenida principal. Qué dolor de cabeza, puta madre.",0
"Qué pendejo estoy, olvidé el archivo en la otra computadora. Qué dolor de cabeza, puta madre.",0
"Ya valió madre, se cayó el sistema de la escuela otra vez.",0
El árbitro no es más que una mierda y eres un peligro social.,1
"El examen de la facultad estuvo de la chingada, pero alcancé a pasar.",0
"Qué pendejo estoy, olvidé el archivo en la otra computadora.",0
"Qué pendejo estoy, olvidé el archivo en la otra computadora.",0
EL ÁRBITRO SE COMPORTA COMO UNA RATA Y ERES UN PELIGRO SOCIAL.,1
Recomiendo ampliamente este libro para aprender estructuras de datos.,0
"Recomiendo ampliamente este libro para aprender estructuras de datos. Qué dolor de cabeza, puta madre.",0
El proyecto final de ingeniería quedó agendada para el próximo lunes.,0
Está cabrón terminar este proyecto final para el lunes.,0
Ese hater no es más que una pendejo y hay que lincharlo entre todos.,1
"El moderador debería desaparecer, arruina la comunidad y nadie lo quiere aquí.",1
ESTE TIPO NO ES MÁS QUE UNA PENDEJO Y OJALÁ TE PASE ALGO MALO.,1
Ese usuario demuestra ser una pendejo y da asco que exista.,1
Está cabrón terminar este proyecto final para el lunes.,0
LA DIPUTADA RESULTÓ SER UNA CABRÓN Y DA ASCO QUE EXISTA.,1
El proyecto final de ingeniería quedó agendada para el próximo lunes.,0
"¿Alguien sabe a qué hora abre la biblioteca central de la facultad? Qué dolor de cabeza, puta madre.",0
La diputada es una completa lacra y da asco que exista.,1
La diputada se comporta como una lacra y eres un peligro social.,1
La diputada es una completa basura y lárgate de esta plataforma.,1
"EL ÁRBITRO DEBERÍA DESAPARECER, ARRUINA LA COMUNIDAD Y NADIE LO QUIERE AQUÍ.",1
Ese hater demuestra ser una imbécil y deberían banearlo ya.,1
La diputada no es más que una basura y eres un peligro social.,1
"No mames, está cabrón el tráfico de hoy en la avenida principal.",0
Ese hater demuestra ser una idiota y da asco que exista.,1
El moderador resultó ser una ignorante y hay que lincharlo entre todos.,1
El árbitro resultó ser una incompetente y da asco que exista.,1
"No mames, está cabrón el tráfico de hoy en la avenida principal.",0
"El examen de la facultad estuvo de la chingada, pero alcancé a pasar.",0
"Qué pendejada acabo de hacer con el café, lo derramé sobre el teclado.",0
ESE HATER ES UNA COMPLETA MISERABLE Y DEBERÍAN BANEARLO YA.,1
El creador del video demuestra ser una cabrón y ojalá te pase algo malo.,1
ESE USUARIO RESULTÓ SER UNA IMBÉCIL Y ERES UN PELIGRO SOCIAL.,1
El proyecto final de ingeniería quedó agendada para el próximo lunes.,0
El candidato es una completa parásito y da asco que exista.,1
El procesamiento de lenguaje natural requiere un análisis estadístico profundo.,0
El moderador no es más que una cabrón y hay que lincharlo entre todos.,1
"Ese usuario debería desaparecer, arruina la comunidad y nadie lo quiere aquí.",1
"¿Alguien sabe a qué hora abre la biblioteca central de la facultad? Qué dolor de cabeza, puta madre.",0
"Qué pendejada acabo de hacer con el café, lo derramé sobre el teclado.",0
"Qué pendejo estoy, olvidé el archivo en la otra computadora. Qué dolor de cabeza, puta madre.",0
"Qué pendejada acabo de hacer con el café, lo derramé sobre el teclado. Qué dolor de cabeza, puta madre.",0
Esa mujer es una completa inepto y hay que lincharlo entre todos.,1
EL MODERADOR NO ES MÁS QUE UNA PARÁSITO Y OJALÁ TE PASE ALGO MALO.,1
"Qué pendejo estoy, olvidé el archivo en la otra computadora. Qué dolor de cabeza, puta madre.",0
El moderador no es más que una pendeja y ojalá te pase algo malo.,1
Ese hater resultó ser una pendeja y da asco que exista.,1
Ese usuario se comporta como una imbécil y lárgate de esta plataforma.,1
El streamer resultó ser una pendejo y lárgate de esta plataforma.,1
¿Alguien sabe a qué hora abre la biblioteca central de la facultad?,0
El creador del video se comporta como una lacra y deberían banearlo ya.,1
"Qué pendejo estoy, olvidé el archivo en la otra computadora.",0
EL CREADOR DEL VIDEO DEMUESTRA SER UNA MIERDA Y OJALÁ TE PASE ALGO MALO.,1
El árbitro se comporta como una plaga y eres un peligro social.,1
"ESTE TIPO DEBERÍA DESAPARECER, ARRUINA LA COMUNIDAD Y NADIE LO QUIERE AQUÍ.",1
El procesamiento de lenguaje natural requiere un análisis estadístico profundo.,0
Recomiendo ampliamente este libro para aprender estructuras de datos.,0
Ese hater es una completa ignorante y da asco que exista.,1
EL CREADOR DEL VIDEO SE COMPORTA COMO UNA CABRÓN Y OJALÁ TE PASE ALGO MALO.,1
El moderador resultó ser una basura y ojalá te pase algo malo.,1
Muchas gracias por compartir el enlace con la documentación de la API.,0
Ese hater resultó ser una pendejo y eres un peligro social.,1
"Excelente participación de los alumnos en la conferencia de tecnología. Qué dolor de cabeza, puta madre.",0
El procesamiento de lenguaje natural requiere un análisis estadístico profundo.,0
El creador del video demuestra ser una rata y ojalá te pase algo malo.,1
El candidato es una completa pendeja y da asco que exista.,1
"Qué pendejada acabo de hacer con el café, lo derramé sobre el teclado. Qué dolor de cabeza, puta madre.",0
¿Alguien sabe a qué hora abre la biblioteca central de la facultad?,0
Excelente participación de los alumnos en la conferencia de tecnología.,0
El candidato demuestra ser una mierda y da asco que exista.,1
El candidato demuestra ser una pendeja y ojalá te pase algo malo.,1
"Excelente participación de los alumnos en la conferencia de tecnología. Qué dolor de cabeza, puta madre.",0
"El examen de la facultad estuvo de la chingada, pero alcancé a pasar.",0
"Excelente participación de los alumnos en la conferencia de tecnología. Qué dolor de cabeza, puta madre.",0
ESA MUJER RESULTÓ SER UNA PENDEJO Y LÁRGATE DE ESTA PLATAFORMA.,1
El árbitro se comporta como una plaga y ojalá te pase algo malo.,1
Esa mujer es una completa miserable y eres un peligro social.,1
¿Alguien sabe a qué hora abre la biblioteca central de la facultad?,0
"Qué pendejo estoy, olvidé el archivo en la otra computadora.",0
ESA MUJER RESULTÓ SER UNA ESCORIA Y ERES UN PELIGRO SOCIAL.,1
El moderador no es más que una pendeja y eres un peligro social.,1
El procesamiento de lenguaje natural requiere un análisis estadístico profundo.,0
"Qué pendejo estoy, olvidé el archivo en la otra computadora.",0
El candidato se comporta como una parásito y da asco que exista.,1
La diputada no es más que una rata y lárgate de esta plataforma.,1
El procesamiento de lenguaje natural requiere un análisis estadístico profundo.,0
El moderador es una completa cabrón y deberían banearlo ya.,1
"El examen de la facultad estuvo de la chingada, pero alcancé a pasar.",0
El candidato resultó ser una pendejo y ojalá te pase algo malo.,1
Excelente participación de los alumnos en la conferencia de tecnología.,0
El streamer se comporta como una imbécil y hay que lincharlo entre todos.,1
"Qué pendejo estoy, olvidé el archivo en la otra computadora. Qué dolor de cabeza, puta madre.",0
"El proyecto final de ingeniería quedó agendada para el próximo lunes. Qué dolor de cabeza, puta madre.",0
Ese usuario se comporta como una escoria y hay que lincharlo entre todos.,1
"No mames, está cabrón el tráfico de hoy en la avenida principal.",0
El moderador resultó ser una escoria y deberían banearlo ya.,1
El streamer demuestra ser una pendejo y lárgate de esta plataforma.,1
El streamer es una completa pendejo y hay que lincharlo entre todos.,1
"Muchas gracias por compartir el enlace con la documentación de la API. Qué dolor de cabeza, puta madre.",0
"Qué pendejo estoy, olvidé el archivo en la otra computadora.",0
El proyecto final de ingeniería quedó agendada para el próximo lunes.,0
"Qué pendejada acabo de hacer con el café, lo derramé sobre el teclado. Qué dolor de cabeza, puta madre.",0
Esa mujer es una completa escoria y hay que lincharlo entre todos.,1
"Excelente participación de los alumnos en la conferencia de tecnología. Qué dolor de cabeza, puta madre.",0
La diputada demuestra ser una plaga y hay que lincharlo entre todos.,1
Esa mujer demuestra ser una inepto y eres un peligro social.,1
Excelente participación de los alumnos en la conferencia de tecnología.,0
El árbitro resultó ser una mierda y hay que lincharlo entre todos.,1
"Muchas gracias por compartir el enlace con la documentación de la API. Qué dolor de cabeza, puta madre.",0
EL STREAMER DEMUESTRA SER UNA IDIOTA Y OJALÁ TE PASE ALGO MALO.,1
Está cabrón terminar este proyecto final para el lunes.,0
"Qué pendejo estoy, olvidé el archivo en la otra computadora.",0
El candidato no es más que una incompetente y lárgate de esta plataforma.,1
"No mames, está cabrón el tráfico de hoy en la avenida principal.",0
"El árbitro debería desaparecer, arruina la comunidad y nadie lo quiere aquí.",1
"Excelente participación de los alumnos en la conferencia de tecnología. Qué dolor de cabeza, puta madre.",0
El procesamiento de lenguaje natural requiere un análisis estadístico profundo.,0
El árbitro demuestra ser una pendejo y deberían banearlo ya.,1
"Está cabrón terminar este proyecto final para el lunes. Qué dolor de cabeza, puta madre.",0
Este tipo resultó ser una imbécil y da asco que exista.,1
Ese hater es una completa imbécil y hay que lincharlo entre todos.,1
Ese usuario demuestra ser una cabrón y lárgate de esta plataforma.,1
El árbitro es una completa mierda y deberían banearlo ya.,1
El streamer se comporta como una inepto y deberían banearlo ya.,1
Ese usuario demuestra ser una pendeja y eres un peligro social.,1
"Qué pendejada acabo de hacer con el café, lo derramé sobre el teclado.",0
"Qué pendejo estoy, olvidé el archivo en la otra computadora.",0
El creador del video demuestra ser una basura y ojalá te pase algo malo.,1
Ese usuario no es más que una cabrón y hay que lincharlo entre todos.,1
Muchas gracias por compartir el enlace con la documentación de la API.,0
"Ya valió madre, se cayó el sistema de la escuela otra vez.",0
ESA MUJER DEMUESTRA SER UNA RATA Y DA ASCO QUE EXISTA.,1
Esa mujer no es más que una pendeja y da asco que exista.,1
El moderador demuestra ser una idiota y hay que lincharlo entre todos.,1
EL ÁRBITRO ES UNA COMPLETA PENDEJO Y DEBERÍAN BANEARLO YA.,1
EL ÁRBITRO ES UNA COMPLETA CABRÓN Y DEBERÍAN BANEARLO YA.,1
Esa mujer resultó ser una idiota y da asco que exista.,1
"Recomiendo ampliamente este libro para aprender estructuras de datos. Qué dolor de cabeza, puta madre.",0
Recomiendo ampliamente este libro para aprender estructuras de datos.,0
El creador del video no es más que una rata y hay que lincharlo entre todos.,1
"Qué pendejo estoy, olvidé el archivo en la otra computadora.",0
"Qué pendejo estoy, olvidé el archivo en la otra computadora. Qué dolor de cabeza, puta madre.",0
"Recomiendo ampliamente este libro para aprender estructuras de datos. Qué dolor de cabeza, puta madre.",0
¿Alguien sabe a qué hora abre la biblioteca central de la facultad?,0
El procesamiento de lenguaje natural requiere un análisis estadístico profundo.,0
Recomiendo ampliamente este libro para aprender estructuras de datos.,0
"¿Alguien sabe a qué hora abre la biblioteca central de la facultad? Qué dolor de cabeza, puta madre.",0
El moderador no es más que una pendeja y deberían banearlo ya.,1
El candidato es una completa lacra y deberían banearlo ya.,1
"El examen de la facultad estuvo de la chingada, pero alcancé a pasar.",0
"¿Alguien sabe a qué hora abre la biblioteca central de la facultad? Qué dolor de cabeza, puta madre.",0
La diputada no es más que una pendeja y deberían banearlo ya.,1
"Está cabrón terminar este proyecto final para el lunes. Qué dolor de cabeza, puta madre.",0
El streamer se comporta como una pendeja y deberían banearlo ya.,1
"Está cabrón terminar este proyecto final para el lunes. Qué dolor de cabeza, puta madre.",0
"El examen de la facultad estuvo de la chingada, pero alcancé a pasar.",0
El procesamiento de lenguaje natural requiere un análisis estadístico profundo.,0
Esa mujer no es más que una plaga y hay que lincharlo entre todos.,1
Esa mujer no es más que una basura y eres un peligro social.,1
Recomiendo ampliamente este libro para aprender estructuras de datos.,0
Este tipo demuestra ser una imbécil y deberían banearlo ya.,1
Ese hater demuestra ser una imbécil y da asco que exista.,1
El árbitro resultó ser una escoria y hay que lincharlo entre todos.,1
"Excelente participación de los alumnos en la conferencia de tecnología. Qué dolor de cabeza, puta madre.",0
"Esa mujer debería desaparecer, arruina la comunidad y nadie lo quiere aquí.",1
EL CANDIDATO ES UNA COMPLETA PLAGA Y HAY QUE LINCHARLO ENTRE TODOS.,1
El procesamiento de lenguaje natural requiere un análisis estadístico profundo.,0
EL CREADOR DEL VIDEO ES UNA COMPLETA INEPTO Y DA ASCO QUE EXISTA.,1
La diputada demuestra ser una lacra y da asco que exista.,1
Ese usuario es una completa escoria y hay que lincharlo entre todos.,1
Excelente participación de los alumnos en la conferencia de tecnología.,0
Ese hater es una completa pendeja y hay que lincharlo entre todos.,1
El streamer es una completa cabrón y hay que lincharlo entre todos.,1
"El creador del video debería desaparecer, arruina la comunidad y nadie lo quiere aquí.",1
Está cabrón terminar este proyecto final para el lunes.,0
"Muchas gracias por compartir el enlace con la documentación de la API. Qué dolor de cabeza, puta madre.",0
El streamer es una completa lacra y eres un peligro social.,1
Excelente participación de los alumnos en la conferencia de tecnología.,0
"¿Alguien sabe a qué hora abre la biblioteca central de la facultad? Qué dolor de cabeza, puta madre.",0
Muchas gracias por compartir el enlace con la documentación de la API.,0
El streamer es una completa escoria y ojalá te pase algo malo.,1
El streamer se comporta como una pendeja y ojalá te pase algo malo.,1
Ese usuario es una completa basura y da asco que exista.,1
EL CANDIDATO DEMUESTRA SER UNA PARÁSITO Y HAY QUE LINCHARLO ENTRE TODOS.,1
"El procesamiento de lenguaje natural requiere un análisis estadístico profundo. Qué dolor de cabeza, puta madre.",0
Esa mujer es una completa imbécil y hay que lincharlo entre todos.,1
EL ÁRBITRO SE COMPORTA COMO UNA CABRÓN Y HAY QUE LINCHARLO ENTRE TODOS.,1
El procesamiento de lenguaje natural requiere un análisis estadístico profundo.,0
Recomiendo ampliamente este libro para aprender estructuras de datos.,0
"ESE HATER DEBERÍA DESAPARECER, ARRUINA LA COMUNIDAD Y NADIE LO QUIERE AQUÍ.",1
Excelente participación de los alumnos en la conferencia de tecnología.,0
"El examen de la facultad estuvo de la chingada, pero alcancé a pasar. Qué dolor de cabeza, puta madre.",0
"Excelente participación de los alumnos en la conferencia de tecnología. Qué dolor de cabeza, puta madre.",0
El candidato resultó ser una pendeja y ojalá te pase algo malo.,1
"Ya valió madre, se cayó el sistema de la escuela otra vez.",0
"Qué pendejo estoy, olvidé el archivo en la otra computadora. Qué dolor de cabeza, puta madre.",0
El creador del video demuestra ser una escoria y lárgate de esta plataforma.,1
Ese hater resultó ser una escoria y da asco que exista.,1
Está cabrón terminar este proyecto final para el lunes.,0
El proyecto final de ingeniería quedó agendada para el próximo lunes.,0
Ese hater resultó ser una miserable y hay que lincharlo entre todos.,1
EL CREADOR DEL VIDEO DEMUESTRA SER UNA MIERDA Y LÁRGATE DE ESTA PLATAFORMA.,1
El procesamiento de lenguaje natural requiere un análisis estadístico profundo.,0
EL MODERADOR ES UNA COMPLETA IMBÉCIL Y HAY QUE LINCHARLO ENTRE TODOS.,1
El proyecto final de ingeniería quedó agendada para el próximo lunes.,0
Muchas gracias por compartir el enlace con la documentación de la API.,0
El moderador resultó ser una basura y da asco que exista.,1
Ese hater no es más que una incompetente y lárgate de esta plataforma.,1
El streamer es una completa mierda y lárgate de esta plataforma.,1
El candidato se comporta como una rata y ojalá te pase algo malo.,1
"EL CANDIDATO DEBERÍA DESAPARECER, ARRUINA LA COMUNIDAD Y NADIE LO QUIERE AQUÍ.",1
El moderador es una completa rata y ojalá te pase algo malo.,1
"No mames, está cabrón el tráfico de hoy en la avenida principal. Qué dolor de cabeza, puta madre.",0
EL CANDIDATO NO ES MÁS QUE UNA INEPTO Y ERES UN PELIGRO SOCIAL.,1
"El examen de la facultad estuvo de la chingada, pero alcancé a pasar.",0
"El examen de la facultad estuvo de la chingada, pero alcancé a pasar. Qué dolor de cabeza, puta madre.",0
¿Alguien sabe a qué hora abre la biblioteca central de la facultad?,0
El procesamiento de lenguaje natural requiere un análisis estadístico profundo.,0
"Qué pendejo estoy, olvidé el archivo en la otra computadora. Qué dolor de cabeza, puta madre.",0
"El candidato debería desaparecer, arruina la comunidad y nadie lo quiere aquí.",1
"La diputada debería desaparecer, arruina la comunidad y nadie lo quiere aquí.",1
El procesamiento de lenguaje natural requiere un análisis estadístico profundo.,0
"La diputada debería desaparecer, arruina la comunidad y nadie lo quiere aquí.",1
El creador del video resultó ser una ignorante y hay que lincharlo entre todos.,1
EL CREADOR DEL VIDEO RESULTÓ SER UNA RATA Y DEBERÍAN BANEARLO YA.,1
El árbitro resultó ser una plaga y hay que lincharlo entre todos.,1
El árbitro se comporta como una idiota y ojalá te pase algo malo.,1
"El moderador debería desaparecer, arruina la comunidad y nadie lo quiere aquí.",1
¿Alguien sabe a qué hora abre la biblioteca central de la facultad?,0
Ese usuario resultó ser una miserable y hay que lincharlo entre todos.,1
"EL ÁRBITRO DEBERÍA DESAPARECER, ARRUINA LA COMUNIDAD Y NADIE LO QUIERE AQUÍ.",1
El candidato demuestra ser una parásito y deberían banearlo ya.,1
"Está cabrón terminar este proyecto final para el lunes. Qué dolor de cabeza, puta madre.",0
"Qué pendejo estoy, olvidé el archivo en la otra computadora.",0
"El proyecto final de ingeniería quedó agendada para el próximo lunes. Qué dolor de cabeza, puta madre.",0
El moderador resultó ser una imbécil y lárgate de esta plataforma.,1
"El árbitro debería desaparecer, arruina la comunidad y nadie lo quiere aquí.",1
"Este tipo debería desaparecer, arruina la comunidad y nadie lo quiere aquí.",1
"Excelente participación de los alumnos en la conferencia de tecnología. Qué dolor de cabeza, puta madre.",0
El creador del video demuestra ser una lacra y deberían banearlo ya.,1
El proyecto final de ingeniería quedó agendada para el próximo lunes.,0
La diputada demuestra ser una incompetente y da asco que exista.,1
"Ya valió madre, se cayó el sistema de la escuela otra vez.",0
EL CANDIDATO NO ES MÁS QUE UNA MIERDA Y LÁRGATE DE ESTA PLATAFORMA.,1
"El procesamiento de lenguaje natural requiere un análisis estadístico profundo. Qué dolor de cabeza, puta madre.",0
La diputada no es más que una imbécil y deberían banearlo ya.,1
El creador del video resultó ser una mierda y lárgate de esta plataforma.,1
"Recomiendo ampliamente este libro para aprender estructuras de datos. Qué dolor de cabeza, puta madre.",0
EL ÁRBITRO SE COMPORTA COMO UNA MIERDA Y DEBERÍAN BANEARLO YA.,1
La diputada no es más que una imbécil y ojalá te pase algo malo.,1
Ese usuario se comporta como una cabrón y lárgate de esta plataforma.,1
El árbitro no es más que una incompetente y ojalá te pase algo malo.,1
ESA MUJER SE COMPORTA COMO UNA PENDEJA Y ERES UN PELIGRO SOCIAL.,1
Ese hater se comporta como una plaga y hay que lincharlo entre todos.,1
"El examen de la facultad estuvo de la chingada, pero alcancé a pasar.",0
El creador del video demuestra ser una parásito y lárgate de esta plataforma.,1
Este tipo es una completa mierda y deberían banearlo ya.,1
Este tipo se comporta como una imbécil y da asco que exista.,1
El árbitro no es más que una mierda y eres un peligro social.,1
"Ya valió madre, se cayó el sistema de la escuela otra vez.",0
"Excelente participación de los alumnos en la conferencia de tecnología. Qué dolor de cabeza, puta madre.",0
"Qué pendejada acabo de hacer con el café, lo derramé sobre el teclado. Qué dolor de cabeza, puta madre.",0
Muchas gracias por compartir el enlace con la documentación de la API.,0
"Qué pendejada acabo de hacer con el café, lo derramé sobre el teclado. Qué dolor de cabeza, puta madre.",0
"Ya valió madre, se cayó el sistema de la escuela otra vez. Qué dolor de cabeza, puta madre.",0
El proyecto final de ingeniería quedó agendada para el próximo lunes.,0
EL CANDIDATO SE COMPORTA COMO UNA BASURA Y OJALÁ TE PASE ALGO MALO.,1
EL STREAMER DEMUESTRA SER UNA LACRA Y DA ASCO QUE EXISTA.,1
El streamer es una completa imbécil y eres un peligro social.,1
"Ese hater debería desaparecer, arruina la comunidad y nadie lo quiere aquí.",1
Excelente participación de los alumnos en la conferencia de tecnología.,0
"Ya valió madre, se cayó el sistema de la escuela otra vez. Qué dolor de cabeza, puta madre.",0
Ese usuario se comporta como una inepto y hay que lincharlo entre todos.,1
Muchas gracias por compartir el enlace con la documentación de la API.,0
El candidato es una completa ignorante y lárgate de esta plataforma.,1
Ese hater resultó ser una incompetente y ojalá te pase algo malo.,1
"Qué pendejo estoy, olvidé el archivo en la otra computadora.",0
"Qué pendejo estoy, olvidé el archivo en la otra computadora. Qué dolor de cabeza, puta madre.",0
Está cabrón terminar este proyecto final para el lunes.,0
"Qué pendejo estoy, olvidé el archivo en la otra computadora.",0
Está cabrón terminar este proyecto final para el lunes.,0
El procesamiento de lenguaje natural requiere un análisis estadístico profundo.,0
"El candidato debería desaparecer, arruina la comunidad y nadie lo quiere aquí.",1
Ese hater no es más que una incompetente y eres un peligro social.,1
La diputada resultó ser una lacra y eres un peligro social.,1
El streamer demuestra ser una inepto y lárgate de esta plataforma.,1
Esa mujer es una completa idiota y lárgate de esta plataforma.,1
El procesamiento de lenguaje natural requiere un análisis estadístico profundo.,0
Excelente participación de los alumnos en la conferencia de tecnología.,0
El moderador no es más que una escoria y lárgate de esta plataforma.,1
El streamer resultó ser una ignorante y ojalá te pase algo malo.,1
Ese hater no es más que una pendeja y da asco que exista.,1
Está cabrón terminar este proyecto final para el lunes.,0
Esa mujer resultó ser una inepto y eres un peligro social.,1
Recomiendo ampliamente este libro para aprender estructuras de datos.,0
Ese hater demuestra ser una parásito y lárgate de esta plataforma.,1
El árbitro resultó ser una lacra y hay que lincharlo entre todos.,1
"No mames, está cabrón el tráfico de hoy en la avenida principal.",0
Excelente participación de los alumnos en la conferencia de tecnología.,0
El creador del video resultó ser una plaga y hay que lincharlo entre todos.,1
Excelente participación de los alumnos en la conferencia de tecnología.,0
Este tipo es una completa lacra y deberían banearlo ya.,1
La diputada resultó ser una rata y da asco que exista.,1
"El examen de la facultad estuvo de la chingada, pero alcancé a pasar. Qué dolor de cabeza, puta madre.",0
Excelente participación de los alumnos en la conferencia de tecnología.,0
Ese hater se comporta como una basura y hay que lincharlo entre todos.,1
El proyecto final de ingeniería quedó agendada para el próximo lunes.,0
El streamer demuestra ser una inepto y hay que lincharlo entre todos.,1
El creador del video se comporta como una inepto y hay que lincharlo entre todos.,1
ESE HATER RESULTÓ SER UNA MISERABLE Y OJALÁ TE PASE ALGO MALO.,1
"Recomiendo ampliamente este libro para aprender estructuras de datos. Qué dolor de cabeza, puta madre.",0
El creador del video resultó ser una inepto y eres un peligro social.,1
Muchas gracias por compartir el enlace con la documentación de la API.,0
"Qué pendejada acabo de hacer con el café, lo derramé sobre el teclado. Qué dolor de cabeza, puta madre.",0
El candidato es una completa imbécil y ojalá te pase algo malo.,1
"El examen de la facultad estuvo de la chingada, pero alcancé a pasar. Qué dolor de cabeza, puta madre.",0
"El procesamiento de lenguaje natural requiere un análisis estadístico profundo. Qué dolor de cabeza, puta madre.",0
"Qué pendejo estoy, olvidé el archivo en la otra computadora.",0
El candidato es una completa basura y hay que lincharlo entre todos.,1
"El árbitro debería desaparecer, arruina la comunidad y nadie lo quiere aquí.",1
"El examen de la facultad estuvo de la chingada, pero alcancé a pasar.",0
Ese hater es una completa lacra y ojalá te pase algo malo.,1
Ese usuario se comporta como una inepto y eres un peligro social.,1
Ese usuario resultó ser una imbécil y deberían banearlo ya.,1
¿Alguien sabe a qué hora abre la biblioteca central de la facultad?,0
"No mames, está cabrón el tráfico de hoy en la avenida principal.",0
"Ya valió madre, se cayó el sistema de la escuela otra vez.",0
¿Alguien sabe a qué hora abre la biblioteca central de la facultad?,0
Ese hater no es más que una lacra y ojalá te pase algo malo.,1
EL MODERADOR SE COMPORTA COMO UNA ESCORIA Y HAY QUE LINCHARLO ENTRE TODOS.,1
Muchas gracias por compartir el enlace con la documentación de la API.,0
Muchas gracias por compartir el enlace con la documentación de la API.,0
"Qué pendejo estoy, olvidé el archivo en la otra computadora.",0
"Está cabrón terminar este proyecto final para el lunes. Qué dolor de cabeza, puta madre.",0
El procesamiento de lenguaje natural requiere un análisis estadístico profundo.,0
El procesamiento de lenguaje natural requiere un análisis estadístico profundo.,0
El creador del video es una completa plaga y da asco que exista.,1
Este tipo resultó ser una cabrón y eres un peligro social.,1
El candidato resultó ser una inepto y hay que lincharlo entre todos.,1
"Esa mujer debería desaparecer, arruina la comunidad y nadie lo quiere aquí.",1
"Ese hater debería desaparecer, arruina la comunidad y nadie lo quiere aquí.",1
"Qué pendejada acabo de hacer con el café, lo derramé sobre el teclado.",0
El streamer demuestra ser una mierda y deberían banearlo ya.,1
"El proyecto final de ingeniería quedó agendada para el próximo lunes. Qué dolor de cabeza, puta madre.",0
"Ya valió madre, se cayó el sistema de la escuela otra vez.",0
"No mames, está cabrón el tráfico de hoy en la avenida principal. Qué dolor de cabeza, puta madre.",0
El moderador es una completa basura y lárgate de esta plataforma.,1
"El streamer debería desaparecer, arruina la comunidad y nadie lo quiere aquí.",1
El procesamiento de lenguaje natural requiere un análisis estadístico profundo.,0
"El proyecto final de ingeniería quedó agendada para el próximo lunes. Qué dolor de cabeza, puta madre.",0
ESE USUARIO RESULTÓ SER UNA INCOMPETENTE Y DEBERÍAN BANEARLO YA.,1
Esa mujer es una completa rata y ojalá te pase algo malo.,1
El candidato no es más que una mierda y hay que lincharlo entre todos.,1
"Qué pendejo estoy, olvidé el archivo en la otra computadora.",0
"Está cabrón terminar este proyecto final para el lunes. Qué dolor de cabeza, puta madre.",0
El candidato resultó ser una inepto y ojalá te pase algo malo.,1
"Muchas gracias por compartir el enlace con la documentación de la API. Qué dolor de cabeza, puta madre.",0
La diputada se comporta como una basura y hay que lincharlo entre todos.,1
"No mames, está cabrón el tráfico de hoy en la avenida principal.",0
"El proyecto final de ingeniería quedó agendada para el próximo lunes. Qué dolor de cabeza, puta madre.",0
"No mames, está cabrón el tráfico de hoy en la avenida principal. Qué dolor de cabeza, puta madre.",0
El creador del video se comporta como una miserable y ojalá te pase algo malo.,1
"EL CANDIDATO DEBERÍA DESAPARECER, ARRUINA LA COMUNIDAD Y NADIE LO QUIERE AQUÍ.",1
El moderador demuestra ser una cabrón y deberían banearlo ya.,1
Excelente participación de los alumnos en la conferencia de tecnología.,0
"Qué pendejo estoy, olvidé el archivo en la otra computadora. Qué dolor de cabeza, puta madre.",0
"El examen de la facultad estuvo de la chingada, pero alcancé a pasar.",0
¿Alguien sabe a qué hora abre la biblioteca central de la facultad?,0
Ese hater no es más que una parásito y hay que lincharlo entre todos.,1
El proyecto final de ingeniería quedó agendada para el próximo lunes.,0
"Ya valió madre, se cayó el sistema de la escuela otra vez.",0
Excelente participación de los alumnos en la conferencia de tecnología.,0
Este tipo es una completa pendejo y ojalá te pase algo malo.,1
El creador del video es una completa lacra y lárgate de esta plataforma.,1
El árbitro es una completa idiota y lárgate de esta plataforma.,1
"Ya valió madre, se cayó el sistema de la escuela otra vez.",0
ESE USUARIO NO ES MÁS QUE UNA PENDEJA Y HAY QUE LINCHARLO ENTRE TODOS.,1
¿Alguien sabe a qué hora abre la biblioteca central de la facultad?,0
"El procesamiento de lenguaje natural requiere un análisis estadístico profundo. Qué dolor de cabeza, puta madre.",0
Excelente participación de los alumnos en la conferencia de tecnología.,0
¿Alguien sabe a qué hora abre la biblioteca central de la facultad?,0
Ese usuario demuestra ser una idiota y da asco que exista.,1
Está cabrón terminar este proyecto final para el lunes.,0
"No mames, está cabrón el tráfico de hoy en la avenida principal. Qué dolor de cabeza, puta madre.",0
Está cabrón terminar este proyecto final para el lunes.,0
"¿Alguien sabe a qué hora abre la biblioteca central de la facultad? Qué dolor de cabeza, puta madre.",0
ESA MUJER ES UNA COMPLETA INCOMPETENTE Y LÁRGATE DE ESTA PLATAFORMA.,1
"Qué pendejo estoy, olvidé el archivo en la otra computadora. Qué dolor de cabeza, puta madre.",0
"¿Alguien sabe a qué hora abre la biblioteca central de la facultad? Qué dolor de cabeza, puta madre.",0
El proyecto final de ingeniería quedó agendada para el próximo lunes.,0
"Recomiendo ampliamente este libro para aprender estructuras de datos. Qué dolor de cabeza, puta madre.",0
ESE HATER RESULTÓ SER UNA LACRA Y ERES UN PELIGRO SOCIAL.,1
"El examen de la facultad estuvo de la chingada, pero alcancé a pasar. Qué dolor de cabeza, puta madre.",0
El árbitro no es más que una parásito y da asco que exista.,1
ESE USUARIO ES UNA COMPLETA INEPTO Y ERES UN PELIGRO SOCIAL.,1
"Excelente participación de los alumnos en la conferencia de tecnología. Qué dolor de cabeza, puta madre.",0
El proyecto final de ingeniería quedó agendada para el próximo lunes.,0
ESE HATER DEMUESTRA SER UNA ESCORIA Y DA ASCO QUE EXISTA.,1
"ESE USUARIO DEBERÍA DESAPARECER, ARRUINA LA COMUNIDAD Y NADIE LO QUIERE AQUÍ.",1
"Qué pendejo estoy, olvidé el archivo en la otra computadora.",0
"Qué pendejada acabo de hacer con el café, lo derramé sobre el teclado. Qué dolor de cabeza, puta madre.",0
El proyecto final de ingeniería quedó agendada para el próximo lunes.,0
El árbitro resultó ser una pendeja y hay que lincharlo entre todos.,1
Está cabrón terminar este proyecto final para el lunes.,0
La diputada demuestra ser una basura y hay que lincharlo entre todos.,1
"El examen de la facultad estuvo de la chingada, pero alcancé a pasar. Qué dolor de cabeza, puta madre.",0
"Qué pendejada acabo de hacer con el café, lo derramé sobre el teclado.",0
"¿Alguien sabe a qué hora abre la biblioteca central de la facultad? Qué dolor de cabeza, puta madre.",0
"Ya valió madre, se cayó el sistema de la escuela otra vez. Qué dolor de cabeza, puta madre.",0
El creador del video no es más que una basura y ojalá te pase algo malo.,1
"Qué pendejada acabo de hacer con el café, lo derramé sobre el teclado. Qué dolor de cabeza, puta madre.",0
"Muchas gracias por compartir el enlace con la documentación de la API. Qué dolor de cabeza, puta madre.",0
El candidato no es más que una lacra y lárgate de esta plataforma.,1
¿Alguien sabe a qué hora abre la biblioteca central de la facultad?,0
EL CANDIDATO SE COMPORTA COMO UNA RATA Y HAY QUE LINCHARLO ENTRE TODOS.,1
El creador del video resultó ser una inepto y deberían banearlo ya.,1
ESE USUARIO DEMUESTRA SER UNA INEPTO Y DEBERÍAN BANEARLO YA.,1
Ese hater resultó ser una idiota y eres un peligro social.,1
Ese hater es una completa rata y lárgate de esta plataforma.,1
Ese hater resultó ser una cabrón y lárgate de esta plataforma.,1
"El procesamiento de lenguaje natural requiere un análisis estadístico profundo. Qué dolor de cabeza, puta madre.",0
El moderador se comporta como una idiota y eres un peligro social.,1
El árbitro demuestra ser una basura y da asco que exista.,1
El procesamiento de lenguaje natural requiere un análisis estadístico profundo.,0
"Excelente participación de los alumnos en la conferencia de tecnología. Qué dolor de cabeza, puta madre.",0
EL CREADOR DEL VIDEO DEMUESTRA SER UNA MISERABLE Y DEBERÍAN BANEARLO YA.,1
El árbitro es una completa incompetente y da asco que exista.,1
El streamer es una completa parásito y ojalá te pase algo malo.,1
"¿Alguien sabe a qué hora abre la biblioteca central de la facultad? Qué dolor de cabeza, puta madre.",0
ESA MUJER NO ES MÁS QUE UNA CABRÓN Y DEBERÍAN BANEARLO YA.,1
El creador del video resultó ser una incompetente y lárgate de esta plataforma.,1
"¿Alguien sabe a qué hora abre la biblioteca central de la facultad? Qué dolor de cabeza, puta madre.",0
El moderador es una completa rata y da asco que exista.,1
Esa mujer demuestra ser una incompetente y ojalá te pase algo malo.,1
Esa mujer es una completa pendejo y da asco que exista.,1
Esa mujer demuestra ser una plaga y hay que lincharlo entre todos.,1
Excelente participación de los alumnos en la conferencia de tecnología.,0
"El examen de la facultad estuvo de la chingada, pero alcancé a pasar.",0
"Qué pendejada acabo de hacer con el café, lo derramé sobre el teclado.",0
Ese usuario es una completa cabrón y da asco que exista.,1
¿Alguien sabe a qué hora abre la biblioteca central de la facultad?,0
"Ya valió madre, se cayó el sistema de la escuela otra vez.",0
"Ya valió madre, se cayó el sistema de la escuela otra vez. Qué dolor de cabeza, puta madre.",0
¿Alguien sabe a qué hora abre la biblioteca central de la facultad?,0
Muchas gracias por compartir el enlace con la documentación de la API.,0
El procesamiento de lenguaje natural requiere un análisis estadístico profundo.,0
Este tipo resultó ser una miserable y hay que lincharlo entre todos.,1
El streamer es una completa ignorante y da asco que exista.,1
Esa mujer resultó ser una imbécil y lárgate de esta plataforma.,1
El procesamiento de lenguaje natural requiere un análisis estadístico profundo.,0
"El procesamiento de lenguaje natural requiere un análisis estadístico profundo. Qué dolor de cabeza, puta madre.",0
"No mames, está cabrón el tráfico de hoy en la avenida principal.",0
"El árbitro debería desaparecer, arruina la comunidad y nadie lo quiere aquí.",1
"Qué pendejada acabo de hacer con el café, lo derramé sobre el teclado.",0
Ese usuario no es más que una escoria y eres un peligro social.,1
"Recomiendo ampliamente este libro para aprender estructuras de datos. Qué dolor de cabeza, puta madre.",0
"Está cabrón terminar este proyecto final para el lunes. Qué dolor de cabeza, puta madre.",0
"El examen de la facultad estuvo de la chingada, pero alcancé a pasar.",0
"Qué pendejo estoy, olvidé el archivo en la otra computadora. Qué dolor de cabeza, puta madre.",0
"Ya valió madre, se cayó el sistema de la escuela otra vez. Qué dolor de cabeza, puta madre.",0
Ese usuario se comporta como una imbécil y eres un peligro social.,1
Ese usuario no es más que una imbécil y da asco que exista.,1
Ese hater es una completa incompetente y hay que lincharlo entre todos.,1
El creador del video no es más que una idiota y lárgate de esta plataforma.,1
EL STREAMER ES UNA COMPLETA PARÁSITO Y DA ASCO QUE EXISTA.,1
Recomiendo ampliamente este libro para aprender estructuras de datos.,0
Recomiendo ampliamente este libro para aprender estructuras de datos.,0
"Está cabrón terminar este proyecto final para el lunes. Qué dolor de cabeza, puta madre.",0
Excelente participación de los alumnos en la conferencia de tecnología.,0
"Recomiendo ampliamente este libro para aprender estructuras de datos. Qué dolor de cabeza, puta madre.",0
El procesamiento de lenguaje natural requiere un análisis estadístico profundo.,0
El proyecto final de ingeniería quedó agendada para el próximo lunes.,0
"Qué pendejo estoy, olvidé el archivo en la otra computadora.",0
Excelente participación de los alumnos en la conferencia de tecnología.,0
Ese hater demuestra ser una escoria y da asco que exista.,1
"Qué pendejo estoy, olvidé el archivo en la otra computadora.",0
Esa mujer demuestra ser una pendeja y lárgate de esta plataforma.,1
LA DIPUTADA SE COMPORTA COMO UNA PLAGA Y HAY QUE LINCHARLO ENTRE TODOS.,1
Está cabrón terminar este proyecto final para el lunes.,0
El streamer es una completa parásito y hay que lincharlo entre todos.,1
La diputada es una completa pendeja y hay que lincharlo entre todos.,1
"Ya valió madre, se cayó el sistema de la escuela otra vez. Qué dolor de cabeza, puta madre.",0
"Qué pendejada acabo de hacer con el café, lo derramé sobre el teclado.",0
El árbitro es una completa inepto y eres un peligro social.,1
Este tipo se comporta como una mierda y deberían banearlo ya.,1
La diputada se comporta como una pendejo y hay que lincharlo entre todos.,1
Este tipo es una completa ignorante y hay que lincharlo entre todos.,1
LA DIPUTADA DEMUESTRA SER UNA IGNORANTE Y HAY QUE LINCHARLO ENTRE TODOS.,1
Este tipo no es más que una idiota y lárgate de esta plataforma.,1
"¿Alguien sabe a qué hora abre la biblioteca central de la facultad? Qué dolor de cabeza, puta madre.",0
Este tipo no es más que una rata y ojalá te pase algo malo.,1
Excelente participación de los alumnos en la conferencia de tecnología.,0
El árbitro no es más que una ignorante y ojalá te pase algo malo.,1
El moderador no es más que una pendeja y hay que lincharlo entre todos.,1
"Qué pendejada acabo de hacer con el café, lo derramé sobre el teclado.",0
¿Alguien sabe a qué hora abre la biblioteca central de la facultad?,0
"El streamer debería desaparecer, arruina la comunidad y nadie lo quiere aquí.",1
El candidato no es más que una mierda y lárgate de esta plataforma.,1
El streamer no es más que una idiota y deberían banearlo ya.,1
El moderador no es más que una mierda y ojalá te pase algo malo.,1
"Qué pendejo estoy, olvidé el archivo en la otra computadora. Qué dolor de cabeza, puta madre.",0
Muchas gracias por compartir el enlace con la documentación de la API.,0
EL STREAMER DEMUESTRA SER UNA MIERDA Y HAY QUE LINCHARLO ENTRE TODOS.,1
"El streamer debería desaparecer, arruina la comunidad y nadie lo quiere aquí.",1
"El examen de la facultad estuvo de la chingada, pero alcancé a pasar.",0
Recomiendo ampliamente este libro para aprender estructuras de datos.,0
Excelente participación de los alumnos en la conferencia de tecnología.,0
El proyecto final de ingeniería quedó agendada para el próximo lunes.,0
"Qué pendejo estoy, olvidé el archivo en la otra computadora.",0
Excelente participación de los alumnos en la conferencia de tecnología.,0
"El proyecto final de ingeniería quedó agendada para el próximo lunes. Qué dolor de cabeza, puta madre.",0
¿Alguien sabe a qué hora abre la biblioteca central de la facultad?,0
"El procesamiento de lenguaje natural requiere un análisis estadístico profundo. Qué dolor de cabeza, puta madre.",0
Está cabrón terminar este proyecto final para el lunes.,0
"Qué pendejo estoy, olvidé el archivo en la otra computadora.",0
La diputada no es más que una basura y lárgate de esta plataforma.,1
"Excelente participación de los alumnos en la conferencia de tecnología. Qué dolor de cabeza, puta madre.",0
ESE USUARIO DEMUESTRA SER UNA IGNORANTE Y HAY QUE LINCHARLO ENTRE TODOS.,1
"No mames, está cabrón el tráfico de hoy en la avenida principal.",0
Ese hater no es más que una miserable y ojalá te pase algo malo.,1
"ESE USUARIO DEBERÍA DESAPARECER, ARRUINA LA COMUNIDAD Y NADIE LO QUIERE AQUÍ.",1
El streamer resultó ser una idiota y lárgate de esta plataforma.,1
EL ÁRBITRO SE COMPORTA COMO UNA IDIOTA Y ERES UN PELIGRO SOCIAL.,1
El proyecto final de ingeniería quedó agendada para el próximo lunes.,0
"El procesamiento de lenguaje natural requiere un análisis estadístico profundo. Qué dolor de cabeza, puta madre.",0
El árbitro demuestra ser una pendeja y eres un peligro social.,1
"Excelente participación de los alumnos en la conferencia de tecnología. Qué dolor de cabeza, puta madre.",0
"El proyecto final de ingeniería quedó agendada para el próximo lunes. Qué dolor de cabeza, puta madre.",0
Muchas gracias por compartir el enlace con la documentación de la API.,0
Esa mujer se comporta como una mierda y deberían banearlo ya.,1
"El examen de la facultad estuvo de la chingada, pero alcancé a pasar.",0
"LA DIPUTADA DEBERÍA DESAPARECER, ARRUINA LA COMUNIDAD Y NADIE LO QUIERE AQUÍ.",1
El candidato es una completa incompetente y ojalá te pase algo malo.,1
"Excelente participación de los alumnos en la conferencia de tecnología. Qué dolor de cabeza, puta madre.",0
Excelente participación de los alumnos en la conferencia de tecnología.,0
Esa mujer es una completa basura y ojalá te pase algo malo.,1
"Ya valió madre, se cayó el sistema de la escuela otra vez. Qué dolor de cabeza, puta madre.",0
Está cabrón terminar este proyecto final para el lunes.,0
El creador del video no es más que una pendejo y ojalá te pase algo malo.,1
"¿Alguien sabe a qué hora abre la biblioteca central de la facultad? Qué dolor de cabeza, puta madre.",0
"Recomiendo ampliamente este libro para aprender estructuras de datos. Qué dolor de cabeza, puta madre.",0
Esa mujer se comporta como una ignorante y hay que lincharlo entre todos.,1
El creador del video es una completa incompetente y da asco que exista.,1
El moderador es una completa pendeja y deberían banearlo ya.,1
"El proyecto final de ingeniería quedó agendada para el próximo lunes. Qué dolor de cabeza, puta madre.",0
El streamer resultó ser una imbécil y eres un peligro social.,1
"Qué pendejo estoy, olvidé el archivo en la otra computadora. Qué dolor de cabeza, puta madre.",0
Este tipo demuestra ser una idiota y deberían banearlo ya.,1
La diputada no es más que una parásito y deberían banearlo ya.,1
"Qué pendejada acabo de hacer con el café, lo derramé sobre el teclado.",0
"Está cabrón terminar este proyecto final para el lunes. Qué dolor de cabeza, puta madre.",0
Esa mujer es una completa plaga y da asco que exista.,1
El creador del video es una completa ignorante y deberían banearlo ya.,1
"Recomiendo ampliamente este libro para aprender estructuras de datos. Qué dolor de cabeza, puta madre.",0
Está cabrón terminar este proyecto final para el lunes.,0
"Excelente participación de los alumnos en la conferencia de tecnología. Qué dolor de cabeza, puta madre.",0
El proyecto final de ingeniería quedó agendada para el próximo lunes.,0
El árbitro es una completa mierda y ojalá te pase algo malo.,1
El candidato resultó ser una plaga y ojalá te pase algo malo.,1
Está cabrón terminar este proyecto final para el lunes.,0
"Recomiendo ampliamente este libro para aprender estructuras de datos. Qué dolor de cabeza, puta madre.",0
EL CANDIDATO RESULTÓ SER UNA LACRA Y DEBERÍAN BANEARLO YA.,1
"Qué pendejo estoy, olvidé el archivo en la otra computadora. Qué dolor de cabeza, puta madre.",0
EL CANDIDATO DEMUESTRA SER UNA CABRÓN Y HAY QUE LINCHARLO ENTRE TODOS.,1
La diputada no es más que una pendejo y lárgate de esta plataforma.,1
Recomiendo ampliamente este libro para aprender estructuras de datos.,0
¿Alguien sabe a qué hora abre la biblioteca central de la facultad?,0
¿Alguien sabe a qué hora abre la biblioteca central de la facultad?,0
Ese usuario es una completa incompetente y lárgate de esta plataforma.,1
¿Alguien sabe a qué hora abre la biblioteca central de la facultad?,0
Esa mujer se comporta como una basura y da asco que exista.,1
"Qué pendejada acabo de hacer con el café, lo derramé sobre el teclado. Qué dolor de cabeza, puta madre.",0
"Qué pendejo estoy, olvidé el archivo en la otra computadora.",0
Ese hater no es más que una pendejo y deberían banearlo ya.,1
El moderador no es más que una escoria y da asco que exista.,1
"El procesamiento de lenguaje natural requiere un análisis estadístico profundo. Qué dolor de cabeza, puta madre.",0
"El proyecto final de ingeniería quedó agendada para el próximo lunes. Qué dolor de cabeza, puta madre.",0
"Ese hater debería desaparecer, arruina la comunidad y nadie lo quiere aquí.",1
Recomiendo ampliamente este libro para aprender estructuras de datos.,0
Este tipo se comporta como una miserable y ojalá te pase algo malo.,1
Este tipo se comporta como una rata y ojalá te pase algo malo.,1
"No mames, está cabrón el tráfico de hoy en la avenida principal. Qué dolor de cabeza, puta madre.",0
"Está cabrón terminar este proyecto final para el lunes. Qué dolor de cabeza, puta madre.",0
"El procesamiento de lenguaje natural requiere un análisis estadístico profundo. Qué dolor de cabeza, puta madre.",0
Este tipo es una completa ignorante y hay que lincharlo entre todos.,1
El creador del video demuestra ser una rata y lárgate de esta plataforma.,1
Está cabrón terminar este proyecto final para el lunes.,0
ESE USUARIO RESULTÓ SER UNA IMBÉCIL Y HAY QUE LINCHARLO ENTRE TODOS.,1
El moderador se comporta como una idiota y lárgate de esta plataforma.,1
Ese hater se comporta como una lacra y eres un peligro social.,1
Muchas gracias por compartir el enlace con la documentación de la API.,0
"El creador del video debería desaparecer, arruina la comunidad y nadie lo quiere aquí.",1
El streamer se comporta como una basura y lárgate de esta plataforma.,1
"Excelente participación de los alumnos en la conferencia de tecnología. Qué dolor de cabeza, puta madre.",0
Ese hater resultó ser una inepto y eres un peligro social.,1
¿Alguien sabe a qué hora abre la biblioteca central de la facultad?,0
La diputada demuestra ser una ignorante y deberían banearlo ya.,1
Ese hater demuestra ser una cabrón y lárgate de esta plataforma.,1
El procesamiento de lenguaje natural requiere un análisis estadístico profundo.,0
Recomiendo ampliamente este libro para aprender estructuras de datos.,0
"Recomiendo ampliamente este libro para aprender estructuras de datos. Qué dolor de cabeza, puta madre.",0
Ese hater es una completa lacra y eres un peligro social.,1
"Qué pendejada acabo de hacer con el café, lo derramé sobre el teclado.",0
El proyecto final de ingeniería quedó agendada para el próximo lunes.,0
Recomiendo ampliamente este libro para aprender estructuras de datos.,0
Esa mujer demuestra ser una cabrón y lárgate de esta plataforma.,1
"La diputada debería desaparecer, arruina la comunidad y nadie lo quiere aquí.",1
El streamer resultó ser una ignorante y eres un peligro social.,1
"No mames, está cabrón el tráfico de hoy en la avenida principal.",0
Esa mujer es una completa pendejo y deberían banearlo ya.,1
El proyecto final de ingeniería quedó agendada para el próximo lunes.,0
ESTE TIPO ES UNA COMPLETA BASURA Y HAY QUE LINCHARLO ENTRE TODOS.,1
"El creador del video debería desaparecer, arruina la comunidad y nadie lo quiere aquí.",1
Está cabrón terminar este proyecto final para el lunes.,0
¿Alguien sabe a qué hora abre la biblioteca central de la facultad?,0
EL MODERADOR DEMUESTRA SER UNA INCOMPETENTE Y LÁRGATE DE ESTA PLATAFORMA.,1
Ese usuario resultó ser una plaga y deberían banearlo ya.,1
"Está cabrón terminar este proyecto final para el lunes. Qué dolor de cabeza, puta madre.",0
"Ya valió madre, se cayó el sistema de la escuela otra vez. Qué dolor de cabeza, puta madre.",0
"Qué pendejo estoy, olvidé el archivo en la otra computadora.",0
EL MODERADOR DEMUESTRA SER UNA LACRA Y LÁRGATE DE ESTA PLATAFORMA.,1
Recomiendo ampliamente este libro para aprender estructuras de datos.,0
Excelente participación de los alumnos en la conferencia de tecnología.,0
El árbitro se comporta como una idiota y eres un peligro social.,1
Está cabrón terminar este proyecto final para el lunes.,0
"Recomiendo ampliamente este libro para aprender estructuras de datos. Qué dolor de cabeza, puta madre.",0
"Ya valió madre, se cayó el sistema de la escuela otra vez.",0
Este tipo se comporta como una pendejo y lárgate de esta plataforma.,1
ESTE TIPO DEMUESTRA SER UNA MISERABLE Y LÁRGATE DE ESTA PLATAFORMA.,1
"Muchas gracias por compartir el enlace con la documentación de la API. Qué dolor de cabeza, puta madre.",0
"No mames, está cabrón el tráfico de hoy en la avenida principal.",0
Ese usuario es una completa idiota y eres un peligro social.,1
"¿Alguien sabe a qué hora abre la biblioteca central de la facultad? Qué dolor de cabeza, puta madre.",0
EL ÁRBITRO DEMUESTRA SER UNA MIERDA Y LÁRGATE DE ESTA PLATAFORMA.,1
El árbitro es una completa escoria y da asco que exista.,1
"Este tipo debería desaparecer, arruina la comunidad y nadie lo quiere aquí.",1
Está cabrón terminar este proyecto final para el lunes.,0
Está cabrón terminar este proyecto final para el lunes.,0
El streamer demuestra ser una cabrón y hay que lincharlo entre todos.,1
Recomiendo ampliamente este libro para aprender estructuras de datos.,0
"Ya valió madre, se cayó el sistema de la escuela otra vez.",0
"El árbitro debería desaparecer, arruina la comunidad y nadie lo quiere aquí.",1
El candidato demuestra ser una pendeja y deberían banearlo ya.,1
LA DIPUTADA DEMUESTRA SER UNA INEPTO Y DEBERÍAN BANEARLO YA.,1
"El examen de la facultad estuvo de la chingada, pero alcancé a pasar. Qué dolor de cabeza, puta madre.",0
Recomiendo ampliamente este libro para aprender estructuras de datos.,0
Ese hater se comporta como una rata y lárgate de esta plataforma.,1
Este tipo se comporta como una basura y hay que lincharlo entre todos.,1
LA DIPUTADA ES UNA COMPLETA CABRÓN Y DA ASCO QUE EXISTA.,1
El moderador resultó ser una basura y deberían banearlo ya.,1
El streamer demuestra ser una incompetente y eres un peligro social.,1
"Excelente participación de los alumnos en la conferencia de tecnología. Qué dolor de cabeza, puta madre.",0
EL STREAMER DEMUESTRA SER UNA CABRÓN Y DA ASCO QUE EXISTA.,1
El moderador no es más que una imbécil y hay que lincharlo entre todos.,1
El creador del video se comporta como una plaga y deberían banearlo ya.,1
"El examen de la facultad estuvo de la chingada, pero alcancé a pasar.",0
El proyecto final de ingeniería quedó agendada para el próximo lunes.,0
La diputada demuestra ser una cabrón y eres un peligro social.,1
"Ya valió madre, se cayó el sistema de la escuela otra vez. Qué dolor de cabeza, puta madre.",0
Muchas gracias por compartir el enlace con la documentación de la API.,0
"El examen de la facultad estuvo de la chingada, pero alcancé a pasar.",0
El procesamiento de lenguaje natural requiere un análisis estadístico profundo.,0
"Qué pendejada acabo de hacer con el café, lo derramé sobre el teclado.",0
El proyecto final de ingeniería quedó agendada para el próximo lunes.,0
El moderador demuestra ser una ignorante y deberían banearlo ya.,1
¿Alguien sabe a qué hora abre la biblioteca central de la facultad?,0
Esa mujer no es más que una basura y da asco que exista.,1
El árbitro es una completa pendeja y eres un peligro social.,1
"El creador del video debería desaparecer, arruina la comunidad y nadie lo quiere aquí.",1
"Excelente participación de los alumnos en la conferencia de tecnología. Qué dolor de cabeza, puta madre.",0
"No mames, está cabrón el tráfico de hoy en la avenida principal. Qué dolor de cabeza, puta madre.",0
Esa mujer no es más que una imbécil y deberían banearlo ya.,1
Muchas gracias por compartir el enlace con la documentación de la API.,0
La diputada se comporta como una rata y deberían banearlo ya.,1
El candidato no es más que una mierda y deberían banearlo ya.,1
"El proyecto final de ingeniería quedó agendada para el próximo lunes. Qué dolor de cabeza, puta madre.",0
"Ese hater debería desaparecer, arruina la comunidad y nadie lo quiere aquí.",1
Esa mujer se comporta como una cabrón y eres un peligro social.,1
"Ya valió madre, se cayó el sistema de la escuela otra vez. Qué dolor de cabeza, puta madre.",0
Ese usuario demuestra ser una cabrón y deberían banearlo ya.,1
"Qué pendejo estoy, olvidé el archivo en la otra computadora. Qué dolor de cabeza, puta madre.",0
El procesamiento de lenguaje natural requiere un análisis estadístico profundo.,0
Esa mujer demuestra ser una rata y da asco que exista.,1
El candidato no es más que una ignorante y da asco que exista.,1
Está cabrón terminar este proyecto final para el lunes.,0
Muchas gracias por compartir el enlace con la documentación de la API.,0
"Está cabrón terminar este proyecto final para el lunes. Qué dolor de cabeza, puta madre.",0
"Qué pendejada acabo de hacer con el café, lo derramé sobre el teclado. Qué dolor de cabeza, puta madre.",0
"Ya valió madre, se cayó el sistema de la escuela otra vez. Qué dolor de cabeza, puta madre.",0
"Qué pendejo estoy, olvidé el archivo en la otra computadora.",0
"Ya valió madre, se cayó el sistema de la escuela otra vez. Qué dolor de cabeza, puta madre.",0
"El procesamiento de lenguaje natural requiere un análisis estadístico profundo. Qué dolor de cabeza, puta madre.",0
Ese usuario no es más que una mierda y lárgate de esta plataforma.,1
¿Alguien sabe a qué hora abre la biblioteca central de la facultad?,0
Este tipo es una completa incompetente y deberían banearlo ya.,1
"Qué pendejada acabo de hacer con el café, lo derramé sobre el teclado.",0
El moderador demuestra ser una cabrón y da asco que exista.,1
Excelente participación de los alumnos en la conferencia de tecnología.,0
"El examen de la facultad estuvo de la chingada, pero alcancé a pasar. Qué dolor de cabeza, puta madre.",0
¿Alguien sabe a qué hora abre la biblioteca central de la facultad?,0
La diputada se comporta como una plaga y deberían banearlo ya.,1
El árbitro demuestra ser una pendejo y hay que lincharlo entre todos.,1
El moderador resultó ser una mierda y ojalá te pase algo malo.,1
"Está cabrón terminar este proyecto final para el lunes. Qué dolor de cabeza, puta madre.",0
El streamer se comporta como una cabrón y da asco que exista.,1
La diputada se comporta como una basura y ojalá te pase algo malo.,1
¿Alguien sabe a qué hora abre la biblioteca central de la facultad?,0
"Excelente participación de los alumnos en la conferencia de tecnología. Qué dolor de cabeza, puta madre.",0
Ese hater no es más que una incompetente y deberían banearlo ya.,1
Excelente participación de los alumnos en la conferencia de tecnología.,0
"¿Alguien sabe a qué hora abre la biblioteca central de la facultad? Qué dolor de cabeza, puta madre.",0
Ese usuario no es más que una mierda y da asco que exista.,1
"Qué pendejo estoy, olvidé el archivo en la otra computadora.",0
"Ese hater debería desaparecer, arruina la comunidad y nadie lo quiere aquí.",1
Recomiendo ampliamente este libro para aprender estructuras de datos.,0
Está cabrón terminar este proyecto final para el lunes.,0
La diputada no es más que una pendeja y hay que lincharlo entre todos.,1
"¿Alguien sabe a qué hora abre la biblioteca central de la facultad? Qué dolor de cabeza, puta madre.",0
"Qué pendejo estoy, olvidé el archivo en la otra computadora. Qué dolor de cabeza, puta madre.",0
Esa mujer se comporta como una pendeja y da asco que exista.,1
ESE HATER NO ES MÁS QUE UNA IMBÉCIL Y DEBERÍAN BANEARLO YA.,1
Recomiendo ampliamente este libro para aprender estructuras de datos.,0
Ese usuario se comporta como una miserable y ojalá te pase algo malo.,1
El creador del video se comporta como una miserable y hay que lincharlo entre todos.,1
"Muchas gracias por compartir el enlace con la documentación de la API. Qué dolor de cabeza, puta madre.",0
El streamer demuestra ser una idiota y da asco que exista.,1
EL CREADOR DEL VIDEO SE COMPORTA COMO UNA CABRÓN Y OJALÁ TE PASE ALGO MALO.,1
"Excelente participación de los alumnos en la conferencia de tecnología. Qué dolor de cabeza, puta madre.",0
El candidato resultó ser una idiota y hay que lincharlo entre todos.,1
"El examen de la facultad estuvo de la chingada, pero alcancé a pasar. Qué dolor de cabeza, puta madre.",0
"Ya valió madre, se cayó el sistema de la escuela otra vez. Qué dolor de cabeza, puta madre.",0
Ese usuario no es más que una incompetente y hay que lincharlo entre todos.,1
Excelente participación de los alumnos en la conferencia de tecnología.,0
"Qué pendejo estoy, olvidé el archivo en la otra computadora. Qué dolor de cabeza, puta madre.",0
El creador del video es una completa lacra y eres un peligro social.,1
"Está cabrón terminar este proyecto final para el lunes. Qué dolor de cabeza, puta madre.",0
"Qué pendejada acabo de hacer con el café, lo derramé sobre el teclado. Qué dolor de cabeza, puta madre.",0
El árbitro demuestra ser una ignorante y lárgate de esta plataforma.,1
ESA MUJER NO ES MÁS QUE UNA BASURA Y LÁRGATE DE ESTA PLATAFORMA.,1
Esa mujer no es más que una escoria y ojalá te pase algo malo.,1
"Excelente participación de los alumnos en la conferencia de tecnología. Qué dolor de cabeza, puta madre.",0
El árbitro no es más que una plaga y ojalá te pase algo malo.,1
"El árbitro debería desaparecer, arruina la comunidad y nadie lo quiere aquí.",1
El árbitro no es más que una imbécil y lárgate de esta plataforma.,1
"El proyecto final de ingeniería quedó agendada para el próximo lunes. Qué dolor de cabeza, puta madre.",0
"Ya valió madre, se cayó el sistema de la escuela otra vez.",0
El candidato demuestra ser una imbécil y da asco que exista.,1
"Ya valió madre, se cayó el sistema de la escuela otra vez. Qué dolor de cabeza, puta madre.",0
"¿Alguien sabe a qué hora abre la biblioteca central de la facultad? Qué dolor de cabeza, puta madre.",0
Ese usuario es una completa pendeja y deberían banearlo ya.,1
El creador del video es una completa rata y ojalá te pase algo malo.,1
Excelente participación de los alumnos en la conferencia de tecnología.,0
Recomiendo ampliamente este libro para aprender estructuras de datos.,0
EL STREAMER DEMUESTRA SER UNA ESCORIA Y DEBERÍAN BANEARLO YA.,1
EL STREAMER NO ES MÁS QUE UNA MISERABLE Y DEBERÍAN BANEARLO YA.,1
Este tipo no es más que una idiota y ojalá te pase algo malo.,1
"Qué pendejada acabo de hacer con el café, lo derramé sobre el teclado. Qué dolor de cabeza, puta madre.",0
El streamer se comporta como una basura y hay que lincharlo entre todos.,1
El creador del video no es más que una inepto y hay que lincharlo entre todos.,1
LA DIPUTADA NO ES MÁS QUE UNA MIERDA Y HAY QUE LINCHARLO ENTRE TODOS.,1
"Está cabrón terminar este proyecto final para el lunes. Qué dolor de cabeza, puta madre.",0
"No mames, está cabrón el tráfico de hoy en la avenida principal.",0
"No mames, está cabrón el tráfico de hoy en la avenida principal.",0
El moderador es una completa pendejo y da asco que exista.,1
EL ÁRBITRO SE COMPORTA COMO UNA MIERDA Y ERES UN PELIGRO SOCIAL.,1
El creador del video resultó ser una cabrón y lárgate de esta plataforma.,1
Ese hater no es más que una pendeja y eres un peligro social.,1
Ese hater se comporta como una incompetente y da asco que exista.,1
"El candidato debería desaparecer, arruina la comunidad y nadie lo quiere aquí.",1
El candidato demuestra ser una mierda y hay que lincharlo entre todos.,1
Ese usuario resultó ser una lacra y ojalá te pase algo malo.,1
El creador del video es una completa parásito y lárgate de esta plataforma.,1
El moderador demuestra ser una ignorante y deberían banearlo ya.,1
Muchas gracias por compartir el enlace con la documentación de la API.,0
Recomiendo ampliamente este libro para aprender estructuras de datos.,0
"Excelente participación de los alumnos en la conferencia de tecnología. Qué dolor de cabeza, puta madre.",0
Esa mujer es una completa ignorante y lárgate de esta plataforma.,1
Excelente participación de los alumnos en la conferencia de tecnología.,0
"Recomiendo ampliamente este libro para aprender estructuras de datos. Qué dolor de cabeza, puta madre.",0
Ese hater se comporta como una parásito y hay que lincharlo entre todos.,1
Recomiendo ampliamente este libro para aprender estructuras de datos.,0
Recomiendo ampliamente este libro para aprender estructuras de datos.,0
Ese usuario no es más que una idiota y da asco que exista.,1
El proyecto final de ingeniería quedó agendada para el próximo lunes.,0
El creador del video es una completa cabrón y ojalá te pase algo malo.,1
Esa mujer demuestra ser una cabrón y hay que lincharlo entre todos.,1
Ese hater demuestra ser una lacra y da asco que exista.,1
El proyecto final de ingeniería quedó agendada para el próximo lunes.,0
"No mames, está cabrón el tráfico de hoy en la avenida principal. Qué dolor de cabeza, puta madre.",0
"LA DIPUTADA DEBERÍA DESAPARECER, ARRUINA LA COMUNIDAD Y NADIE LO QUIERE AQUÍ.",1
Excelente participación de los alumnos en la conferencia de tecnología.,0
"Qué pendejo estoy, olvidé el archivo en la otra computadora. Qué dolor de cabeza, puta madre.",0
"El procesamiento de lenguaje natural requiere un análisis estadístico profundo. Qué dolor de cabeza, puta madre.",0
"Qué pendejo estoy, olvidé el archivo en la otra computadora. Qué dolor de cabeza, puta madre.",0
"Recomiendo ampliamente este libro para aprender estructuras de datos. Qué dolor de cabeza, puta madre.",0
"Qué pendejo estoy, olvidé el archivo en la otra computadora.",0
Esa mujer no es más que una idiota y da asco que exista.,1
"Qué pendejo estoy, olvidé el archivo en la otra computadora.",0
Muchas gracias por compartir el enlace con la documentación de la API.,0
El moderador es una completa incompetente y eres un peligro social.,1
EL CREADOR DEL VIDEO DEMUESTRA SER UNA INEPTO Y ERES UN PELIGRO SOCIAL.,1
La diputada no es más que una rata y ojalá te pase algo malo.,1
El proyecto final de ingeniería quedó agendada para el próximo lunes.,0
ESTE TIPO RESULTÓ SER UNA MISERABLE Y ERES UN PELIGRO SOCIAL.,1
"No mames, está cabrón el tráfico de hoy en la avenida principal.",0
El árbitro demuestra ser una cabrón y lárgate de esta plataforma.,1
El streamer resultó ser una escoria y lárgate de esta plataforma.,1
El candidato demuestra ser una cabrón y da asco que exista.,1
"Qué pendejo estoy, olvidé el archivo en la otra computadora. Qué dolor de cabeza, puta madre.",0
Ese usuario no es más que una miserable y deberían banearlo ya.,1
Esa mujer resultó ser una lacra y hay que lincharlo entre todos.,1
El moderador resultó ser una ignorante y da asco que exista.,1
Este tipo resultó ser una escoria y hay que lincharlo entre todos.,1
La diputada resultó ser una lacra y hay que lincharlo entre todos.,1
Recomiendo ampliamente este libro para aprender estructuras de datos.,0
La diputada es una completa inepto y da asco que exista.,1
"No mames, está cabrón el tráfico de hoy en la avenida principal.",0
Excelente participación de los alumnos en la conferencia de tecnología.,0
EL MODERADOR SE COMPORTA COMO UNA PENDEJO Y LÁRGATE DE ESTA PLATAFORMA.,1
"El streamer debería desaparecer, arruina la comunidad y nadie lo quiere aquí.",1
"Muchas gracias por compartir el enlace con la documentación de la API. Qué dolor de cabeza, puta madre.",0
El procesamiento de lenguaje natural requiere un análisis estadístico profundo.,0
El moderador no es más que una pendejo y hay que lincharlo entre todos.,1
Está cabrón terminar este proyecto final para el lunes.,0
"El creador del video debería desaparecer, arruina la comunidad y nadie lo quiere aquí.",1
"El examen de la facultad estuvo de la chingada, pero alcancé a pasar. Qué dolor de cabeza, puta madre.",0
El moderador demuestra ser una parásito y hay que lincharlo entre todos.,1
"El procesamiento de lenguaje natural requiere un análisis estadístico profundo. Qué dolor de cabeza, puta madre.",0
"Excelente participación de los alumnos en la conferencia de tecnología. Qué dolor de cabeza, puta madre.",0
Está cabrón terminar este proyecto final para el lunes.,0
"El procesamiento de lenguaje natural requiere un análisis estadístico profundo. Qué dolor de cabeza, puta madre.",0
EL ÁRBITRO SE COMPORTA COMO UNA IDIOTA Y OJALÁ TE PASE ALGO MALO.,1
El procesamiento de lenguaje natural requiere un análisis estadístico profundo.,0
Muchas gracias por compartir el enlace con la documentación de la API.,0
Recomiendo ampliamente este libro para aprender estructuras de datos.,0
El streamer resultó ser una inepto y hay que lincharlo entre todos.,1
"No mames, está cabrón el tráfico de hoy en la avenida principal. Qué dolor de cabeza, puta madre.",0
El streamer demuestra ser una pendeja y eres un peligro social.,1
"Qué pendejada acabo de hacer con el café, lo derramé sobre el teclado.",0
Ese usuario se comporta como una incompetente y ojalá te pase algo malo.,1
"Está cabrón terminar este proyecto final para el lunes. Qué dolor de cabeza, puta madre.",0
¿Alguien sabe a qué hora abre la biblioteca central de la facultad?,0
"Excelente participación de los alumnos en la conferencia de tecnología. Qué dolor de cabeza, puta madre.",0
¿Alguien sabe a qué hora abre la biblioteca central de la facultad?,0
El árbitro es una completa incompetente y eres un peligro social.,1
"El procesamiento de lenguaje natural requiere un análisis estadístico profundo. Qué dolor de cabeza, puta madre.",0
"Qué pendejada acabo de hacer con el café, lo derramé sobre el teclado. Qué dolor de cabeza, puta madre.",0
"El examen de la facultad estuvo de la chingada, pero alcancé a pasar. Qué dolor de cabeza, puta madre.",0
"Qué pendejo estoy, olvidé el archivo en la otra computadora. Qué dolor de cabeza, puta madre.",0
ESTE TIPO NO ES MÁS QUE UNA PENDEJO Y HAY QUE LINCHARLO ENTRE TODOS.,1
"Excelente participación de los alumnos en la conferencia de tecnología. Qué dolor de cabeza, puta madre.",0
EL MODERADOR NO ES MÁS QUE UNA IDIOTA Y DEBERÍAN BANEARLO YA.,1
"¿Alguien sabe a qué hora abre la biblioteca central de la facultad? Qué dolor de cabeza, puta madre.",0
El árbitro demuestra ser una imbécil y hay que lincharlo entre todos.,1
"Qué pendejo estoy, olvidé el archivo en la otra computadora.",0
"Esa mujer debería desaparecer, arruina la comunidad y nadie lo quiere aquí.",1
Esa mujer se comporta como una cabrón y da asco que exista.,1
"El candidato debería desaparecer, arruina la comunidad y nadie lo quiere aquí.",1
Este tipo es una completa rata y deberían banearlo ya.,1
"Qué pendejada acabo de hacer con el café, lo derramé sobre el teclado.",0
"El examen de la facultad estuvo de la chingada, pero alcancé a pasar.",0
Muchas gracias por compartir el enlace con la documentación de la API.,0
Ese usuario es una completa lacra y hay que lincharlo entre todos.,1
"Qué pendejo estoy, olvidé el archivo en la otra computadora. Qué dolor de cabeza, puta madre.",0
El streamer resultó ser una mierda y hay que lincharlo entre todos.,1
Este tipo demuestra ser una idiota y lárgate de esta plataforma.,1
"Qué pendejo estoy, olvidé el archivo en la otra computadora.",0
Ese hater se comporta como una basura y ojalá te pase algo malo.,1
La diputada es una completa pendeja y lárgate de esta plataforma.,1
"Ese usuario debería desaparecer, arruina la comunidad y nadie lo quiere aquí.",1
¿Alguien sabe a qué hora abre la biblioteca central de la facultad?,0
Está cabrón terminar este proyecto final para el lunes.,0
Este tipo demuestra ser una imbécil y ojalá te pase algo malo.,1
El creador del video no es más que una miserable y lárgate de esta plataforma.,1
El candidato demuestra ser una parásito y hay que lincharlo entre todos.,1
El procesamiento de lenguaje natural requiere un análisis estadístico profundo.,0
ESE USUARIO SE COMPORTA COMO UNA PARÁSITO Y DA ASCO QUE EXISTA.,1
"El examen de la facultad estuvo de la chingada, pero alcancé a pasar.",0
El streamer no es más que una rata y lárgate de esta plataforma.,1
El creador del video no es más que una miserable y eres un peligro social.,1
"EL MODERADOR DEBERÍA DESAPARECER, ARRUINA LA COMUNIDAD Y NADIE LO QUIERE AQUÍ.",1
Muchas gracias por compartir el enlace con la documentación de la API.,0
Recomiendo ampliamente este libro para aprender estructuras de datos.,0
"Muchas gracias por compartir el enlace con la documentación de la API. Qué dolor de cabeza, puta madre.",0
El creador del video no es más que una escoria y ojalá te pase algo malo.,1
La diputada no es más que una rata y eres un peligro social.,1
El proyecto final de ingeniería quedó agendada para el próximo lunes.,0
"LA DIPUTADA DEBERÍA DESAPARECER, ARRUINA LA COMUNIDAD Y NADIE LO QUIERE AQUÍ.",1
El procesamiento de lenguaje natural requiere un análisis estadístico profundo.,0
"Está cabrón terminar este proyecto final para el lunes. Qué dolor de cabeza, puta madre.",0
El creador del video se comporta como una escoria y lárgate de esta plataforma.,1
ESE HATER SE COMPORTA COMO UNA IGNORANTE Y OJALÁ TE PASE ALGO MALO.,1
"Ya valió madre, se cayó el sistema de la escuela otra vez.",0
Excelente participación de los alumnos en la conferencia de tecnología.,0
El proyecto final de ingeniería quedó agendada para el próximo lunes.,0
Está cabrón terminar este proyecto final para el lunes.,0
Ese usuario demuestra ser una inepto y hay que lincharlo entre todos.,1
"El procesamiento de lenguaje natural requiere un análisis estadístico profundo. Qué dolor de cabeza, puta madre.",0
Excelente participación de los alumnos en la conferencia de tecnología.,0
El candidato demuestra ser una cabrón y lárgate de esta plataforma.,1
El moderador no es más que una pendejo y ojalá te pase algo malo.,1
Ese usuario no es más que una imbécil y deberían banearlo ya.,1
Ese usuario es una completa pendeja y da asco que exista.,1
Ese usuario demuestra ser una imbécil y da asco que exista.,1
EL MODERADOR DEMUESTRA SER UNA IGNORANTE Y ERES UN PELIGRO SOCIAL.,1
La diputada resultó ser una basura y eres un peligro social.,1
La diputada es una completa mierda y hay que lincharlo entre todos.,1
"Está cabrón terminar este proyecto final para el lunes. Qué dolor de cabeza, puta madre.",0
El streamer se comporta como una imbécil y deberían banearlo ya.,1
El moderador demuestra ser una miserable y lárgate de esta plataforma.,1
"El streamer debería desaparecer, arruina la comunidad y nadie lo quiere aquí.",1
"El proyecto final de ingeniería quedó agendada para el próximo lunes. Qué dolor de cabeza, puta madre.",0
"Qué pendejada acabo de hacer con el café, lo derramé sobre el teclado.",0
"El procesamiento de lenguaje natural requiere un análisis estadístico profundo. Qué dolor de cabeza, puta madre.",0
"Muchas gracias por compartir el enlace con la documentación de la API. Qué dolor de cabeza, puta madre.",0
El creador del video no es más que una mierda y eres un peligro social.,1
"Muchas gracias por compartir el enlace con la documentación de la API. Qué dolor de cabeza, puta madre.",0
Esa mujer es una completa cabrón y ojalá te pase algo malo.,1
"Este tipo debería desaparecer, arruina la comunidad y nadie lo quiere aquí.",1
Esa mujer resultó ser una parásito y deberían banearlo ya.,1
El creador del video se comporta como una parásito y deberían banearlo ya.,1
"El proyecto final de ingeniería quedó agendada para el próximo lunes. Qué dolor de cabeza, puta madre.",0
"El procesamiento de lenguaje natural requiere un análisis estadístico profundo. Qué dolor de cabeza, puta madre.",0
"El candidato debería desaparecer, arruina la comunidad y nadie lo quiere aquí.",1
"Qué pendejada acabo de hacer con el café, lo derramé sobre el teclado. Qué dolor de cabeza, puta madre.",0
"El proyecto final de ingeniería quedó agendada para el próximo lunes. Qué dolor de cabeza, puta madre.",0
"Ya valió madre, se cayó el sistema de la escuela otra vez.",0
¿Alguien sabe a qué hora abre la biblioteca central de la facultad?,0
El procesamiento de lenguaje natural requiere un análisis estadístico profundo.,0
Esa mujer demuestra ser una cabrón y eres un peligro social.,1
Muchas gracias por compartir el enlace con la documentación de la API.,0
"No mames, está cabrón el tráfico de hoy en la avenida principal.",0
ESE HATER RESULTÓ SER UNA MIERDA Y HAY QUE LINCHARLO ENTRE TODOS.,1
El árbitro es una completa miserable y hay que lincharlo entre todos.,1
"Qué pendejo estoy, olvidé el archivo en la otra computadora.",0
Ese hater demuestra ser una plaga y eres un peligro social.,1
Ese usuario resultó ser una imbécil y hay que lincharlo entre todos.,1
"Está cabrón terminar este proyecto final para el lunes. Qué dolor de cabeza, puta madre.",0
¿Alguien sabe a qué hora abre la biblioteca central de la facultad?,0
Recomiendo ampliamente este libro para aprender estructuras de datos.,0
Esa mujer resultó ser una plaga y da asco que exista.,1
Esa mujer resultó ser una parásito y hay que lincharlo entre todos.,1
Ese hater demuestra ser una plaga y deberían banearlo ya.,1
El streamer resultó ser una rata y lárgate de esta plataforma.,1
Ese hater demuestra ser una incompetente y hay que lincharlo entre todos.,1
El creador del video demuestra ser una miserable y hay que lincharlo entre todos.,1
"El proyecto final de ingeniería quedó agendada para el próximo lunes. Qué dolor de cabeza, puta madre.",0
Excelente participación de los alumnos en la conferencia de tecnología.,0
"Qué pendejo estoy, olvidé el archivo en la otra computadora.",0
"¿Alguien sabe a qué hora abre la biblioteca central de la facultad? Qué dolor de cabeza, puta madre.",0
"El examen de la facultad estuvo de la chingada, pero alcancé a pasar. Qué dolor de cabeza, puta madre.",0
La diputada resultó ser una lacra y ojalá te pase algo malo.,1
ESE USUARIO SE COMPORTA COMO UNA MIERDA Y HAY QUE LINCHARLO ENTRE TODOS.,1
Está cabrón terminar este proyecto final para el lunes.,0
ESA MUJER RESULTÓ SER UNA MISERABLE Y LÁRGATE DE ESTA PLATAFORMA.,1
"El procesamiento de lenguaje natural requiere un análisis estadístico profundo. Qué dolor de cabeza, puta madre.",0
"El candidato debería desaparecer, arruina la comunidad y nadie lo quiere aquí.",1
El streamer es una completa parásito y eres un peligro social.,1
"No mames, está cabrón el tráfico de hoy en la avenida principal.",0
El árbitro no es más que una ignorante y ojalá te pase algo malo.,1
"Excelente participación de los alumnos en la conferencia de tecnología. Qué dolor de cabeza, puta madre.",0
Este tipo se comporta como una idiota y deberían banearlo ya.,1
Ese hater no es más que una basura y ojalá te pase algo malo.,1
EL CANDIDATO ES UNA COMPLETA PARÁSITO Y HAY QUE LINCHARLO ENTRE TODOS.,1
Este tipo es una completa parásito y hay que lincharlo entre todos.,1
El streamer no es más que una cabrón y deberían banearlo ya.,1
"Ya valió madre, se cayó el sistema de la escuela otra vez.",0
"Este tipo debería desaparecer, arruina la comunidad y nadie lo quiere aquí.",1
El candidato resultó ser una mierda y deberían banearlo ya.,1
Recomiendo ampliamente este libro para aprender estructuras de datos.,0
"Qué pendejada acabo de hacer con el café, lo derramé sobre el teclado. Qué dolor de cabeza, puta madre.",0
"Ese usuario debería desaparecer, arruina la comunidad y nadie lo quiere aquí.",1
LA DIPUTADA ES UNA COMPLETA PARÁSITO Y HAY QUE LINCHARLO ENTRE TODOS.,1
"Muchas gracias por compartir el enlace con la documentación de la API. Qué dolor de cabeza, puta madre.",0
"¿Alguien sabe a qué hora abre la biblioteca central de la facultad? Qué dolor de cabeza, puta madre.",0
Este tipo se comporta como una parásito y lárgate de esta plataforma.,1
El streamer no es más que una imbécil y lárgate de esta plataforma.,1
El proyecto final de ingeniería quedó agendada para el próximo lunes.,0
ESTE TIPO NO ES MÁS QUE UNA ESCORIA Y OJALÁ TE PASE ALGO MALO.,1
"Ya valió madre, se cayó el sistema de la escuela otra vez.",0
Esa mujer no es más que una parásito y lárgate de esta plataforma.,1
EL STREAMER SE COMPORTA COMO UNA PENDEJO Y DEBERÍAN BANEARLO YA.,1
"Está cabrón terminar este proyecto final para el lunes. Qué dolor de cabeza, puta madre.",0
Esa mujer es una completa cabrón y deberían banearlo ya.,1
El árbitro es una completa parásito y eres un peligro social.,1
Ese usuario demuestra ser una escoria y hay que lincharlo entre todos.,1
"Qué pendejo estoy, olvidé el archivo en la otra computadora.",0
El árbitro se comporta como una lacra y eres un peligro social.,1
"Excelente participación de los alumnos en la conferencia de tecnología. Qué dolor de cabeza, puta madre.",0
El árbitro resultó ser una rata y eres un peligro social.,1
El streamer resultó ser una incompetente y lárgate de esta plataforma.,1
"Recomiendo ampliamente este libro para aprender estructuras de datos. Qué dolor de cabeza, puta madre.",0
El streamer se comporta como una inepto y eres un peligro social.,1
Muchas gracias por compartir el enlace con la documentación de la API.,0
"El examen de la facultad estuvo de la chingada, pero alcancé a pasar. Qué dolor de cabeza, puta madre.",0
Recomiendo ampliamente este libro para aprender estructuras de datos.,0
"Ya valió madre, se cayó el sistema de la escuela otra vez.",0
"Qué pendejo estoy, olvidé el archivo en la otra computadora. Qué dolor de cabeza, puta madre.",0
EL STREAMER RESULTÓ SER UNA PENDEJA Y DEBERÍAN BANEARLO YA.,1
"El examen de la facultad estuvo de la chingada, pero alcancé a pasar. Qué dolor de cabeza, puta madre.",0
"Muchas gracias por compartir el enlace con la documentación de la API. Qué dolor de cabeza, puta madre.",0
"Qué pendejo estoy, olvidé el archivo en la otra computadora. Qué dolor de cabeza, puta madre.",0
"Ya valió madre, se cayó el sistema de la escuela otra vez. Qué dolor de cabeza, puta madre.",0
El creador del video no es más que una escoria y eres un peligro social.,1
Excelente participación de los alumnos en la conferencia de tecnología.,0
"No mames, está cabrón el tráfico de hoy en la avenida principal.",0
Esa mujer se comporta como una idiota y hay que lincharlo entre todos.,1
Ese hater es una completa parásito y eres un peligro social.,1
EL CANDIDATO SE COMPORTA COMO UNA PLAGA Y DA ASCO QUE EXISTA.,1
El streamer resultó ser una lacra y eres un peligro social.,1
"El examen de la facultad estuvo de la chingada, pero alcancé a pasar.",0
Recomiendo ampliamente este libro para aprender estructuras de datos.,0
El árbitro resultó ser una pendeja y da asco que exista.,1
La diputada se comporta como una pendeja y ojalá te pase algo malo.,1
El proyecto final de ingeniería quedó agendada para el próximo lunes.,0
Ese hater no es más que una mierda y eres un peligro social.,1
Esa mujer demuestra ser una mierda y ojalá te pase algo malo.,1
"Qué pendejada acabo de hacer con el café, lo derramé sobre el teclado. Qué dolor de cabeza, puta madre.",0
¿Alguien sabe a qué hora abre la biblioteca central de la facultad?,0
"Qué pendejo estoy, olvidé el archivo en la otra computadora.",0
"Qué pendejo estoy, olvidé el archivo en la otra computadora. Qué dolor de cabeza, puta madre.",0
Está cabrón terminar este proyecto final para el lunes.,0
El streamer no es más que una parásito y lárgate de esta plataforma.,1
Este tipo se comporta como una rata y da asco que exista.,1
El candidato no es más que una inepto y lárgate de esta plataforma.,1
¿Alguien sabe a qué hora abre la biblioteca central de la facultad?,0
¿Alguien sabe a qué hora abre la biblioteca central de la facultad?,0
Ese hater demuestra ser una escoria y ojalá te pase algo malo.,1
El creador del video es una completa mierda y da asco que exista.,1
"No mames, está cabrón el tráfico de hoy en la avenida principal.",0
El árbitro es una completa rata y lárgate de esta plataforma.,1
"Qué pendejada acabo de hacer con el café, lo derramé sobre el teclado.",0
El candidato demuestra ser una incompetente y da asco que exista.,1
"Qué pendejada acabo de hacer con el café, lo derramé sobre el teclado. Qué dolor de cabeza, puta madre.",0
Esa mujer demuestra ser una mierda y deberían banearlo ya.,1
"No mames, está cabrón el tráfico de hoy en la avenida principal.",0
Este tipo se comporta como una rata y deberían banearlo ya.,1
EL CANDIDATO RESULTÓ SER UNA IDIOTA Y OJALÁ TE PASE ALGO MALO.,1
Este tipo es una completa lacra y deberían banearlo ya.,1
El candidato demuestra ser una imbécil y ojalá te pase algo malo.,1
EL CREADOR DEL VIDEO DEMUESTRA SER UNA ESCORIA Y DA ASCO QUE EXISTA.,1
El streamer demuestra ser una lacra y da asco que exista.,1
"Ya valió madre, se cayó el sistema de la escuela otra vez.",0
La diputada se comporta como una incompetente y eres un peligro social.,1
"Ya valió madre, se cayó el sistema de la escuela otra vez. Qué dolor de cabeza, puta madre.",0
Está cabrón terminar este proyecto final para el lunes.,0
EL CANDIDATO DEMUESTRA SER UNA PLAGA Y DEBERÍAN BANEARLO YA.,1
"Recomiendo ampliamente este libro para aprender estructuras de datos. Qué dolor de cabeza, puta madre.",0
ESE USUARIO NO ES MÁS QUE UNA RATA Y ERES UN PELIGRO SOCIAL.,1
El candidato se comporta como una mierda y eres un peligro social.,1
"Está cabrón terminar este proyecto final para el lunes. Qué dolor de cabeza, puta madre.",0
"Qué pendejada acabo de hacer con el café, lo derramé sobre el teclado.",0
Está cabrón terminar este proyecto final para el lunes.,0
"El examen de la facultad estuvo de la chingada, pero alcancé a pasar. Qué dolor de cabeza, puta madre.",0
"Ese hater debería desaparecer, arruina la comunidad y nadie lo quiere aquí.",1
EL STREAMER DEMUESTRA SER UNA MIERDA Y OJALÁ TE PASE ALGO MALO.,1
La diputada resultó ser una inepto y lárgate de esta plataforma.,1
"Muchas gracias por compartir el enlace con la documentación de la API. Qué dolor de cabeza, puta madre.",0
"El árbitro debería desaparecer, arruina la comunidad y nadie lo quiere aquí.",1
"Ya valió madre, se cayó el sistema de la escuela otra vez. Qué dolor de cabeza, puta madre.",0
"Ya valió madre, se cayó el sistema de la escuela otra vez. Qué dolor de cabeza, puta madre.",0
"El examen de la facultad estuvo de la chingada, pero alcancé a pasar. Qué dolor de cabeza, puta madre.",0
El árbitro no es más que una escoria y hay que lincharlo entre todos.,1
El streamer resultó ser una incompetente y deberían banearlo ya.,1
La diputada se comporta como una escoria y lárgate de esta plataforma.,1
EL CANDIDATO NO ES MÁS QUE UNA RATA Y HAY QUE LINCHARLO ENTRE TODOS.,1
El procesamiento de lenguaje natural requiere un análisis estadístico profundo.,0
"Qué pendejada acabo de hacer con el café, lo derramé sobre el teclado. Qué dolor de cabeza, puta madre.",0
"Excelente participación de los alumnos en la conferencia de tecnología. Qué dolor de cabeza, puta madre.",0
La diputada es una completa inepto y deberían banearlo ya.,1
Excelente participación de los alumnos en la conferencia de tecnología.,0
Ese hater demuestra ser una incompetente y eres un peligro social.,1
El candidato demuestra ser una ignorante y eres un peligro social.,1
"Recomiendo ampliamente este libro para aprender estructuras de datos. Qué dolor de cabeza, puta madre.",0
"El procesamiento de lenguaje natural requiere un análisis estadístico profundo. Qué dolor de cabeza, puta madre.",0
El proyecto final de ingeniería quedó agendada para el próximo lunes.,0
La diputada es una completa inepto y lárgate de esta plataforma.,1
El streamer no es más que una inepto y deberían banearlo ya.,1
Está cabrón terminar este proyecto final para el lunes.,0
El árbitro resultó ser una imbécil y lárgate de esta plataforma.,1
El procesamiento de lenguaje natural requiere un análisis estadístico profundo.,0
Este tipo resultó ser una plaga y hay que lincharlo entre todos.,1
"El árbitro debería desaparecer, arruina la comunidad y nadie lo quiere aquí.",1
Ese usuario no es más que una escoria y ojalá te pase algo malo.,1
"Qué pendejada acabo de hacer con el café, lo derramé sobre el teclado. Qué dolor de cabeza, puta madre.",0
La diputada es una completa basura y ojalá te pase algo malo.,1
La diputada demuestra ser una cabrón y eres un peligro social.,1
La diputada se comporta como una incompetente y da asco que exista.,1
"El examen de la facultad estuvo de la chingada, pero alcancé a pasar. Qué dolor de cabeza, puta madre.",0
"Ya valió madre, se cayó el sistema de la escuela otra vez.",0
El creador del video resultó ser una cabrón y da asco que exista.,1
"¿Alguien sabe a qué hora abre la biblioteca central de la facultad? Qué dolor de cabeza, puta madre.",0
¿Alguien sabe a qué hora abre la biblioteca central de la facultad?,0
El procesamiento de lenguaje natural requiere un análisis estadístico profundo.,0
Ese hater no es más que una rata y ojalá te pase algo malo.,1
La diputada resultó ser una imbécil y eres un peligro social.,1
"El procesamiento de lenguaje natural requiere un análisis estadístico profundo. Qué dolor de cabeza, puta madre.",0
Ese usuario no es más que una ignorante y hay que lincharlo entre todos.,1
"¿Alguien sabe a qué hora abre la biblioteca central de la facultad? Qué dolor de cabeza, puta madre.",0
Ese usuario no es más que una inepto y eres un peligro social.,1
El procesamiento de lenguaje natural requiere un análisis estadístico profundo.,0
"Qué pendejo estoy, olvidé el archivo en la otra computadora.",0
"Qué pendejada acabo de hacer con el café, lo derramé sobre el teclado.",0
"Ya valió madre, se cayó el sistema de la escuela otra vez. Qué dolor de cabeza, puta madre.",0
El streamer se comporta como una escoria y lárgate de esta plataforma.,1
"Qué pendejada acabo de hacer con el café, lo derramé sobre el teclado. Qué dolor de cabeza, puta madre.",0
EL STREAMER DEMUESTRA SER UNA PENDEJO Y DEBERÍAN BANEARLO YA.,1
"Muchas gracias por compartir el enlace con la documentación de la API. Qué dolor de cabeza, puta madre.",0
El streamer resultó ser una lacra y eres un peligro social.,1
"Ya valió madre, se cayó el sistema de la escuela otra vez.",0
Esa mujer demuestra ser una basura y eres un peligro social.,1
Ese hater no es más que una inepto y deberían banearlo ya.,1
"Ya valió madre, se cayó el sistema de la escuela otra vez.",0
EL STREAMER ES UNA COMPLETA PARÁSITO Y ERES UN PELIGRO SOCIAL.,1
"Qué pendejo estoy, olvidé el archivo en la otra computadora.",0
EL ÁRBITRO ES UNA COMPLETA MISERABLE Y HAY QUE LINCHARLO ENTRE TODOS.,1
El moderador es una completa imbécil y eres un peligro social.,1
Este tipo es una completa lacra y ojalá te pase algo malo.,1
Ese usuario no es más que una imbécil y da asco que exista.,1
"No mames, está cabrón el tráfico de hoy en la avenida principal.",0
ESA MUJER ES UNA COMPLETA INCOMPETENTE Y DA ASCO QUE EXISTA.,1
"Qué pendejada acabo de hacer con el café, lo derramé sobre el teclado. Qué dolor de cabeza, puta madre.",0
"El moderador debería desaparecer, arruina la comunidad y nadie lo quiere aquí.",1
El moderador es una completa idiota y eres un peligro social.,1
El moderador no es más que una parásito y hay que lincharlo entre todos.,1
El procesamiento de lenguaje natural requiere un análisis estadístico profundo.,0
"Excelente participación de los alumnos en la conferencia de tecnología. Qué dolor de cabeza, puta madre.",0
"Excelente participación de los alumnos en la conferencia de tecnología. Qué dolor de cabeza, puta madre.",0
Este tipo es una completa mierda y ojalá te pase algo malo.,1
Muchas gracias por compartir el enlace con la documentación de la API.,0
Esa mujer demuestra ser una incompetente y eres un peligro social.,1
El candidato se comporta como una escoria y da asco que exista.,1
"El proyecto final de ingeniería quedó agendada para el próximo lunes. Qué dolor de cabeza, puta madre.",0
El creador del video resultó ser una inepto y ojalá te pase algo malo.,1
"Muchas gracias por compartir el enlace con la documentación de la API. Qué dolor de cabeza, puta madre.",0
Está cabrón terminar este proyecto final para el lunes.,0
Ese hater demuestra ser una parásito y deberían banearlo ya.,1
"El streamer debería desaparecer, arruina la comunidad y nadie lo quiere aquí.",1
"No mames, está cabrón el tráfico de hoy en la avenida principal.",0
"Qué pendejo estoy, olvidé el archivo en la otra computadora.",0
Está cabrón terminar este proyecto final para el lunes.,0
"Esa mujer debería desaparecer, arruina la comunidad y nadie lo quiere aquí.",1
La diputada es una completa pendeja y ojalá te pase algo malo.,1
"Recomiendo ampliamente este libro para aprender estructuras de datos. Qué dolor de cabeza, puta madre.",0
EL ÁRBITRO ES UNA COMPLETA RATA Y DA ASCO QUE EXISTA.,1
La diputada resultó ser una cabrón y ojalá te pase algo malo.,1
ESE HATER ES UNA COMPLETA PENDEJO Y ERES UN PELIGRO SOCIAL.,1
Ese usuario no es más que una imbécil y eres un peligro social.,1
EL MODERADOR SE COMPORTA COMO UNA INEPTO Y ERES UN PELIGRO SOCIAL.,1
El proyecto final de ingeniería quedó agendada para el próximo lunes.,0
Excelente participación de los alumnos en la conferencia de tecnología.,0
El árbitro se comporta como una pendejo y hay que lincharlo entre todos.,1
EL ÁRBITRO SE COMPORTA COMO UNA PLAGA Y DEBERÍAN BANEARLO YA.,1
Ese usuario resultó ser una plaga y deberían banearlo ya.,1
La diputada demuestra ser una miserable y ojalá te pase algo malo.,1
"Ese hater debería desaparecer, arruina la comunidad y nadie lo quiere aquí.",1
La diputada resultó ser una incompetente y eres un peligro social.,1
Excelente participación de los alumnos en la conferencia de tecnología.,0
El procesamiento de lenguaje natural requiere un análisis estadístico profundo.,0
Está cabrón terminar este proyecto final para el lunes.,0
LA DIPUTADA RESULTÓ SER UNA MIERDA Y ERES UN PELIGRO SOCIAL.,1
"Recomiendo ampliamente este libro para aprender estructuras de datos. Qué dolor de cabeza, puta madre.",0
"Qué pendejo estoy, olvidé el archivo en la otra computadora. Qué dolor de cabeza, puta madre.",0
La diputada no es más que una miserable y eres un peligro social.,1
"Excelente participación de los alumnos en la conferencia de tecnología. Qué dolor de cabeza, puta madre.",0
El proyecto final de ingeniería quedó agendada para el próximo lunes.,0
El proyecto final de ingeniería quedó agendada para el próximo lunes.,0
El candidato no es más que una lacra y da asco que exista.,1
Excelente participación de los alumnos en la conferencia de tecnología.,0
"Qué pendejo estoy, olvidé el archivo en la otra computadora.",0
El moderador resultó ser una pendeja y lárgate de esta plataforma.,1
Esa mujer se comporta como una inepto y eres un peligro social.,1
"Qué pendejo estoy, olvidé el archivo en la otra computadora.",0
"El proyecto final de ingeniería quedó agendada para el próximo lunes. Qué dolor de cabeza, puta madre.",0
Ese usuario es una completa rata y ojalá te pase algo malo.,1
El moderador demuestra ser una plaga y lárgate de esta plataforma.,1
"¿Alguien sabe a qué hora abre la biblioteca central de la facultad? Qué dolor de cabeza, puta madre.",0
"Muchas gracias por compartir el enlace con la documentación de la API. Qué dolor de cabeza, puta madre.",0
Muchas gracias por compartir el enlace con la documentación de la API.,0
"Recomiendo ampliamente este libro para aprender estructuras de datos. Qué dolor de cabeza, puta madre.",0
El candidato no es más que una pendeja y deberían banearlo ya.,1
El creador del video se comporta como una lacra y lárgate de esta plataforma.,1
"Qué pendejo estoy, olvidé el archivo en la otra computadora. Qué dolor de cabeza, puta madre.",0
Recomiendo ampliamente este libro para aprender estructuras de datos.,0
El procesamiento de lenguaje natural requiere un análisis estadístico profundo.,0
"El árbitro debería desaparecer, arruina la comunidad y nadie lo quiere aquí.",1
Ese usuario resultó ser una miserable y da asco que exista.,1
Esa mujer se comporta como una incompetente y hay que lincharlo entre todos.,1
EL CREADOR DEL VIDEO SE COMPORTA COMO UNA INCOMPETENTE Y OJALÁ TE PASE ALGO MALO.,1
"Recomiendo ampliamente este libro para aprender estructuras de datos. Qué dolor de cabeza, puta madre.",0
"Muchas gracias por compartir el enlace con la documentación de la API. Qué dolor de cabeza, puta madre.",0
"Ya valió madre, se cayó el sistema de la escuela otra vez. Qué dolor de cabeza, puta madre.",0
El moderador no es más que una imbécil y lárgate de esta plataforma.,1
"Ya valió madre, se cayó el sistema de la escuela otra vez.",0
La diputada resultó ser una pendejo y da asco que exista.,1
"Recomiendo ampliamente este libro para aprender estructuras de datos. Qué dolor de cabeza, puta madre.",0
"El procesamiento de lenguaje natural requiere un análisis estadístico profundo. Qué dolor de cabeza, puta madre.",0
Esa mujer se comporta como una escoria y lárgate de esta plataforma.,1
El candidato no es más que una pendeja y hay que lincharlo entre todos.,1
"Ya valió madre, se cayó el sistema de la escuela otra vez.",0
El candidato se comporta como una cabrón y ojalá te pase algo malo.,1
"Ya valió madre, se cayó el sistema de la escuela otra vez.",0
"Muchas gracias por compartir el enlace con la documentación de la API. Qué dolor de cabeza, puta madre.",0
ESTE TIPO SE COMPORTA COMO UNA MIERDA Y ERES UN PELIGRO SOCIAL.,1
El moderador resultó ser una imbécil y deberían banearlo ya.,1
El streamer no es más que una pendejo y ojalá te pase algo malo.,1
El árbitro resultó ser una inepto y deberían banearlo ya.,1
"¿Alguien sabe a qué hora abre la biblioteca central de la facultad? Qué dolor de cabeza, puta madre.",0
Muchas gracias por compartir el enlace con la documentación de la API.,0
"Ya valió madre, se cayó el sistema de la escuela otra vez. Qué dolor de cabeza, puta madre.",0
LA DIPUTADA NO ES MÁS QUE UNA IDIOTA Y DEBERÍAN BANEARLO YA.,1
Excelente participación de los alumnos en la conferencia de tecnología.,0
El streamer no es más que una plaga y da asco que exista.,1
Este tipo es una completa lacra y deberían banearlo ya.,1
"Está cabrón terminar este proyecto final para el lunes. Qué dolor de cabeza, puta madre.",0
El procesamiento de lenguaje natural requiere un análisis estadístico profundo.,0
EL CANDIDATO DEMUESTRA SER UNA PENDEJO Y DEBERÍAN BANEARLO YA.,1
Muchas gracias por compartir el enlace con la documentación de la API.,0
"Ya valió madre, se cayó el sistema de la escuela otra vez. Qué dolor de cabeza, puta madre.",0
"Está cabrón terminar este proyecto final para el lunes. Qué dolor de cabeza, puta madre.",0
ESTE TIPO NO ES MÁS QUE UNA PARÁSITO Y LÁRGATE DE ESTA PLATAFORMA.,1
Está cabrón terminar este proyecto final para el lunes.,0
"Qué pendejo estoy, olvidé el archivo en la otra computadora.",0
El árbitro es una completa lacra y lárgate de esta plataforma.,1
"Qué pendejada acabo de hacer con el café, lo derramé sobre el teclado.",0
Ese hater es una completa cabrón y eres un peligro social.,1
"No mames, está cabrón el tráfico de hoy en la avenida principal.",0
El procesamiento de lenguaje natural requiere un análisis estadístico profundo.,0
El árbitro resultó ser una mierda y eres un peligro social.,1
"Qué pendejada acabo de hacer con el café, lo derramé sobre el teclado. Qué dolor de cabeza, puta madre.",0
Está cabrón terminar este proyecto final para el lunes.,0
El moderador no es más que una pendeja y hay que lincharlo entre todos.,1
El moderador resultó ser una rata y deberían banearlo ya.,1
"El árbitro debería desaparecer, arruina la comunidad y nadie lo quiere aquí.",1
"El proyecto final de ingeniería quedó agendada para el próximo lunes. Qué dolor de cabeza, puta madre.",0
El árbitro resultó ser una idiota y lárgate de esta plataforma.,1
"ESTE TIPO DEBERÍA DESAPARECER, ARRUINA LA COMUNIDAD Y NADIE LO QUIERE AQUÍ.",1
"El proyecto final de ingeniería quedó agendada para el próximo lunes. Qué dolor de cabeza, puta madre.",0
Ese hater demuestra ser una incompetente y lárgate de esta plataforma.,1
El streamer demuestra ser una miserable y da asco que exista.,1
El creador del video es una completa basura y lárgate de esta plataforma.,1
La diputada no es más que una pendeja y ojalá te pase algo malo.,1
"El proyecto final de ingeniería quedó agendada para el próximo lunes. Qué dolor de cabeza, puta madre.",0
La diputada no es más que una escoria y hay que lincharlo entre todos.,1
ESTE TIPO DEMUESTRA SER UNA INEPTO Y DA ASCO QUE EXISTA.,1
Ese usuario es una completa ignorante y hay que lincharlo entre todos.,1
"¿Alguien sabe a qué hora abre la biblioteca central de la facultad? Qué dolor de cabeza, puta madre.",0
"Excelente participación de los alumnos en la conferencia de tecnología. Qué dolor de cabeza, puta madre.",0
"Qué pendejada acabo de hacer con el café, lo derramé sobre el teclado.",0
"Qué pendejo estoy, olvidé el archivo en la otra computadora.",0
EL MODERADOR RESULTÓ SER UNA PLAGA Y ERES UN PELIGRO SOCIAL.,1
ESA MUJER NO ES MÁS QUE UNA IMBÉCIL Y HAY QUE LINCHARLO ENTRE TODOS.,1
"El examen de la facultad estuvo de la chingada, pero alcancé a pasar. Qué dolor de cabeza, puta madre.",0
Esa mujer no es más que una inepto y hay que lincharlo entre todos.,1
"Qué pendejo estoy, olvidé el archivo en la otra computadora.",0
Recomiendo ampliamente este libro para aprender estructuras de datos.,0
"El examen de la facultad estuvo de la chingada, pero alcancé a pasar.",0
"Qué pendejada acabo de hacer con el café, lo derramé sobre el teclado.",0
"Ya valió madre, se cayó el sistema de la escuela otra vez. Qué dolor de cabeza, puta madre.",0
"¿Alguien sabe a qué hora abre la biblioteca central de la facultad? Qué dolor de cabeza, puta madre.",0
El creador del video se comporta como una parásito y hay que lincharlo entre todos.,1
Está cabrón terminar este proyecto final para el lunes.,0
"Qué pendejada acabo de hacer con el café, lo derramé sobre el teclado.",0
"Qué pendejo estoy, olvidé el archivo en la otra computadora. Qué dolor de cabeza, puta madre.",0
Este tipo es una completa mierda y eres un peligro social.,1
"Muchas gracias por compartir el enlace con la documentación de la API. Qué dolor de cabeza, puta madre.",0
LA DIPUTADA DEMUESTRA SER UNA MIERDA Y OJALÁ TE PASE ALGO MALO.,1
EL MODERADOR NO ES MÁS QUE UNA PENDEJA Y LÁRGATE DE ESTA PLATAFORMA.,1
El streamer resultó ser una incompetente y da asco que exista.,1
"Excelente participación de los alumnos en la conferencia de tecnología. Qué dolor de cabeza, puta madre.",0
¿Alguien sabe a qué hora abre la biblioteca central de la facultad?,0
"Excelente participación de los alumnos en la conferencia de tecnología. Qué dolor de cabeza, puta madre.",0
Ese usuario es una completa basura y lárgate de esta plataforma.,1
Está cabrón terminar este proyecto final para el lunes.,0
"El examen de la facultad estuvo de la chingada, pero alcancé a pasar.",0
Ese usuario es una completa pendeja y deberían banearlo ya.,1
Esa mujer resultó ser una ignorante y eres un peligro social.,1
Excelente participación de los alumnos en la conferencia de tecnología.,0
El candidato es una completa ignorante y da asco que exista.,1
Ese hater se comporta como una imbécil y hay que lincharlo entre todos.,1
"Qué pendejo estoy, olvidé el archivo en la otra computadora.",0
Ese hater es una completa rata y deberían banearlo ya.,1
"¿Alguien sabe a qué hora abre la biblioteca central de la facultad? Qué dolor de cabeza, puta madre.",0
"El moderador debería desaparecer, arruina la comunidad y nadie lo quiere aquí.",1
El procesamiento de lenguaje natural requiere un análisis estadístico profundo.,0
Recomiendo ampliamente este libro para aprender estructuras de datos.,0
"Ya valió madre, se cayó el sistema de la escuela otra vez.",0
Ese hater resultó ser una pendeja y ojalá te pase algo malo.,1
Muchas gracias por compartir el enlace con la documentación de la API.,0
Muchas gracias por compartir el enlace con la documentación de la API.,0
"Qué pendejada acabo de hacer con el café, lo derramé sobre el teclado. Qué dolor de cabeza, puta madre.",0
EL CANDIDATO DEMUESTRA SER UNA PENDEJO Y ERES UN PELIGRO SOCIAL.,1
¿Alguien sabe a qué hora abre la biblioteca central de la facultad?,0
Muchas gracias por compartir el enlace con la documentación de la API.,0
"El examen de la facultad estuvo de la chingada, pero alcancé a pasar.",0
Está cabrón terminar este proyecto final para el lunes.,0
"Muchas gracias por compartir el enlace con la documentación de la API. Qué dolor de cabeza, puta madre.",0
"Qué pendejada acabo de hacer con el café, lo derramé sobre el teclado.",0
"Está cabrón terminar este proyecto final para el lunes. Qué dolor de cabeza, puta madre.",0
El proyecto final de ingeniería quedó agendada para el próximo lunes.,0
Este tipo es una completa lacra y da asco que exista.,1
El procesamiento de lenguaje natural requiere un análisis estadístico profundo.,0
"Ya valió madre, se cayó el sistema de la escuela otra vez. Qué dolor de cabeza, puta madre.",0
Ese hater se comporta como una pendejo y hay que lincharlo entre todos.,1
ESE USUARIO ES UNA COMPLETA PARÁSITO Y ERES UN PELIGRO SOCIAL.,1
"Qué pendejada acabo de hacer con el café, lo derramé sobre el teclado. Qué dolor de cabeza, puta madre.",0
El streamer no es más que una ignorante y eres un peligro social.,1
EL CREADOR DEL VIDEO RESULTÓ SER UNA MISERABLE Y LÁRGATE DE ESTA PLATAFORMA.,1
"No mames, está cabrón el tráfico de hoy en la avenida principal.",0
"El candidato debería desaparecer, arruina la comunidad y nadie lo quiere aquí.",1
El creador del video no es más que una mierda y lárgate de esta plataforma.,1
Este tipo demuestra ser una rata y deberían banearlo ya.,1
El candidato no es más que una lacra y lárgate de esta plataforma.,1
ESA MUJER RESULTÓ SER UNA PENDEJA Y ERES UN PELIGRO SOCIAL.,1
"No mames, está cabrón el tráfico de hoy en la avenida principal.",0
Está cabrón terminar este proyecto final para el lunes.,0
El streamer es una completa basura y eres un peligro social.,1
Ese hater no es más que una parásito y ojalá te pase algo malo.,1
¿Alguien sabe a qué hora abre la biblioteca central de la facultad?,0
Este tipo no es más que una cabrón y deberían banearlo ya.,1
"Qué pendejo estoy, olvidé el archivo en la otra computadora. Qué dolor de cabeza, puta madre.",0
"El examen de la facultad estuvo de la chingada, pero alcancé a pasar.",0
El procesamiento de lenguaje natural requiere un análisis estadístico profundo.,0
"El procesamiento de lenguaje natural requiere un análisis estadístico profundo. Qué dolor de cabeza, puta madre.",0
Esa mujer es una completa incompetente y lárgate de esta plataforma.,1
El candidato es una completa incompetente y lárgate de esta plataforma.,1
"ESA MUJER DEBERÍA DESAPARECER, ARRUINA LA COMUNIDAD Y NADIE LO QUIERE AQUÍ.",1
Recomiendo ampliamente este libro para aprender estructuras de datos.,0
El árbitro se comporta como una idiota y deberían banearlo ya.,1
ESE HATER NO ES MÁS QUE UNA INCOMPETENTE Y HAY QUE LINCHARLO ENTRE TODOS.,1
El árbitro no es más que una plaga y ojalá te pase algo malo.,1
"Qué pendejo estoy, olvidé el archivo en la otra computadora.",0
"Ya valió madre, se cayó el sistema de la escuela otra vez. Qué dolor de cabeza, puta madre.",0
Esa mujer demuestra ser una idiota y ojalá te pase algo malo.,1
"EL CANDIDATO DEBERÍA DESAPARECER, ARRUINA LA COMUNIDAD Y NADIE LO QUIERE AQUÍ.",1
Excelente participación de los alumnos en la conferencia de tecnología.,0
El proyecto final de ingeniería quedó agendada para el próximo lunes.,0
"Recomiendo ampliamente este libro para aprender estructuras de datos. Qué dolor de cabeza, puta madre.",0
"Ya valió madre, se cayó el sistema de la escuela otra vez.",0
Ese usuario no es más que una mierda y hay que lincharlo entre todos.,1
El candidato se comporta como una escoria y hay que lincharlo entre todos.,1
El moderador no es más que una rata y lárgate de esta plataforma.,1
Está cabrón terminar este proyecto final para el lunes.,0
EL MODERADOR DEMUESTRA SER UNA MIERDA Y DEBERÍAN BANEARLO YA.,1
"Está cabrón terminar este proyecto final para el lunes. Qué dolor de cabeza, puta madre.",0
"Qué pendejo estoy, olvidé el archivo en la otra computadora. Qué dolor de cabeza, puta madre.",0
Este tipo demuestra ser una idiota y lárgate de esta plataforma.,1
EL CREADOR DEL VIDEO DEMUESTRA SER UNA PENDEJA Y ERES UN PELIGRO SOCIAL.,1
Ese usuario es una completa parásito y da asco que exista.,1
"¿Alguien sabe a qué hora abre la biblioteca central de la facultad? Qué dolor de cabeza, puta madre.",0
